Mot clé,Titres,Bigrams,Trigrams,TFIDF,importantfacts,important_numbers,Search Term,Body,Headings
plus beaux villages alsace,"
- Découvrez les plus beaux villages d’Alsace en 2025
- Les villages alsaciens à ne pas manquer en 2025
- Les incontournables villages d’Alsace en 2025",tgv inoui (12) train paris (12) sncf connect (8) maisons colombages (8) plus beaux (6) paris train (6) beaux villages (5) cartes abonnements (5) inoui vers (5) village préféré (4)petit village (9) plus beaux (8) beaux villages (8) billets paris (7) villages alsaciens (6) maisons colombages (5) top 15 (4) 15 plus (4) petit bourg (4) route vins (3)où partir (20) plus beaux (14) beaux villages (13) top villes (11) idées weekend (10) destination moment (9) moment découvrez (9) lonely planet (8) maisons colombages (6) villages dalsace (5)plus beaux (10) beaux villages (10) activités suggérées (9) bonjour alsace (7) route vins (6) petit village (6) i activités (6) villages france (5) maisons colombages (5) proposer activité (4)plus beaux (19) beaux villages (17) route vins (7) villages visiter (6) visiter alsace (6) entre vignes (6) villages dalsace (5) vins dalsace (4) classé parmi (4) parmi plus (4),tgv inoui vers (5) plus beaux villages (4) village préféré français (4) top 7 plus (3) 7 plus beaux (3) beaux villages dalsace (3) vitres verre bombé (3) sncf connect tech (3) paris train paris (3) compensation cas retard (2)plus beaux villages (8) top 15 plus (4) 15 plus beaux (4) beaux villages alsaciens (4) beaux villages france (3) élu village préféré (3) village préféré français (3) villages alsaciens visites (2) pendant séjour alsace (2) ça tombe bien (2)plus beaux villages (13) destination moment découvrez (9) beaux villages dalsace (5) beaux villages france (5) 15 plus beaux (4) minutes idées weekend (4) classé parmi plus (3) parmi plus beaux (3) partenariat 14102021 6 (3) 14102021 6 minutes (3)plus beaux villages (10) i activités suggérées (6) beaux villages france (5) beaux villages dalsace (3) alsace proposer activité (3) village préféré français (3) bonjour alsace proposer (2) bonjour alsace blog (2) villages plus connus (2) aussi pépites cachées (2)plus beaux villages (17) beaux villages visiter (6) villages visiter alsace (6) route vins dalsace (4) classé parmi plus (4) parmi plus beaux (4) beaux villages france (4) quels plus beaux (3) visiter alsace kaysersberg (3) alsace kaysersberg entre (3),train (0.49) paris (0.42) alsace (0.34) maisons (0.19) plus (0.19) sncf (0.19) village (0.19) tgv (0.18) inoui (0.16) france (0.15) offres (0.15) colombages (0.14) villages (0.14) connect (0.12) kaysersberg (0.12) ter (0.12) carte (0.11) colmar (0.11) obernai (0.11) ribeauvillé (0.11) réserver (0.11) voyage (0.11) beaux (0.09) billets (0.09) cartes (0.09) faire (0.09) informations (0.09) noël (0.09) services (0.09) tout (0.09)village (0.55) petit (0.29) ouigo (0.25) plus (0.25) villages (0.23) billets (0.20) paris (0.20) alsace (0.18) beaux (0.18) bien (0.16) maisons (0.14) petite (0.14) pourrez (0.14) situé (0.14) aussi (0.13) découvrir (0.13) entre (0.13) france (0.13) si (0.13) alsaciens (0.11) eguisheim (0.11) faire (0.11) pendant (0.11) bergheim (0.09) riquewihr (0.09) top (0.09) ville (0.09) visite (0.09) zellenberg (0.09) église (0.09)village (0.36) où (0.30) partir (0.29) alsace (0.28) plus (0.28) villages (0.26) top (0.21) beaux (0.19) 10 (0.17) également (0.17) destination (0.16) découvrez (0.16) end (0.16) sud (0.16) week (0.16) france (0.15) maisons (0.15) villes (0.15) idées (0.13) minutes (0.12) moment (0.12) voyage (0.12) 2025 (0.11) afrique (0.11) châteaux (0.11) lonely (0.11) planet (0.11) saint (0.11) asie (0.09) europe (0.09)alsace (0.70) village (0.44) plus (0.21) villages (0.20) activités (0.18) partir (0.13) pourrez (0.13) 00 (0.12) beaux (0.12) suggérées (0.11) aussi (0.09) bonjour (0.09) ribeauvillé (0.09) si (0.09) vins (0.09) france (0.08) obernai (0.08) petit (0.08) pied (0.08) alsaciens (0.07) château (0.07) cité (0.07) haut (0.07) maisons (0.07) où (0.07) rhin (0.07) route (0.07) saint (0.07) situé (0.07) trouve (0.07)alsace (0.40) village (0.40) plus (0.38) villages (0.31) beaux (0.27) vignobles (0.22) visiter (0.22) entre (0.18) vins (0.18) vin (0.16) kaysersberg (0.13) faire (0.12) ribeauvillé (0.12) riquewihr (0.11) route (0.11) alsacien (0.09) eguisheim (0.09) français (0.09) médiéval (0.09) winalist (0.09) cave (0.08) comme (0.08) maisons (0.08) obernai (0.08) région (0.08) tout (0.08) vignes (0.08) ville (0.08) visites (0.08) hunspach (0.07),"- **Carte interactive des villages** : Intégrez une carte interactive permettant aux visiteurs de localiser facilement chaque village et de planifier leurs itinéraires de visite.
- **Calendrier des événements locaux** : Ajoutez un calendrier des festivals, marchés de Noël et autres événements culturels spécifiques à chaque village pour attirer les touristes en fonction de leurs dates de voyage.
- **Itinéraires de randonnée et cyclisme** : Proposez des suggestions d'itinéraires de randonnée ou de cyclisme autour des villages, mettant en avant les paysages pittoresques et les points d'intérêt naturels.
- **Dégustations et visites de vignobles** : Incluez des informations sur les domaines viticoles locaux offrant des dégustations de vins et des visites guidées, soulignant l'importance de la viticulture dans la région.
- **Conseils pratiques pour les visiteurs** : Fournissez des conseils sur le meilleur moment pour visiter, les options de transport entre les villages, et des recommandations d'hébergement pour faciliter la planification des séjours.","- ""Eguisheim a même été élu Village Préféré des Français en 2013.""
- ""Kaysersberg (élu en 2017).""
- ""Bergheim, ... a également remporté le titre 2022 à l'émission de France 3 'Le village préféré des Français'.""
- ""à Eguisheim, à 2h30 de Paris en TGV.""
- ""Hunspach ... construit entre 1931 et 1935.""
- ""le fort de Schoenenbourg ... capable d'accueillir 600 hommes.""
- ""Neuf-Brisach, une commune de 2000 habitants.""",plus beaux villages alsace,"Top 7 des plus beaux villages d’Alsace - SNCF Connect Aller au contenu principal Voyager Voyager Voyager Fermer Tout pour voyager Réserver Réserver Billets de train Voyages en bus Trajets en covoiturage Location de voiture Hôtels Taxi/VTC Bons plans Bons plans Voyages en groupe Voyages pro Enfant voyageant seul Informations Informations Horaires en gare Info trafic Handicap et accessibilité Tous les transporteurs Tous les services Nos réponses à vos questions Guide de voyage Guide de voyage Où voyager en France, en Europe Voyager selon vos envies Billets Billets Billets Fermer Voir vos billets et titres Vos voyages Vos voyages Tous vos voyages Importer un voyage Compensation en cas de retard Faire une réclamation Modifier un voyage Assurance Allianz Vos cartes et abonnements Vos cartes et abonnements Importer une carte ou abonnement Acheter une carte ou abonnement Compléter votre voyage Compléter votre voyage Louer une voiture Réserver un hôtel Réserver un Taxi/VTC Transports urbains Restauration à bord TGV INOUI Restauration à bord INTERCITES Tous les services Offres Offres Offres Fermer Parcourir toutes les offres Cartes et abonnements SNCF Cartes et abonnements SNCF Carte Avantage Jeune Carte Avantage Adulte Carte Avantage Senior Carte Liberté Abonnement MAX ACTIF Abonnement MAX JEUNE Toutes les cartes et abonnements Offres régionales Offres régionales TER Auvergne-Rhône-Alpes TER Hauts de France LiO Train Occitanie TER Nouvelle-Aquitaine Titres Île-de-France Mobilités Consulter les offres régionales Offres urbaines Offres urbaines Avignon – Réseau Orizo Caen – Réseau Twisto Montbéliard – Réseau évolitY Perpignan – Réseau Sankéo Sophia Antipolis – Réseau Envibus Tours – Réseau Fil Bleu Consulter les offres urbaines Services Services Louer une voiture Réserver un hôtel Réserver un Taxi/VTC Assurer votre voyage Livraison de bagages Transport de véhicules Restauration à bord Domicile + Train Tous les services Compte Compte Compte Fermer Accéder à votre compte Vos espaces Vos espaces Se connecter Se créer un compte Espace MAX JEUNE Espace MAX SENIOR Communauté SNCF Connect Vos informations Vos informations Vos informations personnelles Cartes et programmes de fidélité Vos achats Vos moyens de paiement Compagnons de voyage Aide et légal Aide et légal Charte de confidentialité Conditions générales d'utilisation Compensation en cas de retard Aide en ligne Contacts Top 7 des plus beaux villages d’Alsace Accueil A voir, à faire Top 7 des plus beaux villages d’Alsace En Alsace, il y a Strasbourg et Colmar mais aussi de magnifiques villages. Réputés pour être les plus beaux de France, ils ont chacun leur spécialité… à découvrir depuis Colmar, à 2h30 de Paris en TGV. Réserver un billet de train Réserver un billet de train Rechercher Annuler 7 beaux villages à visiter en Alsace : Eguisheim et ses maisons à colombages Kaysersberg, village préféré des français Riquewihr et son crémant d’Alsace Ribeauvillé et son kougelhopf Obernai et sa choucroute Hunspach et ses vitres à verre bombé Bergheim, un joyau dans un écrin Eguisheim - © iStock Eguisheim et ses maisons à colombages Eguisheim , c’est l’ Alsace comme vous en avez rêvé (et même encore mieux !). Ici, tout est « mignonnerie ». Maisons à colombages, géraniums et cigognes, c’est un décor de carte postale « made in Alsace » qui vous attend. Niché au coeur du vignoble, à 15mn de Colmar, E guisheim fait partie des Plus Beaux Villages de France et a même été élu Village Préféré des Français en 2013. Ce qui le démarque des autres ? Sa cité médiévale qui s’entoure comme un escargot autour de magnifiques monuments. Les maisons à colombages Elles sont nombreuses à Eguisheim … Aussi belles les unes que les autres ! Votre visite commence devant le célèbre pigeonnier du village. Puis, dans les ruelles pavées, les maisons à colombages se succèdent… Vous serez très vite intrigués par les inscriptions qui se trouvent au-dessus de leur belle porte. Envie de les déchiffrer ? Date de construction, initiales, blason, profession du propriétaire, formules religieuses, moralisantes ou humoristiques, ce sont autant d ’informations qui vous sont données. À Eguisheim, vous verrez de nombreuses serpettes… car c’est un village de vignerons . >> Découvrez toutes nos idées à faire à Colmar Kaysersberg - © iStock Kaysersberg À 20mn d’Éguisheim, c’est un autre Village Préféré des Français qui vous attend, celui de Kaysersberg (élu en 2017). Une nouvelle fois, vous serez entouré(e) de magnifiques maisons à pans de bois aux couleurs vives, typiques de l'Alsace. Et au milieu de Kaysersberg coule une rivière… Du pont fortifié qui l’enjambe, vous ferez vos plus belles photos. Puis, il est temps de grimper (sans trop se fatiguer) jusqu’au château médiéval qui surplombe la ville. Tout là-haut, c’est toute la beauté de la vallée de Kaysersberg qui s’offre à vous. Marché de Noël de Kaysersberg Noël en Alsace, c’est quelque chose ! Une tradition ancestrale que les Alsaciens continuent de faire vivre avec brio. De fin novembre à fin décembre, c’est toute l’Alsace qui s’illumine. À Kaysersberg , le marché de Noël vous transporte dans un monde enchanteur, aux arômes de pain d’épices et aux effluves de vin chaud. Illuminations et décorations , tout le village se met sur son 31 ! Des artisans vous attendent dans leur chalet en bois pour vous faire découvrir leur savoir-faire et les saveurs de l’Alsace. Ne manquez pas de goûter les bredalas , les petits gâteaux de Noël alsaciens. Riquewihr - © iStock Riquewihr et son crémant d’Alsace Toujours sur la route des vins d’Alsace, à 15mn de Kaysersberg, Riquewihr vous attend pour, à son tour, vous dévoiler ses charmes. Au milieu des vignobles, ses remparts protègent de nombreux trésors : des maisons à colombages et des monuments d’exception qui datent pour la plupart du Moyen Âge . Commencez votre visite au niveau de la mairie, puis remontez la rue du général de Gaulle, jalonnée de petits bijoux architecturaux… Enfin, c’est la tour du Dolder qui s’élève devant vous. Elle abrite un musée qui vous plongera dans l’histoire passionnante de cette cité fortifiée . Le crémant d’Alsace « Mieux vaut un bon crémant qu’un mauvais champagne ». C’est ce que vous entendrez souvent en Alsace et plus particulièrement à Riquewihr . Et oui, c’est dans cet autre plus beau village de France qu’un vigneron, Julien Dopff , a été le premier à fabriquer le fameux crémant d’Alsace. Rencontrez ses descendants au domaine Dopff Au Moulin et dégustez leurs meilleurs crémants . S’gelt (santé en alsacien) ! Ribeauvillé - © iStock Ribeauvillé et son kougelhopf Niché au pied des Vosges, Ribeauvillé , à 10mn de Riquewihr, est une autre carte postale de l’Alsace ! En plus des vignes et des maisons à colombages, vous avez des châteaux… au nombre de trois ! Lors d’une randonnée , au départ du centre de Ribeauvillé, partez sur les traces des seigneurs qui les ont construits au XIVe siècle. Avant ou après, ne manquez pas de vous perdre dans les ruelles de la charmante cité de Ribeauvillé et de découvrir ses douceurs culinaires comme le kougelhopf. Le kougelhopf Connaissez-vous le kougelhopf , cette brioche à la forme si particulière dont les Alsaciens raffolent ? Selon la légende, cette spécialité sucrée ou salée aurait été inventée à Ribeauvillé par les Rois Mages ! Les historiens, eux, n’ont pas encore tranché mais pour les habitants de Ribeauvillé, cela ne fait aucun doute. Vous en trouverez dans toutes les bonnes boulangeries du village… Au petit-déjeuner , c’est juste parfait ! Obernai - © Istock - Jorisvo Obernai et sa choucroute Après avoir exploré les villages du département du Haut-Rhin, il est temps de se rendre dans le Bas-Rhin (situé juste au-dessus)… tout en restant sur la R oute des Vins d’Alsace . Rendez-vous à Obernai , située à une vingtaine de minutes de Strasbourg . Si l’accent est ici sensiblement différent, les charmes de l’Alsace sont toujours là… ainsi que les maisons à colombages ! Le symbole de la ville ? Un beffroi du XIIIe siècle qui domine le centre historique et qui accueille à ses pieds le célèbre marché de Noël d’Obernai . >> Réservez votre billet de train vers Obernai La choucroute, spécialité d'Alsace C’est dans un magnifique écrin de nature que se situe Obernai. Il y a les Vosges, il y a les vignes et il y a les champs de choux à choucroute ! Étape incontournable de la route des vins, Obernai est aussi sur la route de la choucroute . Empruntez-la pour rencontrer producteurs et restaurateurs qui font la part belle à cette spécialité alsacienne . Village de Hunspach - © Adobe Stock - Panoramo Hunspach et ses vitres à verre bombé Très différent de ses voisins du Haut-Rhin, avec leurs maisons à couleurs vives, Hunspach présente, avec ses imposantes maisons de torchis blanc à pans de bois, l’architecture typique des villages du Nord de l’Alsace. Ses maisons blanches à colombages, ses toits à pans coupés, ses vitres à verre bombé, ses corps de ferme d’antan et ses puits à balancier typiques font le charme unique de Hunspach . On aime s’y ressourcer et profiter d'une escapade hors des sentiers battus à seulement quelques kilomètres au nord de Strasbourg. A une poignée de kilomètres du bourg, Hunspach abrite un témoignage majeur de l’Histoire de la Seconde Guerre Mondiale : le fort de Schoenenbourg . Construit entre 1931 et 1935, cet ensemble impressionnant de galeries renferme blocs de combat, poste de commandement, casemates d’infanterie, cuisine… Conçu pour accueillir 600 hommes et assurer leur autonomie pendant trois mois, il fut le plus attaqué des ouvrages militaires durant la Seconde Guerre et constitue aujourd’hui le plus important ouvrage visitable de la Ligne Maginot en Alsace . Village de Bergheim - © Istock - Leonid Andronov Bergheim un joyau dans un écrin Plus confidentiel que d'autres villages de la Route des Vins, le village de Bergheim , situé entre Sélestat et Colmar, vient d'être labellisé ""plus beau village de France"" et a également remporté le titre 2022 à l'émission de France 3 ""Le village préféré des Français"". Ce village médiéval, ceinturé par des remparts, mérite la visite pour son bel exemple de fortification médiévale, sa Porte Haute, ses maisons à pans de bois colorées et son art de vivre alsacien toujours présent. Franchissez les portes des fortifications pour découvrir le charme pittoresque commun aux villages alsaciens de la Route des Vins : petites rues escarpées et pavées, maisons fleuries à colombages, fontaine et lavoir... Les amateurs de vélo pourront explorer la Véloroute du Vignoble qui passe par Bergheim, tandis que les marcheurs pourront arpenter les sentiers viticoles. A faire absolument, un arrêt dégustation dans l’une des caves pour goûter à l’incontournable spécificité de Bergheim : le Grand Cru Altenberg. Cet article vous a plu ? Partagez-le ! Facebook WhatsApp X, formerly Twitter Pinterest Mail Philippe  Trzebiatowski Journaliste et blogueur 18/04/2025 Vous aimerez aussi Fermer Voir tout Marché de Noël à Colmar : magie et féerie en Alsace Le Musée Auguste Bartholdi, auteur de la Statue de la Liberté ! Le musée Unterlinden de Colmar Les plus beaux marchés de Noël en Alsace Colmar pour les gourmands Nos engagements Meilleurs prix garantis Paiement sécurisé Contact 7j/7 Service client de l'année 2025 Moyens de paiement Infos et conditions Paiement en Chèque-Vacances Connect Infos et conditions de paiement avec les cartes Ayvens, Betterway, Pluxee ou RoadMate Choix du pays Langue France Langue Belgique België Belgium Deutschland España France Italia Luxembourg Nederland Suisse Schweiz Switzerland Other regions and countries Nos partenaires Inscrivez-vous à notre newsletter et profitez des meilleurs bons plans Suivez-nous ! L'entreprise Conditions de présentation des offres sur le site Conditions générales de vente Droits des voyageurs ferroviaires et Règlement européen n°2021/782 Informations légales Charte de confidentialité et cookies Gestion des cookies Partenariat Régie publicitaire Devenir partenaire ou affilié Widget SNCF Connect Sites du groupe Site SNCF Connect & Tech Espace Presse SNCF Connect & Tech Carrières SNCF Connect & Tech Le compte des agents SNCF Groupe-sncf.com Emploi Groupe SNCF Vous informer Aide Contactez-nous Vos billets Communauté SNCF Connect Plan du site SNCF Connect Guide du voyageur Franchissement frontière Handicap & mobilité réduite Nos services pour les voyageurs PSH/PMR Tout savoir sur le service d'assistance en gare Accessibilité numérique : conformité partielle Fonctionnalités d'accessibilité de nos applications mobiles Les autres services d'assistance en Europe Transporteurs TGV INOUI OUIGO TER BlaBlaCar Bus FlixBus BlaBlaCar INTERCITES LYRIA EUROSTAR TGV INOUI vers Bruxelles DB SNCF Voyageurs en coopération TGV INOUI vers l'Espagne TGV INOUI vers l'Italie TGV INOUI vers le Luxembourg TGV INOUI vers Fribourg Itinéraires populaires Train Paris Bordeaux Train Paris Marseille Train Bordeaux Paris Train Paris Lyon Train Paris Bruxelles Train Paris Strasbourg Train Paris Toulouse Train Toulouse Paris Train Lyon Paris Train Paris Amsterdam Train Paris Lille Train Nantes Paris Train Paris Genève Train Paris Barcelone Train Paris Nantes Trajets Transporteurs TGV INOUI Lille-Paris TGV INOUI Lyon-Paris TGV INOUI Paris-Nice TGV INOUI Marseille-Paris TGV INOUI Paris-Nantes OUIGO Fleury-les-Aubrais-Paris OUIGO Paris-Fleury-les-Aubrais OUIGO Rennes-Paris OUIGO Marseille-Lyon OUIGO Nantes-Paris TER Paris-Trouville Deauville TER Trouville Deauville-Paris TER Paris-Le Mans TER Le Mans-Paris TER Nice-Cannes : horaires et billets Top destinations Train France Train Paris Train Lyon Train Bordeaux Train Strasbourg Train Nantes Train Marseille Train Lille Train Marne-la-Vallée Chessy (Disneyland® Paris) Train Amsterdam Train Londres Train Barcelone Train Rennes Train Italie Train Suisse Nos applications mobiles","Top 7 des plus beaux villages d’Alsace
Réserver un billet de train
7 beaux villages à visiter en Alsace :
Eguisheim et ses maisons à colombages
Kaysersberg
Riquewihr et son crémant d’Alsace
Ribeauvillé et son kougelhopf
Obernai et sa choucroute
Hunspach et ses vitres à verre bombé
Bergheim un joyau dans un écrin
Vous aimerez aussi"
visiter autriche,"- Découvrez les 16 plus beaux sites touristiques en Autriche
- Road trip en Autriche : 10 expériences incontournables
- Guide pratique pour visiter l'Autriche : que faire, que voir, que visiter",crédit photo (9) photo shutterstock (9) plus beaux (7) visiter lautriche (6) mot passe (6) beaux endroits (5) visiter autriche (5) endroits visiter (4) si prévu (4) pourrez admirer (4)road trip (19) trip autriche (16) bons plans (8) voyage family (8) zell am (7) am see (6) aimerez aussi (6) plans voyage (6) visiter lautriche (5) lautriche pays (5)réserver voyage (7) où partir (6) juin activites (6) bons plans (5) voir loffre (4) activités autriche (4) retour accueil (3) où quand (3) quand partir (3) voyage autriche (3)voyageurs monde (7) voir tout (7) faites créer (4) créer voyage (4) tour monde (4) îles féroé (4) visiter lautriche (3) selon envies (3) mag web (3) afrique sud (3)5 5bulles (45) 50 5 (39) dune journe (32) autriche htels (30) forte demande (30) offre spâciale (29) chasse trsor (28) adulte prix (26) prix variable (26) variable fonction (26),crédit photo shutterstock (9) plus beaux endroits (5) beaux endroits visiter (4) 16 plus beaux (3) endroits visiter autriche (3) si prévu visiter (3) prévu visiter lautriche (3) patrimoine mondial lunesco (3) destinations activits outils (2) hallstatt 3 salzkammergut (2)road trip autriche (16) zell am see (6) bons plans voyage (6) plans voyage family (6) visiter lautriche famille (4) quoi visiter autriche (3) autriche road trip (3) cookies strictement nécessaires (3) destinations monde voir (2) monde voir tout (2)où quand partir (3) réserver voyage insolite (3) voyage insolite réserver (3) discussions activités autriche (3) quelle île choisir (3) faire voir visiter (2) préparez voyage autriche (2) insolite réserver voyage (2) réserver hôtel réserver (2) réserver voyage culturel (2)faites créer voyage (4) europe amériques afrique (2) amériques afrique asie (2) afrique asie asie (2) asie asie centrale (2) asie centrale inde (2) centrale inde himalaya (2) inde himalaya îles (2) himalaya îles afrique (2) îles afrique nord (2)50 5 5bulles (39) adulte prix variable (26) prix variable fonction (26) variable fonction taille (26) fonction taille groupe (26) chasses trsor partir (24) 45 45 5bulles (19) 46 46 5bulles (16) trsor partir 11ç (16) partir 11ç 6ç (16),autriche (0.52) plus (0.39) visiter (0.32) ville (0.24) découvrir (0.18) pourrez (0.18) aussi (0.17) si (0.17) crédit (0.15) photo (0.15) shutterstock (0.15) beaux (0.13) graz (0.13) région (0.13) également (0.13) capitale (0.12) hallstatt (0.12) lac (0.12) abbaye (0.10) château (0.10) endroits (0.10) festival (0.10) linz (0.10) manquez (0.10) mot (0.10) passe (0.10) tyrol (0.10) vienne (0.10) cette (0.08) salzbourg (0.08)autriche (0.57) plus (0.32) trip (0.22) jour (0.21) faire (0.20) road (0.20) lac (0.18) pays (0.18) cette (0.16) tyrol (0.16) visiter (0.16) cookies (0.15) aussi (0.14) enfants (0.14) famille (0.14) tout (0.14) ville (0.14) comme (0.13) lacs (0.12) où (0.12) vallée (0.12) site (0.11) vienne (0.11) voyage (0.11) réservez (0.10) très (0.10) bien (0.09) familles (0.09) histoire (0.09) journée (0.09)autriche (0.58) voyage (0.46) vienne (0.25) réserver (0.24) hôtels (0.22) partir (0.17) plus (0.17) activites (0.16) routard (0.16) activités (0.14) où (0.14) juin (0.13) voir (0.13) guide (0.09) ville (0.09) 2025 (0.08) bons (0.08) choisir (0.08) discussions (0.08) forum (0.08) hôtel (0.08) juillet (0.08) offre (0.08) plans (0.08) retour (0.08) salzbourg (0.08) services (0.08) forums (0.06) graz (0.06) partenaires (0.06)îles (0.40) monde (0.34) plus (0.30) voyage (0.30) autriche (0.26) tout (0.24) voyageurs (0.24) où (0.20) voir (0.20) pays (0.18) voyages (0.16) afrique (0.14) autour (0.14) art (0.12) deux (0.12) saint (0.12) vienne (0.12) australie (0.10) comme (0.10) envies (0.10) europe (0.10) nature (0.10) sud (0.10) tour (0.10) unis (0.10) viennois (0.10) ville (0.10) voyager (0.10) train (0.08) visiter (0.08)autriche (0.55) partir (0.39) bulles (0.37) adulte (0.33) vienne (0.19) avis (0.18) visite (0.16) tr (0.16) tripadvisor (0.15) groupe (0.13) sor (0.13) circuits (0.11) priv (0.11) journ (0.10) part (0.09) sp (0.09) visites (0.09) mus (0.09) salzbourg (0.08) tels (0.08) autoguid (0.07) offre (0.07) demande (0.07) forte (0.07) plus (0.07) prix (0.07) âciale (0.07) chasse (0.07) fonction (0.06) sites (0.06),"- **Gastronomie Autrichienne**  
  Découvrez les spécialités locales telles que le Wiener Schnitzel, le Sachertorte et les Apfelstrudel pour une expérience culinaire authentique.

- **Transport et Vignettes**  
  Informez-vous sur l'obligation d'acheter une vignette autoroutière pour circuler sur les autoroutes autrichiennes et explorez les options de transport public efficaces comme les trains locaux.

- **Saisons et Activités**  
  Planifiez votre visite en fonction des saisons : ski et sports d'hiver dans le Tyrol, randonnées et activités nautiques en été dans le Salzkammergut.

- **Festivals Culturels**  
  Participez à des événements culturels renommés tels que le Festival de Salzbourg, la Styriarte à Graz, ou le Jazz Fest Wien pour enrichir votre séjour.

- **Conseils Pratiques**  
  Apprenez quelques phrases de base en allemand, découvrez les coutumes locales et préparez-vous aux variations climatiques pour profiter pleinement de votre voyage en Autriche.","- Les 16 plus beaux endroits √† visiter en Autriche
- Le 03 juillet, 2019 (mis √† jour le 02 mai 2025)
- Temps de lecture: 6 minutes
- Inscrit au patrimoine mondial de l’Unesco depuis 1997
- La route mythique du Grossglockner, la plus élevée d’Europe avec notamment le passage d’un col à 2504 m d’altitude
- Longue de 48 kilomètres et ponctués de 36 virages en épingle
- Le Grossglockner, le plus haut sommet d’Autriche!
- Situé sur un pic de 175 mètres de haut
- Une plateforme panoramique offrant une vue imprenable
- Un téléphérique qui se rend jusqu’à 2 256 mètres d’altitude dans les Alpes
- La bibliothèque de l’abbaye de Saint-Florian avec 150 000 ouvrages et 7343 tuyaux
- Vignette… 10 € pour 10 jours
- Le lac Achensee … s’étire sur 9 km",visiter autriche,"Top 10 des lieux à visiter en Autriche - SNCF Connect Aller au contenu principal Voyager Voyager Voyager Fermer Tout pour voyager Réserver Réserver Billets de train Voyages en bus Trajets en covoiturage Location de voiture Hôtels Taxi/VTC Bons plans Bons plans Voyages en groupe Voyages pro Enfant voyageant seul Informations Informations Horaires en gare Info trafic Handicap et accessibilité Tous les transporteurs Tous les services Nos réponses à vos questions Guide de voyage Guide de voyage Où voyager en France, en Europe Voyager selon vos envies Billets Billets Billets Fermer Voir vos billets et titres Vos voyages Vos voyages Tous vos voyages Importer un voyage Compensation en cas de retard Faire une réclamation Modifier un voyage Assurance Allianz Vos cartes et abonnements Vos cartes et abonnements Importer une carte ou abonnement Acheter une carte ou abonnement Compléter votre voyage Compléter votre voyage Louer une voiture Réserver un hôtel Réserver un Taxi/VTC Transports urbains Restauration à bord TGV INOUI Restauration à bord INTERCITES Tous les services Offres Offres Offres Fermer Parcourir toutes les offres Cartes et abonnements SNCF Cartes et abonnements SNCF Carte Avantage Jeune Carte Avantage Adulte Carte Avantage Senior Carte Liberté Abonnement MAX ACTIF Abonnement MAX JEUNE Toutes les cartes et abonnements Offres régionales Offres régionales TER Auvergne-Rhône-Alpes TER Hauts de France LiO Train Occitanie TER Nouvelle-Aquitaine Titres Île-de-France Mobilités Consulter les offres régionales Offres urbaines Offres urbaines Avignon – Réseau Orizo Caen – Réseau Twisto Montbéliard – Réseau évolitY Perpignan – Réseau Sankéo Sophia Antipolis – Réseau Envibus Tours – Réseau Fil Bleu Consulter les offres urbaines Services Services Louer une voiture Réserver un hôtel Réserver un Taxi/VTC Assurer votre voyage Livraison de bagages Transport de véhicules Restauration à bord Domicile + Train Tous les services Compte Compte Compte Fermer Accéder à votre compte Vos espaces Vos espaces Se connecter Se créer un compte Espace MAX JEUNE Espace MAX SENIOR Communauté SNCF Connect Vos informations Vos informations Vos informations personnelles Cartes et programmes de fidélité Vos achats Vos moyens de paiement Compagnons de voyage Aide et légal Aide et légal Charte de confidentialité Conditions générales d'utilisation Compensation en cas de retard Aide en ligne Contacts Top 10 des lieux à visiter en Autriche Accueil A voir, à faire Vienne Top 10 des lieux à visiter en Autriche L’Autriche vous accueille pour un séjour riche en découvertes. Vienne, Salzbourg, Innsbruck mais aussi des abbayes, des espaces naturels, des paysages saisissants et bien d’autres lieux exceptionnels sont au rendez-vous. On vous donne nos coups de cœur ! Réserver un billet de train Réserver un billet de train Rechercher Annuler Sélectionner une localité Sélectionner une localité Sélectionner une localité 1. Vienne 2. Salzbourg 3. Bad Goisern am Hallstättersee 4. Graz 5. Innsbruck 6. Wattens 7. Klagenfurt 8. Admont 9. Krimml 10. Kals am Großglockner Opéra de Vienne, Autriche - © iStock - benedek 1. Vienne, l’incontournable capitale Parmi les incontournables autrichiens, il y a bien sûr sa capitale, Vienne . L’Opéra, le MuseumsQuartier, la Cathédrale Saint-Etienne, la Crypte des Capucins, le Palais du Belvédère, celui de Hofburg, le Château de Schönbrunn, le parc du Prater, la Maison de Mozart, la Bibliothèque Nationale d’Autriche…. Il y en a des choses à voir dans cette ville ! Salzbourg, Autriche - © iStock - bluejayphoto 2. Salzbourg, ville de Mozart Le Festival de Salzbourg , l’un des plus grands festivals de musique classique, d’opéra et de théâtre du monde se tient chaque été dans la ville natale de Mozart . Si la vie de ce célébrissime compositeur vous intéresse, faites un tour dans sa maison natale (Mozarts Geburtshaus, Getreidegasse 9, 5020 Salzburg, Autriche) au cœur de la vieille ville , elle-même classée au patrimoine mondial de l’UNESCO . Continuez votre promenade au château Mirabell pour découvrir de superbes jardins avec fontaines et terrasses. Un peu plus loin, découvrez un magnifique panorama sur Salzbourg du haut de la forteresse de Hohensalzburg . Hallstatt, Autriche - © Istock - bluejayphoto 3. Hallstatt et sa mine de sel Laissez-vous envouter par les ruelles pittoresques d’Hallstatt , ses balcons fleuris et son joli lac au cœur de la ville. Mais saviez-vous qu’Hallstatt est surtout connue pour sa mine de sel , la plus ancienne du monde ? Elle est toujours en activité depuis plus de 7000 ans et on peut aujourd’hui la visiter. A deux pas de là, oserez-vous avancer sur le « skywalk », ce promontoire perché au-dessus du vide ? La vue sur le lac et les montagnes alentours est époustouflante. Et pour y aller, rien de plus simple : on grimpe à bord du funiculaire . Salzwelten Hallstatt Salzbergstraße 21 4830 Hallstatt Autriche Murinsel, Graz, Autriche - © iStock - Hajakely 4. Graz, entre histoire et modernité Au Sud-Est de l’Autriche, la ville de Graz est un mélange entre histoire et modernité. Voyagez dans le temps en montant au Schlossberg pour admirer la vue sur les toits de la ville. Plus bas le centre-ville mérite une balade avec, entre autres, sa très belle place centrale , la Hauptplatz, et des arcades de type renaissance italienne dans la cour du Landhaushof . A voir aussi : la plus grande collection d’armes du monde, dans le Musée Landesughaus . Côté constructions plus récentes, je vous conseille la Murinsel , une structure de la forme d’une coquille, comme une île artificielle qui relie les deux rives de la Mur. Ou encore le Kunsthaus (Lendkai 1, 8020 Graz, Autriche), musée d’art moderne, qui propose de très belles collections temporaires dans un bâtiment pour le moins étonnant ! Innsbruck, Autriche - © Istock - 5. Innsbruck ses sports d’hiver et son toit d’or La capitale du Tyrol , Innsbruck, est le lieu idéal pour profiter des sports d’hiver autrichiens. C’est ici que l’on trouve le tremplin de Bergisel , l’un des plus importants de la Coupe du Monde de saut à Ski. La structure est impressionnante. Et pour une vue imprenable sur la ville, embarquez à bord de la Nordkette , un funiculaire qui nous amène tout droit au Hafelekar. Magnifique, été comme hiver ! Parmi les incontournables d’Innsbruck, on trouve la vielle ville médiévale et surtout le Petit Toit d’or (Goldenes Dachl), emblème de la ville construit au XVI e siècle. Cette toiture de cuivre doré à l’or fin recouvre un balcon richement décoré et permet de faire de belles photos souvenirs. Swarovski Kristalwelten, Autriche - © iStock - alxpin 6. La féérie de Swarovski Kristallwelten A 15 km d’Innsbruck, découvrez un endroit hors du commun : Swarovski Kristallwelten (les mondes de cristal Swarovski). Derrière un géant de verdure qui crache une cascade se trouve un monde enchanteur abritant 17 salles féériques où l’on déambule dans des paysages enneigés faits de cristaux, des jeux de réflexion, de transparence et de lumière. Difficile d’exprimer ce que l’on ressent en visitant ce musée si particulier. Les jardins ont eux aussi leur lot de découvertes impressionnantes puisque des artistes ont investi les lieux sous diverses formes pour rendre l’expérience inoubliable. Swarovski Kristallwelten Kristallweltenstrasse 1 6112 Wattens Autriche Parc Minimundus, Autriche - © Photononstop - Dallas & John Heaton / robertharding 7. Minimudus, le monde à portée de main Vous rêvez de parcourir le monde ? Prévoyez une escapade lors de votre voyage en Autriche à Minimundus , un parc qui propose près de 150 reproductions à l’échelle 1/25 de monuments célèbres à travers le monde. Passez en quelques pas de la grande muraille de Chine au Parthénon , observez le château de Neuschwanstein , la statue de la liberté ou la tour de Pise ou la tour Eiffel . Promenez-vous autour de l’Opéra de Sydney , de la Maison Blanche , de la basilique St Pierre … Faites le tour du monde en un jour ! Minimundus GmbH Villacher Strasse 241 9020 Klagenfurt Autriche Bibliothèque de l'Abbaye d'Admont, Autriche - © iStock - Drazen Lovric 8. Les plus belles Abbayes d’Autriche L’Autriche regorge d’abbayes toutes plus belles les unes que les autres. Mon top 3 ? L’Abbaye de Melk (Abt-Berthold-Dietmayr-Straße 1, 3390 Melk, Autriche), qui surplombe le Danube et offre une vue magnifique sur la vallée ; l’Abbaye d’Admont (Kirchplatz 1, 8911 Admont, Autriche) où l’on trouve la plus grande bibliothèque monastique du monde. De style Rococo, et parfaitement rénovée, c’est un régal pour les yeux ; et l’Abbaye St Florian (Stiftstraße 1, 4490 St. Florian, Autriche) près de Linz, qui est l’une des plus anciennes abbayes du monde en activité. Elle possède deux orgues, dont un de plus de 7 000 tuyaux. Laquelle sera votre préférée ? Cascade de Krimml, Autriche - © iStock - hsvrs 9. Des paysages naturels à couper le souffle Après les villes, les musées et les monuments, place aux merveilles de la nature. Et ce n’est pas ce qui manque en Autriche ! Côté baignades et randonnées au bord de l’eau, direction les lacs du Salzkammergut . Pour une pause fraîcheur époustouflante, la grotte d’Eisrienwelt , à 50km de Salzburg est le lieu qu’il vous faut. C’est tout simplement la plus grande grotte de glace accessible au monde. Rien que ça ! Autre magnifique balade : le parc national des Hohe Tauern avec des belvédères le long du sentier pour admirer les cascades de Krimml. Chemin de fer de Semmering, Autriche - © iStock - hajes 10. Les panoramas pour les plus belles photos Envie de faire des photos inoubliables ? Plusieurs spots parfaits pour des clichés à couper le souffle se trouvent en Autriche. Direction le massif du Dachstein pour s’aventurer sur une plateforme panoramique ou un skywalk , ces avancées suspendues au-dessus du vide. Réservé aux plus courageux ! Plus terre-à-terre, empruntez en voiture la route alpine du Grossglockner pour un road-trip aux beaux-jours des plus agréables dans le parc national des Hohe Tauern . Enfin, mon préféré : embarquez à bord d’un train de la ligne de chemin de fer de Semmering , classée au patrimoine mondial de l’Unesco . Entre Vienne et Graz, la voie passe entre les montagnes, sur de superbes viaducs et le long de paysages magnifiques. Tout simplement époustouflant ! Haut de page Cet article vous a plu ? Partagez-le ! Facebook WhatsApp X, formerly Twitter Pinterest Mail Coralie Salvi Rédaction SNCF Connect 23/09/2021 Mentions légales (1) Voir les conditions des offres (1) Tarifs TTC, à partir de, pour une personne, pour un aller simple, en 2nd classe, sur une sélection de trains et de dates et sous réserve de disponibilité. Offres soumises à conditions d'échanges et de remboursement des transporteurs concernés à consulter lors de la commande. Paiement en ligne. Offres non cumulables avec d'autres promotions SNCF. Nos engagements Meilleurs prix garantis Paiement sécurisé Contact 7j/7 Service client de l'année 2025 Moyens de paiement Infos et conditions Paiement en Chèque-Vacances Connect Infos et conditions de paiement avec les cartes Ayvens, Betterway, Pluxee ou RoadMate Choix du pays Langue France Langue Belgique België Belgium Deutschland España France Italia Luxembourg Nederland Suisse Schweiz Switzerland Other regions and countries Nos partenaires Inscrivez-vous à notre newsletter et profitez des meilleurs bons plans Suivez-nous ! L'entreprise Conditions de présentation des offres sur le site Conditions générales de vente Droits des voyageurs ferroviaires et Règlement européen n°2021/782 Informations légales Charte de confidentialité et cookies Gestion des cookies Partenariat Régie publicitaire Devenir partenaire ou affilié Widget SNCF Connect Sites du groupe Site SNCF Connect & Tech Espace Presse SNCF Connect & Tech Carrières SNCF Connect & Tech Le compte des agents SNCF Groupe-sncf.com Emploi Groupe SNCF Vous informer Aide Contactez-nous Vos billets Communauté SNCF Connect Plan du site SNCF Connect Guide du voyageur Franchissement frontière Handicap & mobilité réduite Nos services pour les voyageurs PSH/PMR Tout savoir sur le service d'assistance en gare Accessibilité numérique : conformité partielle Fonctionnalités d'accessibilité de nos applications mobiles Les autres services d'assistance en Europe Transporteurs TGV INOUI OUIGO TER BlaBlaCar Bus FlixBus BlaBlaCar INTERCITES LYRIA EUROSTAR TGV INOUI vers Bruxelles DB SNCF Voyageurs en coopération TGV INOUI vers l'Espagne TGV INOUI vers l'Italie TGV INOUI vers le Luxembourg TGV INOUI vers Fribourg Itinéraires populaires Train Paris Bordeaux Train Paris Marseille Train Bordeaux Paris Train Paris Lyon Train Paris Bruxelles Train Paris Strasbourg Train Paris Toulouse Train Toulouse Paris Train Lyon Paris Train Paris Amsterdam Train Paris Lille Train Nantes Paris Train Paris Genève Train Paris Barcelone Train Paris Nantes Trajets Transporteurs TGV INOUI Lille-Paris TGV INOUI Lyon-Paris TGV INOUI Paris-Nice TGV INOUI Marseille-Paris TGV INOUI Paris-Nantes OUIGO Fleury-les-Aubrais-Paris OUIGO Paris-Fleury-les-Aubrais OUIGO Rennes-Paris OUIGO Marseille-Lyon OUIGO Nantes-Paris TER Paris-Trouville Deauville TER Trouville Deauville-Paris TER Paris-Le Mans TER Le Mans-Paris TER Nice-Cannes : horaires et billets Top destinations Train France Train Paris Train Lyon Train Bordeaux Train Strasbourg Train Nantes Train Marseille Train Lille Train Marne-la-Vallée Chessy (Disneyland® Paris) Train Amsterdam Train Londres Train Barcelone Train Rennes Train Italie Train Suisse Nos applications mobiles","Top 10 des lieux à visiter en Autriche
Réserver un billet de train
1. Vienne, l’incontournable capitale
2. Salzbourg, ville de Mozart
3. Hallstatt et sa mine de sel
4. Graz, entre histoire et modernité
5. Innsbruck ses sports d’hiver et son toit d’or
6. La féérie de Swarovski Kristallwelten
7. Minimudus, le monde à portée de main
8. Les plus belles Abbayes d’Autriche
9. Des paysages naturels à couper le souffle
10. Les panoramas pour les plus belles photos
Mentions légales"
,"- ""Meilleures solutions de transport urbain pour votre quotidien""
- ""Trouvez enfin le transport idéal pour vos déplacements""
- ""Optimisez votre trajet avec notre service de transport efficace""",,,,Pas de fait important,- Pas de chiffres importants,,,
bar rooftop lyon,"- Les meilleurs bars rooftop à Lyon pour profiter de la vue
- Découvrez les rooftops incontournables de Lyon
- Rooftops à Lyon : vivez une expérience unique sur les toits de la ville",voir carte (8) carte crédit (8) crédit photo (8) 8 meilleurs (6) mot passe (6) boire verre (5) lyon 8 (5) maison nô (5) celest bar (5) bar restaurant (5)lyon ouvert (9) plus dinfos (8) dinfos plus (8) faire lyon (5) lyon 2 (5) pierre qyrool (5) 69002 lyon (4) article test (4) lyon 5 (4) lyon 9 (3)tgv inoui (12) train paris (12) sncf connect (9) rooftops lyon (6) mob hotel (6) 08 dès (6) paris train (6) top 5 (5) cartes abonnements (5) muses lopéra (5)maison nô (7) savoir plus (5) vue panoramique (4) mardi samedi (4) ouverture dès (4) restaurant rooftop (4) réserver table (4) ouverture restaurant (3) ouverture bar (3) samedi ouverture (3),voir carte crédit (8) carte crédit photo (8) celest bar restaurant (5) crédit photo instagram (5) lyon 8 meilleurs (4) 8 meilleurs rooftops (3) boire verre lyon (3) gourmet bar confluence (3) rooftops lyon sans (3) lire aussi guide (3)plus dinfos plus (8) 69002 lyon ouvert (4) faire lyon cette (3) lyon cette semaine (3) article test plus (3) test plus dinfos (3) lyon faire lyon (3) rooftops toitsterrasses lyon (2) toitsterrasses lyon 9 (2) lyon 9 spots (2)tgv inoui vers (5) lyon france 04 (4) lyon top 5 (3) top 5 rooftops (3) 5 rooftops lyon (3) gourmet bar confluence (3) 69002 lyon france (3) sncf connect tech (3) paris train paris (3) réserver billets train (2)mardi samedi 19h3022h (2) samedi 19h3022h ouverture (2) 19h3022h ouverture bar (2) ouverture bar mardi (2) bar mardi mercredi (2) mardi mercredi jeudi (2) mercredi jeudi ouverture (2) jeudi ouverture dès (2) vendredi samedi ouverture (2) samedi ouverture dès (2),lyon (0.79) meilleurs (0.22) bar (0.18) faire (0.16) voir (0.16) vue (0.16) plus (0.15) verre (0.14) 10 (0.11) aussi (0.11) carte (0.11) crédit (0.11) photo (0.11) rooftops (0.11) tels (0.11) restaurant (0.09) rooftop (0.09) tout (0.09) visiter (0.09) confluence (0.08) entre (0.08) mot (0.08) offre (0.08) parler (0.08) passe (0.08) propose (0.08) celest (0.07) endroit (0.07) instagram (0.07) sucre (0.07)lyon (0.78) plus (0.38) ouvert (0.15) infos (0.13) rooftop (0.13) bien (0.12) citycrunch (0.12) tous (0.12) end (0.10) week (0.10) faire (0.09) juillet (0.09) pierre (0.09) rooftops (0.09) samedi (0.09) terrasse (0.09) tout (0.09) ville (0.09) alpes (0.07) article (0.07) balades (0.07) bars (0.07) car (0.07) fait (0.07) qyrool (0.07) rhône (0.07) vue (0.07) 69002 (0.06) où (0.06) semaine (0.06)lyon (0.49) train (0.49) paris (0.41) sncf (0.21) offres (0.18) inoui (0.16) tgv (0.16) france (0.14) connect (0.13) top (0.13) réserver (0.12) ter (0.12) billets (0.10) dès (0.10) opéra (0.10) voyage (0.10) cartes (0.09) conditions (0.09) ouigo (0.09) services (0.09) 04 (0.08) 08 (0.08) informations (0.08) paiement (0.08) rooftop (0.08) rooftops (0.08) réseau (0.08) tous (0.08) voyager (0.08) voyages (0.08)rooftop (0.53) ouverture (0.31) lyon (0.28) restaurant (0.25) maison (0.22) nô (0.22) mardi (0.19) réserver (0.19) samedi (0.19) 1h (0.16) plus (0.16) savoir (0.16) bar (0.13) carte (0.13) dès (0.13) panoramique (0.13) table (0.13) vue (0.13) chambres (0.09) com (0.09) contact (0.09) cuisine (0.09) disponibilité (0.09) découvrez (0.09) hôtel (0.09) maisonno (0.09) presqu (0.09) services (0.09) évènements (0.09) île (0.09),"- **Conseils de réservation** : Informer les visiteurs sur la nécessité de réserver à l'avance, surtout pendant les weekends et les saisons touristiques.
- **Meilleurs moments pour visiter** : Indiquer les heures idéales pour profiter des vues panoramiques, comme lors du coucher de soleil.
- **Accessibilité** : Fournir des informations sur les transports en commun proches et la facilité d'accès aux différents rooftops.
- **Événements spéciaux** : Mentionner les soirées thématiques, concerts ou événements spéciaux organisés régulièrement dans certains rooftops.
- **Options alimentaires et boissons** : Détail des menus proposés, incluant des spécialités locales ou des créations de mixologues renommés.","- ""Le 04 février, 2020 (mis à jour le 26 avril 2025)""
- ""Temps de lecture: 4 minutes""
- ""Découvrez les 8 meilleurs rooftops où boire un verre à Lyon !""
- ""Situé au 7ème étage de l’Opéra , ce bar-restaurant propose des produits locaux et de saison à déguster avec un verre de vin.""
- ""rooftop de plus de 100m² au 6ème étage de l’ancienne Banque CIC avec une vue à 360° sur la ville.""
- ""Ouvert du mardi au samedi .""
- ""Les Muses de l’Opéra (Lyon 1)""
- ""Le Sucre est un lieu festif qui accueille concerts, apéros, événements…""
- ""ouvert du mardi au samedi de 12h00 à 14h30 et de 19h00 à 22h30 et le dimanche de 19h00 à 22h30""
- ""Le rooftop est situé au 32ème étage de la Tour de la Part Dieu""
- ""Rooftop Maison Nô, Lyon - © Maison Nô""
- ""Pl. de la Comédie, 69001 Lyon""
- ""50 Quai Rambaud, 69002 Lyon""
- ""11 Rue du Bât d'Argent, 69001 Lyon France 04 81 13 21 91""
- ""4 juillet 2024 à 17 h 14 min""
- ""8 juillet 2024 à 17 h 14 min""",bar rooftop lyon,"Rooftops à Lyon : notre top 5 - SNCF Connect Aller au contenu principal Voyager Voyager Voyager Fermer Tout pour voyager Réserver Réserver Billets de train Voyages en bus Trajets en covoiturage Location de voiture Hôtels Taxi/VTC Bons plans Bons plans Voyages en groupe Voyages pro Enfant voyageant seul Informations Informations Horaires en gare Info trafic Handicap et accessibilité Tous les transporteurs Tous les services Nos réponses à vos questions Guide de voyage Guide de voyage Où voyager en France, en Europe Voyager selon vos envies Billets Billets Billets Fermer Voir vos billets et titres Vos voyages Vos voyages Tous vos voyages Importer un voyage Compensation en cas de retard Faire une réclamation Modifier un voyage Assurance Allianz Vos cartes et abonnements Vos cartes et abonnements Importer une carte ou abonnement Acheter une carte ou abonnement Compléter votre voyage Compléter votre voyage Louer une voiture Réserver un hôtel Réserver un Taxi/VTC Transports urbains Restauration à bord TGV INOUI Restauration à bord INTERCITES Tous les services Offres Offres Offres Fermer Parcourir toutes les offres Cartes et abonnements SNCF Cartes et abonnements SNCF Carte Avantage Jeune Carte Avantage Adulte Carte Avantage Senior Carte Liberté Abonnement MAX ACTIF Abonnement MAX JEUNE Toutes les cartes et abonnements Offres régionales Offres régionales TER Auvergne-Rhône-Alpes TER Hauts de France LiO Train Occitanie TER Nouvelle-Aquitaine Titres Île-de-France Mobilités Consulter les offres régionales Offres urbaines Offres urbaines Avignon – Réseau Orizo Caen – Réseau Twisto Montbéliard – Réseau évolitY Perpignan – Réseau Sankéo Sophia Antipolis – Réseau Envibus Tours – Réseau Fil Bleu Consulter les offres urbaines Services Services Louer une voiture Réserver un hôtel Réserver un Taxi/VTC Assurer votre voyage Livraison de bagages Transport de véhicules Restauration à bord Domicile + Train Tous les services Compte Compte Compte Fermer Accéder à votre compte Vos espaces Vos espaces Se connecter Se créer un compte Espace MAX JEUNE Espace MAX SENIOR Communauté SNCF Connect Vos informations Vos informations Vos informations personnelles Cartes et programmes de fidélité Vos achats Vos moyens de paiement Compagnons de voyage Aide et légal Aide et légal Charte de confidentialité Conditions générales d'utilisation Compensation en cas de retard Aide en ligne Contacts Le top 5 des rooftops à Lyon Accueil A voir, à faire Lyon Le top 5 des rooftops à Lyon Un cocktail avec vue, ça vous dit ? En week-end à Lyon aux beaux jours, vous rechercherez peut-être un rooftop. On vous donne nos 5 adresses préférées. Réserver un billet de train Réserver un billet de train Rechercher Annuler Il n'y a pas que Paris qui a ses rooftops, Lyon aussi a lancé la mode. Pour un cocktail avec vue, voici nos 5 adresses préférées de rooftops à Lyon . Des adresses à mettre de côté pour planifier votre week-end dans la capitale de la gastronomie, très facilement accessible en train. >> Réserver vos billets de train pour Lyon © iStock - xavierarnau Notre top 5 des rooftops à Lyon : Les Muses de l’Opéra La terrasse du Mob Hotel Le Sucre La Maison Nô Le Gourmet Bar Confluence Les Muses de l'Opéra, Lyon - © Blandine Soulage Les Muses de l'Opéra Au-dessus de l'Opéra de Lyon, au 7ème étage, Les Muses de l'Opéra offrent une vue spectaculaire sur la Colline de Fourvière et les toits de la ville. >> Découvrez Lyon au fil de son architecture On aime : La possibilité de profiter de l'extérieur, au milieu d'un décor de statues , mais aussi par vent frais de se réfugier à l'intérieur, derrière les grandes baies vitrées. Les Muses de l’Opéra 1 Place de la Comédie 69001 Lyon France 04 72 00 45 58 Comment s'y rendre ? Sans réservation - Accès par ascenseur depuis le Péristyle de l’Opéra rooftop du MOB Hotel Lyon - © MOB Hotel La terrasse du Mob Hotel Au Mob Hotel , ouvert à Confluence par l'équipe du Mama Shelter, c'est parti pour une soirée dans un des vastes canapés remplis de coussins de la terrasse, avec vue sur la Saône. On aime : Les parties de ping-pong qui réchauffent l'ambiance ! MOB Hotel of the people 55 quai Rambaud 69002 Lyon France 04 58 55 55 88 Le Sucre, Lyon - © Le Sucre - Gaetan Clement Le Sucre Rooftop incontournable de Lyon, situé sur une superbe terrasse en teck, Le Sucre est devenu l'endroit préféré des Lyonnais pour faire la fête. >> Les 10 choses à faire à Lyon On aime : La programmation pointue et éclectique, du disco au hip-hop en passant par l'électro. Le Sucre 50, quai Rambaud 69002 Lyon France Horaire d'ouverture : Ouvert vendredi 18h30 à 1h, samedi de 23h à 5h et dimanche de 17h à 23h. A partir de mi juin, ouvert également mercredi et jeudi de 18h30 à 1h Rooftop Maison Nô, Lyon - © Maison Nô La Maison Nô Ce superbe rooftop se situe dans un nouvel hôtel boutique design situé en plein cœur de Lyon, sur la Presqu'île avec vue sur Fourvière, l’Opéra et les tours de la Part Dieu. On aime : Enfin un grand rooftop digne de ce nom en plein cœur de Lyon ! Maison Nô 11 rue du Bât d'Argent 69001 Lyon France 04 81 13 21 91 Horaire d'ouverture : Du mardi au samedi de 12h à 14h pour le déjeuner, de 19h30 à 22h30 pour le dîner et dès 18h pour l’apéritif. © iStock - martin-dm Le Gourmet Bar Confluence Installé dans l'hôtel Novotel du quartier Confluence, cette terrasse offre une superbe vue sur la Saône . Ambiance lounge et moderne . On aime : La cuisine organisée autour de thématiques gourmandes inspirées des saveurs du monde . Gourmet Bar Confluence 3 Rue Paul Montrochet 69002 Lyon France 04 37 23 64 14 Horaire d'ouverture : Ouvert tous les jours soirs de 19h à 22h et les midis en semaine de 12h à 14h Cet article vous a plu ? Partagez-le ! Facebook WhatsApp X, formerly Twitter Pinterest Mail Marie Gustin Rédaction SNCF Connect 18/04/2025 Préparez votre séjour : Lyon au départ de Paris Marseille Lille Bordeaux 31 / 07 Dès 25 € (1) 01 / 08 Dès 29 € (1) 02 / 08 Dès 25 € (1) 03 / 08 Dès 29 € (1) 04 / 08 Dès 19 € (1) 05 / 08 Dès 16 € (1) Le moins cher 06 / 08 Dès 19 € (1) Vous aimerez aussi Fermer Voir tout 10 activités à faire à Lyon cet été Week-end en famille : où partir avec des adolescents ? Marchés de Noël à Lyon : notre Top 5 Péniches à Lyon : croisières, restaurants et bars flottants Le top des Bouchons lyonnais Itinéraire en famille de Lyon à Valence Le top 10 des restaurants insolites à Lyon Le top des bons plans gratuits à Lyon Spécialités lyonnaises : notre top 10 Lyon : les événements des 3 prochains mois Lyon par arrondissement OUIGO Train Classique : mode d'emploi Mentions légales (1) Voir les conditions des offres (1) Tarifs TTC, à partir de, pour une personne, pour un aller simple, en 2nd classe, sur une sélection de trains et de dates et sous réserve de disponibilité. Offres soumises à conditions d'échanges et de remboursement des transporteurs concernés à consulter lors de la commande. Paiement en ligne. Offres non cumulables avec d'autres promotions SNCF. Nos engagements Meilleurs prix garantis Paiement sécurisé Contact 7j/7 Service client de l'année 2025 Moyens de paiement Infos et conditions Paiement en Chèque-Vacances Connect Infos et conditions de paiement avec les cartes Ayvens, Betterway, Pluxee ou RoadMate Choix du pays Langue France Langue Belgique België Belgium Deutschland España France Italia Luxembourg Nederland Suisse Schweiz Switzerland Other regions and countries Nos partenaires Inscrivez-vous à notre newsletter et profitez des meilleurs bons plans Suivez-nous ! L'entreprise Conditions de présentation des offres sur le site Conditions générales de vente Droits des voyageurs ferroviaires et Règlement européen n°2021/782 Informations légales Charte de confidentialité et cookies Gestion des cookies Partenariat Régie publicitaire Devenir partenaire ou affilié Widget SNCF Connect Sites du groupe Site SNCF Connect & Tech Espace Presse SNCF Connect & Tech Carrières SNCF Connect & Tech Le compte des agents SNCF Groupe-sncf.com Emploi Groupe SNCF Vous informer Aide Contactez-nous Vos billets Communauté SNCF Connect Plan du site SNCF Connect Guide du voyageur Franchissement frontière Handicap & mobilité réduite Nos services pour les voyageurs PSH/PMR Tout savoir sur le service d'assistance en gare Accessibilité numérique : conformité partielle Fonctionnalités d'accessibilité de nos applications mobiles Les autres services d'assistance en Europe Transporteurs TGV INOUI OUIGO TER BlaBlaCar Bus FlixBus BlaBlaCar INTERCITES LYRIA EUROSTAR TGV INOUI vers Bruxelles DB SNCF Voyageurs en coopération TGV INOUI vers l'Espagne TGV INOUI vers l'Italie TGV INOUI vers le Luxembourg TGV INOUI vers Fribourg Itinéraires populaires Train Paris Bordeaux Train Paris Marseille Train Bordeaux Paris Train Paris Lyon Train Paris Bruxelles Train Paris Strasbourg Train Paris Toulouse Train Toulouse Paris Train Lyon Paris Train Paris Amsterdam Train Paris Lille Train Nantes Paris Train Paris Genève Train Paris Barcelone Train Paris Nantes Trajets Transporteurs TGV INOUI Lille-Paris TGV INOUI Lyon-Paris TGV INOUI Paris-Nice TGV INOUI Marseille-Paris TGV INOUI Paris-Nantes OUIGO Fleury-les-Aubrais-Paris OUIGO Paris-Fleury-les-Aubrais OUIGO Rennes-Paris OUIGO Marseille-Lyon OUIGO Nantes-Paris TER Paris-Trouville Deauville TER Trouville Deauville-Paris TER Paris-Le Mans TER Le Mans-Paris TER Nice-Cannes : horaires et billets Top destinations Train France Train Paris Train Lyon Train Bordeaux Train Strasbourg Train Nantes Train Marseille Train Lille Train Marne-la-Vallée Chessy (Disneyland® Paris) Train Amsterdam Train Londres Train Barcelone Train Rennes Train Italie Train Suisse Nos applications mobiles","Le top 5 des rooftops à Lyon
Réserver un billet de train
Notre top 5 des rooftops à Lyon :
Les Muses de l'Opéra
On aime :
La terrasse du Mob Hotel
On aime :
Le Sucre
On aime :
La Maison Nô
On aime :
Le Gourmet Bar Confluence
On aime :
Préparez votre séjour : Lyon au départ deParisMarseilleLilleBordeaux
Vous aimerez aussi
Mentions légales"
ou aller en train depuis paris,"- 15 destinations en train accessibles depuis Paris
- Où aller en train en Europe depuis la France ?
- Découvrez nos destinations en train depuis Paris",train paris (16) tgv inoui (12) sncf connect (9) paris train (7) 08 dès (6) 3h train (5) cartes abonnements (5) accessible tgv (5) inoui vers (5) tgv depuis (4)depuis paris (39) train depuis (16) guide voyage (16) paris eurostar (9) trajet direct (9) 1 changement (9) destination idéale (8) bons plans (7) eurostar trajet (6) idéale escapade (6)voir tout (7) asie centrale (6) voyageurs monde (6) depuis france (4) faites créer (4) créer voyage (4) asie asie (4) inde himalaya (4) afrique nord (4) australie océanie (4)tgv inoui (7) depuis paris (6) facilement accessible (5) paris ouigo (5) carte avantage (4) accessible depuis (4) paris gare (4) paris paris (4) train europe (3) close close (3)carte avantage (99) tgv inoui (81) carte liberté (42) trains tgv (32) réservation obligatoire (32) titulaire carte (30) tarif avantage (25) avantage adulte (22) dune réduction (21) avant départ (19),tgv inoui vers (5) 3h train paris (4) accessible tgv depuis (4) dépayser facilement 3h (3) facilement 3h train (3) tgv depuis gare (3) sncf connect tech (3) paris train paris (3) compensation cas retard (2) louer voiture réserver (2)train depuis paris (16) depuis paris eurostar (9) paris eurostar trajet (6) eurostar trajet direct (6) destination idéale escapade (5) paris guide voyage (5) depuis paris lyria (5) dautres alternatives possibles (5) découvrez lisez regardez (4) lisez regardez visitez (4)faites créer voyage (4) voir tout éditions (4) nouvellecalédonie nouvellezélande polynésie (4) 10 destinations accessibles (3) destinations accessibles train (3) accessibles train depuis (3) train depuis france (3) voir tout édition (3) autour voyage librairie (2) voyage librairie voyageurs (2)facilement accessible train (3) où aller train (2) aller train europe (2) où fait bon (2) accessible train depuis (2) facilement accessible depuis (2) paris gare lyon (2) non loin frontière (2) h 40 environ (2) trains dbsncf coopération (2)trains tgv inoui (23) carte avantage adulte (18) tgv inoui intercités (17) titulaire carte avantage (16) tgv inoui vers (14) permet bénéficier dune (13) bénéficier dune réduction (13) réduction calculée hors (13) calculée hors prestations (13) hors prestations supplémentaires (13),paris (0.65) train (0.48) tgv (0.19) sncf (0.18) lyon (0.16) offres (0.16) inoui (0.14) marseille (0.13) connect (0.11) voyage (0.11) bordeaux (0.10) istock (0.10) mer (0.10) port (0.10) ter (0.10) france (0.09) gare (0.09) plus (0.09) réserver (0.09) saint (0.09) 3h (0.08) accessible (0.08) billets (0.08) cartes (0.08) compte (0.08) conditions (0.08) dès (0.08) faire (0.08) services (0.08) tous (0.08)paris (0.56) train (0.36) ville (0.34) depuis (0.33) voyage (0.26) plus (0.19) capitale (0.17) guide (0.14) musée (0.14) voyagez (0.13) europe (0.12) musées (0.11) offre (0.11) voyager (0.10) 3h (0.09) aussi (0.09) trajet (0.09) également (0.09) destination (0.08) historique (0.08) moins (0.08) architecture (0.07) bruxelles (0.07) changement (0.07) destinations (0.07) direct (0.07) escapade (0.07) eurostar (0.07) idéale (0.07) pays (0.07)îles (0.41) voyage (0.31) voyageurs (0.28) afrique (0.23) monde (0.23) pays (0.21) sud (0.21) train (0.21) asie (0.19) éditions (0.18) centrale (0.16) australie (0.15) europe (0.15) france (0.15) grèce (0.15) nouvelle (0.15) tout (0.15) voir (0.15) allemagne (0.13) capitale (0.13) idées (0.13) inde (0.13) où (0.13) voyages (0.13) édition (0.13) balkans (0.11) depuis (0.11) destinations (0.11) ferry (0.11) plus (0.11)paris (0.59) train (0.43) ville (0.27) week (0.25) end (0.24) plus (0.18) depuis (0.17) pays (0.13) trains (0.13) capitale (0.12) heures (0.12) tgv (0.12) europe (0.11) accessible (0.10) aussi (0.10) barcelone (0.10) centre (0.10) france (0.10) villes (0.10) environ (0.09) facilement (0.09) lyon (0.09) partir (0.09) trajet (0.09) bas (0.08) eurostar (0.08) inoui (0.08) italie (0.08) milan (0.08) où (0.08)carte (0.53) avantage (0.36) tarif (0.27) réduction (0.25) tgv (0.24) train (0.23) inoui (0.20) billet (0.17) trains (0.15) liberté (0.15) prix (0.15) offre (0.14) ans (0.13) sncf (0.13) départ (0.13) adulte (0.12) hors (0.12) non (0.11) paris (0.11) titulaire (0.11) réservation (0.10) valable (0.10) si (0.10) enfant (0.09) billets (0.09) trajet (0.09) obligatoire (0.08) voyage (0.08) échange (0.08) jusqu (0.08),"- Le train est un moyen de transport écologique, contribuant à la réduction des émissions de carbone comparé à la voiture ou à l'avion.
- Les gares de Paris bénéficient d'excellentes liaisons de transports en commun, facilitant l'accès aux trains pour tous les voyageurs.
- Les trajets en train offrent un confort optimal avec des sièges spacieux, le Wi-Fi gratuit et des options de restauration à bord.
- Voyager en train depuis Paris permet d'admirer des paysages variés, des villes historiques aux magnifiques côtes maritimes.
- Les horaires flexibles des trains permettent une grande adaptabilité dans la planification de vos voyages, avec de nombreuses options tout au long de la journée.","- ""Se dépayser facilement à 3h en train de Paris""
- ""Marseille, à environ 3h10 de Paris""
- ""La Rochelle, à environ 2h50 de Paris""
- ""Boulogne-sur-Mer, à environ 2h40 de Paris""
- ""Saint-Malo, à environ 2h30 de Paris""
- ""Bordeaux, à environ 2h10 de Paris""
- ""Lyon, à environ 2h de Paris""
- ""Vienne, un plongeon baroque à 12h de Paris""
- ""Genève, à 3h15 de Paris""
- ""Lausanne, au bord du lac Léman à 4h de Paris""
- ""Berne, la capitale Suisse à 5h de Paris""
- ""Zurich, le parfait équilibre en charme historique et nature à 4h45 de Paris""
- ""Milan, accessible en 7 heures de train depuis Paris""
- ""Madrid, accessible en 10 heures de train depuis Paris""
- ""Barcelone, à 7h30 de train depuis Paris""
- ""Francfort, l’architecture hétéroclite à 5h de train""
- ""Berlin, la capitale de l’Allemagne en 8h de train""
- ""Cologne, la ville de plus de 2000 ans à 3h30 de Paris""
- ""Les offres incluent des prix dès 25€""
- ""Economie moyenne de 255€/an grâce à la carte Avantage""
- ""Réduction de 30% pour l'adulte et 60% pour les enfants""
- ""La carte Liberté permet de bénéficier d'une réduction de 45% en première classe""",ou aller en train depuis paris,"Se dépayser facilement à 3h en train de Paris - SNCF Connect Aller au contenu principal Voyager Voyager Voyager Fermer Tout pour voyager Réserver Réserver Billets de train Voyages en bus Trajets en covoiturage Location de voiture Hôtels Taxi/VTC Bons plans Bons plans Voyages en groupe Voyages pro Enfant voyageant seul Informations Informations Horaires en gare Info trafic Handicap et accessibilité Tous les transporteurs Tous les services Nos réponses à vos questions Guide de voyage Guide de voyage Où voyager en France, en Europe Voyager selon vos envies Billets Billets Billets Fermer Voir vos billets et titres Vos voyages Vos voyages Tous vos voyages Importer un voyage Compensation en cas de retard Faire une réclamation Modifier un voyage Assurance Allianz Vos cartes et abonnements Vos cartes et abonnements Importer une carte ou abonnement Acheter une carte ou abonnement Compléter votre voyage Compléter votre voyage Louer une voiture Réserver un hôtel Réserver un Taxi/VTC Transports urbains Restauration à bord TGV INOUI Restauration à bord INTERCITES Tous les services Offres Offres Offres Fermer Parcourir toutes les offres Cartes et abonnements SNCF Cartes et abonnements SNCF Carte Avantage Jeune Carte Avantage Adulte Carte Avantage Senior Carte Liberté Abonnement MAX ACTIF Abonnement MAX JEUNE Toutes les cartes et abonnements Offres régionales Offres régionales TER Auvergne-Rhône-Alpes TER Hauts de France LiO Train Occitanie TER Nouvelle-Aquitaine Titres Île-de-France Mobilités Consulter les offres régionales Offres urbaines Offres urbaines Avignon – Réseau Orizo Caen – Réseau Twisto Montbéliard – Réseau évolitY Perpignan – Réseau Sankéo Sophia Antipolis – Réseau Envibus Tours – Réseau Fil Bleu Consulter les offres urbaines Services Services Louer une voiture Réserver un hôtel Réserver un Taxi/VTC Assurer votre voyage Livraison de bagages Transport de véhicules Restauration à bord Domicile + Train Tous les services Compte Compte Compte Fermer Accéder à votre compte Vos espaces Vos espaces Se connecter Se créer un compte Espace MAX JEUNE Espace MAX SENIOR Communauté SNCF Connect Vos informations Vos informations Vos informations personnelles Cartes et programmes de fidélité Vos achats Vos moyens de paiement Compagnons de voyage Aide et légal Aide et légal Charte de confidentialité Conditions générales d'utilisation Compensation en cas de retard Aide en ligne Contacts Se dépayser facilement à 3h en train de Paris Accueil A voir, à faire Paris Se dépayser facilement à 3h en train de Paris Pas besoin de partir à l’autre bout du monde pour découvrir des paysages surprenants. Pour ça, il vous suffit de prendre le train ! Eaux turquoises, forêts gigantesques, décors de cinéma… vous trouverez tout ça à 3h en train depuis Paris. Réserver un billet de train Réserver un billet de train Rechercher Annuler Besoin d’un break dans votre quotidien sans toutefois partir trop loin ? Nous avons ce qu’il vous faut ! Vous allez en prendre plein la vue avec vos amis, votre famille ou votre amoureux avec ces cinq destinations à moins de 3h en train de Paris . Voici nos top destinations. Nos destinations pour se dépayser à 3h de Paris en train : Marseille La Rochelle Boulogne sur mer Saint-Malo Bordeaux Bonus : Lyon Port de Marseille - © istock-Xantana Marseille, à environ 3h10 de Paris La Méditerranée à seulement 3h de Paris, difficile de dire non ! Mais par où commencer ? Outre le Vieux-Port et le quartier du Panier, je vous recommande le Vallon des Auffes , moins connu. C’est un village devenu quartier de Marseille composé d’un très joli port pittoresque, abrité dans une calanque. Très agréable pour flâner loin de l’agitation ! Basilique Notre-Dame de la Garde, Marseille - © Istock - Daniiielc Ensuite prenez vos serviettes (ou vos chaussures de marche) pour aller dans les calanques à Marseilleveyre . Accessible en transport, c’est une calanque magnifique avec une eau turquoise et une pierre blanche comme dans vos rêves ! En rentrant, faites un détour par le la « Bonne Mère » - la basilique Notre-Dame-de-la-Garde – pour admirer le Panorama sur la vue. Et pour boire un verre ou manger, rien de tel que le très animé Cours Julien. Vous y trouverez votre bonheur ! >> Marseille est accessible en TGV depuis Paris Gare de Lyon. Port de La Rochelle - © istock-mattjackson4444 La Rochelle, à environ 2h50 de Paris Disons-le tout net : le port de La Rochelle est un des plus beaux de France. Voilà pourquoi je vous conseille de démarrer votre visite par le vieux port de la ville . Protégé par trois belles tours en pierre du XIVe siècle , vous y verrez notamment de magnifiques voiliers défiler. Ah l’appel du grand large ! © Ingram / Photononstop D’ailleurs, si ça vous tente, vous pourrez embarquer pour Fort Boyard au départ de ce port. Et oui ! Décidément tournée vers l’océan, La Rochelle comporte aussi un très bel aquarium , riche de 12 000 animaux marins . Et si vous voulez vous régaler, c’est chez Le P’tit bleu, un petit bateau sur le port où vous goûterez à des fruits de mer ou du poisson façon tapas au coucher du soleil. >> La Rochelle est accessible en TGV depuis la gare de Paris Montparnasse. Boulogne-sur-mer - © istock-tekinturkdogan Boulogne-sur-Mer, à environ 2h40 de Paris Chevauchant la magnifique Côte d’Opale, Boulogne-sur-Mer est une ville à la fois populaire, vivante et pleine de surprise. Pour commencer, saviez-vous qu’on y trouvait le plus grand aquarium d’Europe ? Nausicaá - c’est son nom - vous fera plonger en haute mer sans vous mouiller ! Requins, raies gigantesques et lions de mer vous y donnent rendez-vous… Caïman à lunette à Nausicaá - © M.Gustin Après votre visite, longez le port et remontez la Grande Rue pour accéder à la cité fortifiée avec ses rues pavées et surtout, sa basilique qui abrite l’une des plus vastes cryptes du continent. Toutes les rues autour son vraiment jolies et pleines de petits commerces. L’ambiance est très agréable. >> Boulogne-sur-Mer est accessible en TGV et Intercités depuis Paris Gare du Nord . © istock-:bbsferrari Saint-Malo, à environ 2h30 de Paris Intimement lié à l’histoire des corsaires bretons, Saint-Malo conserve ce caractère de ville un peu à part. Il faut faire le tour de ses remparts pour s’en rendre compte et admirer la petite cité en pierre tout comme l’océan qui s’étend devant elle. Visitez ensuite le Château installé sur une île accessible à marée basse. Il renferme le Musée d’Histoire et on s’y sent prêt à prendre le large ! Ile de Bréhat, Bretagne - © Istock - Bréhat Saint-Malo est aussi une ville thermale et franchement, il y a difficilement plus agréable que de se faire dorloter face à la mer… pensez-y ! Enfin, offrez-vous une petite virée en bateau dans la baie de Saint-Malo pour voir d’un plus près l’archipel sauvage de Bréhat. Magnifique. © istock-no_limit_pictures Bordeaux, à environ 2h10 de Paris Gastronomie à l’honneur ici ! Au bord de la Garonne, la Cité du Vin figure à elle seule comme une attraction à Bordeaux . Vous y découvrirez tous des petits secrets qui permettent de produire l’une des cuvées les plus respectées au monde. Revenez du côté des quartiers Saint-Pierre/Saint-Michel pour profiter de ses merveilles architecturales (rappelons que le centre-ville de Bordeaux est classé Patrimoine Mondial de l’UNESCO) comme le beffroi de l’ancien hôtel de ville. Niveau restaurants, on vous conseille Le Racine - avec sa formule de menu unique qui change tous les jours – ou L'Atelier des Faures où dans ambiance récup l’équipe au fourneau prépare des repas léchés. >> Bordeaux est accessible en TGV depuis la gare de Paris Montparnasse. © istock-anouchka Bonus : Lyon à environ 2h de Paris Lyon regorge de monuments et de sites magnifiques à voir. Je vous conseille de commencer par une visite du Vieux Lyon, riche en bâtiments Renaissance et en petites églises ravissantes. Perdez-vous dans les traboules, ces petits passages cachés dans les immeubles. Grimpez ensuite à pied la colline de Fourvière pour découvre la superbe basilique du même nom qui fait la fierté des Lyonnais. © iStock - KavalenkavaVolha Un peu plus bas, c’est le parc archéologique avec son amphithéâtre gallo-romain qui fait sensation ! Poursuivez votre voyage dans le temps en traversant la Saône pour aller manger dans un bouchon sur la Presqu’île , une institution culinaire à Lyon. >> Lyon est accessible en TGV depuis la Gare de Lyon. Cet article vous a plu ? Partagez-le ! Facebook WhatsApp X, formerly Twitter Pinterest Mail La Rédaction SNCF Connect 18/04/2025 Préparez votre séjour : Paris au départ de Marseille Lyon Lille Bordeaux 31 / 07 Dès 29 € (1) 01 / 08 Dès 36 € (1) 02 / 08 Dès 45 € (1) 03 / 08 Dès 46 € (1) 04 / 08 Dès 29 € (1) 05 / 08 Dès 25 € (1) Le moins cher 06 / 08 Dès 25 € (1) Le moins cher Vous aimerez aussi Fermer Voir tout Gare Montparnasse : les meilleures options de restauration Top 10 des plus belles promenades dans Paris : découvrez la capitale autrement Que faire dans le quartier Saint-Michel à Paris ? Paris au fil des arrondissements La Tour Eiffel, l’emblème national La culture à Paris pour les phobiques des musées Voyage pro à Paris :  Que faire dans la capitale entre deux rendez-vous ? Top 5 des meilleurs restaurants de poissons à Paris Bio : Notre top 5 des meilleurs restaurants parisiens Que faire autour de la place Dauphine à Paris ? Les meilleurs golfs d’Île-de-France Les meilleurs pubs irlandais de Paris Mentions légales (1) Voir les conditions des offres (1) Tarifs TTC, à partir de, pour une personne, pour un aller simple, en 2nd classe, sur une sélection de trains et de dates et sous réserve de disponibilité. Offres soumises à conditions d'échanges et de remboursement des transporteurs concernés à consulter lors de la commande. Paiement en ligne. Offres non cumulables avec d'autres promotions SNCF. Nos engagements Meilleurs prix garantis Paiement sécurisé Contact 7j/7 Service client de l'année 2025 Moyens de paiement Infos et conditions Paiement en Chèque-Vacances Connect Infos et conditions de paiement avec les cartes Ayvens, Betterway, Pluxee ou RoadMate Choix du pays Langue France Langue Belgique België Belgium Deutschland España France Italia Luxembourg Nederland Suisse Schweiz Switzerland Other regions and countries Nos partenaires Inscrivez-vous à notre newsletter et profitez des meilleurs bons plans Suivez-nous ! L'entreprise Conditions de présentation des offres sur le site Conditions générales de vente Droits des voyageurs ferroviaires et Règlement européen n°2021/782 Informations légales Charte de confidentialité et cookies Gestion des cookies Partenariat Régie publicitaire Devenir partenaire ou affilié Widget SNCF Connect Sites du groupe Site SNCF Connect & Tech Espace Presse SNCF Connect & Tech Carrières SNCF Connect & Tech Le compte des agents SNCF Groupe-sncf.com Emploi Groupe SNCF Vous informer Aide Contactez-nous Vos billets Communauté SNCF Connect Plan du site SNCF Connect Guide du voyageur Franchissement frontière Handicap & mobilité réduite Nos services pour les voyageurs PSH/PMR Tout savoir sur le service d'assistance en gare Accessibilité numérique : conformité partielle Fonctionnalités d'accessibilité de nos applications mobiles Les autres services d'assistance en Europe Transporteurs TGV INOUI OUIGO TER BlaBlaCar Bus FlixBus BlaBlaCar INTERCITES LYRIA EUROSTAR TGV INOUI vers Bruxelles DB SNCF Voyageurs en coopération TGV INOUI vers l'Espagne TGV INOUI vers l'Italie TGV INOUI vers le Luxembourg TGV INOUI vers Fribourg Itinéraires populaires Train Paris Bordeaux Train Paris Marseille Train Bordeaux Paris Train Paris Lyon Train Paris Bruxelles Train Paris Strasbourg Train Paris Toulouse Train Toulouse Paris Train Lyon Paris Train Paris Amsterdam Train Paris Lille Train Nantes Paris Train Paris Genève Train Paris Barcelone Train Paris Nantes Trajets Transporteurs TGV INOUI Lille-Paris TGV INOUI Lyon-Paris TGV INOUI Paris-Nice TGV INOUI Marseille-Paris TGV INOUI Paris-Nantes OUIGO Fleury-les-Aubrais-Paris OUIGO Paris-Fleury-les-Aubrais OUIGO Rennes-Paris OUIGO Marseille-Lyon OUIGO Nantes-Paris TER Paris-Trouville Deauville TER Trouville Deauville-Paris TER Paris-Le Mans TER Le Mans-Paris TER Nice-Cannes : horaires et billets Top destinations Train France Train Paris Train Lyon Train Bordeaux Train Strasbourg Train Nantes Train Marseille Train Lille Train Marne-la-Vallée Chessy (Disneyland® Paris) Train Amsterdam Train Londres Train Barcelone Train Rennes Train Italie Train Suisse Nos applications mobiles","Se dépayser facilement à 3h en train de Paris
Réserver un billet de train
Nos destinations pour se dépayser à 3h de Paris en train :
Marseille, à environ 3h10 de Paris
La Rochelle, à environ 2h50 de Paris
Boulogne-sur-Mer, à environ 2h40 de Paris
Saint-Malo, à environ 2h30 de Paris
Bordeaux, à environ 2h10 de Paris
Bonus : Lyon à environ 2h de Paris
Préparez votre séjour : Paris au départ deMarseilleLyonLilleBordeaux
Vous aimerez aussi
Mentions légales"
marche de noel a paris,"- Marchés de Noël à Paris 2024: artisanat et gastronomie au coeur de la capitale
- Découvrez les plus beaux marchés de Noël à Paris en 2024: traditions et féerie de fin d'année
- Top 5 des marchés de Noël à Paris: ambiance festive et cadeaux uniques",décembre 2024 (35) marché noël (32) marchés noël (20) plus dinfos (15) 8 décembre (9) paris taime (8) 15 décembre (8) 7 8 (8) village noël (7) janvier 2025 (7)marché noël (4) plus beaux (3) beaux marchés (3) marchés noël (3) noël paris (3) arrondissement marché (3) camping paris (3) 5 plus (2) accueil emplacements (2) emplacements hébergements (2)marché noël (16) marchés noël (10) noël paris (10) modifier modifier (9) modifier code (9) déplacer vers (4) vers barre (4) barre latérale (4) latérale masquer (4) galeries lafayette (4)marché noël (11) marchés noël (6) prix gratuit (6) boîte mail (6) plus beaux (5) village noël (5) faire paris (4) décembre 2024 (4) paris date (4) meilleures expériences (4),8 décembre 2024 (9) 15 décembre 2024 (8) 7 8 décembre (7) plus dinfos marché (6) dinfos marché noël (6) marchés noël 2024 (4) city pass officiel (4) janvier 2025 place (4) décembre 2024 place (4) 22 décembre 2024 (4)plus beaux marchés (3) beaux marchés noël (3) marchés noël paris (3) arrondissement marché noël (3) 5 plus beaux (2) accueil emplacements hébergements (2) emplacements hébergements activités (2) hébergements activités services (2) activités services région (2) services région séjour (2)marchés noël paris (9) modifier modifier code (9) déplacer vers barre (4) vers barre latérale (4) barre latérale masquer (4) galeries lafayette haussmann (4) haussmann printemps haussmann (3) faire don créer (2) don créer compte (2) créer compte connecter (2)tout droit boîte (4) droit boîte mail (4) plus beaux marchés (3) beaux marchés noël (3) fêtes fin dannée (3) janvier 2025 prix (3) 2025 prix gratuit (3) novembre 29 décembre (3) décembre 2024 prix (3) 2024 prix gratuit (3),paris (0.69) noël (0.50) 2024 (0.26) décembre (0.22) marché (0.19) voir (0.14) marchés (0.12) novembre (0.11) rue (0.11) infos (0.10) place (0.09) plus (0.09) saint (0.08) 14 (0.06) 2025 (0.06) 15 (0.05) famille (0.05) réserver (0.05) aime (0.05) cité (0.05) découvrir (0.05) pass (0.05) pop (0.05) up (0.05) village (0.05) 30 (0.04) activités (0.04) découvrez (0.04) idées (0.04) janvier (0.04)paris (0.47) noël (0.42) marché (0.38) camping (0.24) lieu (0.24) arrondissement (0.19) plus (0.19) séjour (0.19) beaux (0.14) marchés (0.14) région (0.14) ville (0.14) accueil (0.09) cœur (0.09) défense (0.09) emplacements (0.09) entreprises (0.09) fin (0.09) français (0.09) fêtes (0.09) germain (0.09) huttopia (0.09) hébergements (0.09) hôtel (0.09) parvis (0.09) patinoire (0.09) pied (0.09) pros (0.09) réserver (0.09) tout (0.09)noël (0.55) paris (0.52) marché (0.27) modifier (0.24) portail (0.23) articles (0.22) liés (0.17) code (0.15) marchés (0.13) plus (0.13) parvis (0.12) saint (0.12) haussmann (0.10) chalets (0.09) article (0.08) champs (0.08) élysées (0.08) avenue (0.06) cette (0.06) france (0.06) masquer (0.06) page (0.06) voir (0.06) lafayette (0.05) latérale (0.05) patinoire (0.05) tourisme (0.05) wikimedia (0.05) wikipédia (0.05) église (0.05)noël (0.54) paris (0.41) marché (0.28) plus (0.26) 2024 (0.22) novembre (0.18) décembre (0.17) secrets (0.17) faire (0.15) mail (0.15) marchés (0.15) lieu (0.13) place (0.13) tout (0.13) village (0.13) 2025 (0.11) boîte (0.11) date (0.11) gratuit (0.11) prix (0.11) villes (0.11) beaux (0.09) chalets (0.09) expériences (0.09) meilleures (0.09) 29 (0.07) année (0.07) janvier (0.07) ville (0.07) événement (0.07),"- **Histoire des Marchés de Noël à Paris** : Intégrer une brève histoire des marchés de Noël parisiens, en mentionnant leur origine et leur évolution au fil des années.
- **Impact Économique** : Ajouter des informations sur l'impact économique des marchés de Noël, notamment en termes de tourisme et de soutien aux artisans locaux.
- **Animations et Activités** : Détailler les types d'animations et d'activités proposées, comme les ateliers pour enfants, les concerts ou les spectacles de rue.
- **Initiatives Écologiques** : Mentionner les initiatives écologiques mises en place lors des marchés, telles que la réduction des déchets ou l'utilisation de matériaux recyclables.
- **Sécurité et Accessibilité** : Fournir des informations sur les mesures de sécurité et les options d'accessibilité pour les visiteurs, y compris les transports en commun desservant les différents marchés.","- L'artisanat français fête ses 100 ans en 2025 Découvrez un large choix d'ateliers manuels à faire dans Paris Voir
- Du 13 décembre au 5 janvier 2025 Place de la Concorde, Paris 8e
- Du 16 novembre 2024 au 5 janvier 2025 Jardin des Tuileries - place de la Concorde, Paris 1er
- Du 29 novembre au 25 décembre 2024 Square René Viviani - 2 rue du Fouarre, Paris 4e
- Du 27 novembre au 7 janvier 2025 Boulevard Saint-Germain, Paris 6e
- Du 23 novembre au 29 décembre 2024 Place de la Fontaine-aux-Lions, Paris 19e
- Du 14 novembre au 29 décembre 2024 Parvis de la Défense, 92
- Du 30 novembre au 28 décembre 2024 Galerie Joseph - 66 rue Charlot, Paris 3e
- Du 1er décembre 2024 Place Jules Joffrin, Paris 18e
- Du 6 au 8 décembre 2024 Les Canaux - 6 quai de la Seine, Paris 19e
- Du 6 au 8 décembre 2024 Halle des Blancs-Manteaux - 48 rue Vieille du Temple, Paris 4e
- Du 22 novembre au 6 janvier 2025 Place des Abbesses, Paris 18e
- Du 22 novembre au 10 janvier 2025 Quai Branly - Jacques-Chirac, Paris 7e
- Du 28 novembre au 22 décembre 2024 Galerie des Ateliers de Paris - 30 rue du faubourg saint-Antoine, Paris 12e
- Du 29 novembre au 1er décembre 2024 Église Suédoise - 9 rue Médéric, Paris 17e
- Du 29 novembre au 15 décembre 2024 Parvis de la Gare de l'Est - côté rue d'Alsace, Paris 10e
- Du 30 novembre 2024 St George’s Anglican Church - 7 rue Auguste Vacquerie, Paris 16e
- Du 30 novembre 2024 Mairie du 12e - 130, avenue Daumesnil, Paris 12e
- Les 30 novembre et 1er décembre 2024 Grrrande : marché de Noël : les 7 et 8 décembre 2024 Ecovillage de Noël X Tunis sur Seine : les 14 et 15 décembre 2024
- Les 30 novembre, 1er, 7, 8, 14, 15, 21 et 22 décembre 2024 La Cité Fertile - 14 avenue Edouard Vaillant, Pantin (93)
- Du 30 novembre au 28 décembre 2024 Galerie Joseph - 66 rue Charlot, Paris 3e
- Du 6 au 8 décembre 2024 Marché de Noël du Lions Club Paris Ile de la Cité
- Du 7 et 8 décembre 2024 Marché de Noël végane
- Du 15 décembre 2024 Marché de Noël des arts gourmands : le 15 décembre 2024 Hoba - parc Martin Luther King - 147 rue Cardinet, Paris 17e
- Du 7 au 15 décembre 2024 Les apprentis d'Auteuil - 40 rue Jean-de-la-Fontaine, Paris 16e
- Le 14 décembre 2024 Paris Event Center - 20 avenue de la porte de la Villette, Paris 19e
- Le 14 décembre 2024 Place de la Garenne et rue Sainte Léonie, Paris 14e
- Du 17 au 24 décembre 2024 Place Geneviève de Gaulle Anthonioz, Paris 15e
- Du 17 décembre au 7 janvier 2025 Place Raoul Dautry, Paris 15e
- Du 18 au 22 décembre 2024 Rue d'Alésia, Paris 14e
- Du 19 décembre au 16 janvier 2025 Place Saint-Michel, Paris 6e
- Du 24 novembre 2024 au 7 janvier 2025 Place des Abbesses 75018 Paris",marche de noel a paris,"Les plus beaux marchés de Noël de Paris - SNCF Connect Aller au contenu principal Voyager Voyager Voyager Fermer Tout pour voyager Réserver Réserver Billets de train Voyages en bus Trajets en covoiturage Location de voiture Hôtels Taxi/VTC Bons plans Bons plans Voyages en groupe Voyages pro Enfant voyageant seul Informations Informations Horaires en gare Info trafic Handicap et accessibilité Tous les transporteurs Tous les services Nos réponses à vos questions Guide de voyage Guide de voyage Où voyager en France, en Europe Voyager selon vos envies Billets Billets Billets Fermer Voir vos billets et titres Vos voyages Vos voyages Tous vos voyages Importer un voyage Compensation en cas de retard Faire une réclamation Modifier un voyage Assurance Allianz Vos cartes et abonnements Vos cartes et abonnements Importer une carte ou abonnement Acheter une carte ou abonnement Compléter votre voyage Compléter votre voyage Louer une voiture Réserver un hôtel Réserver un Taxi/VTC Transports urbains Restauration à bord TGV INOUI Restauration à bord INTERCITES Tous les services Offres Offres Offres Fermer Parcourir toutes les offres Cartes et abonnements SNCF Cartes et abonnements SNCF Carte Avantage Jeune Carte Avantage Adulte Carte Avantage Senior Carte Liberté Abonnement MAX ACTIF Abonnement MAX JEUNE Toutes les cartes et abonnements Offres régionales Offres régionales TER Auvergne-Rhône-Alpes TER Hauts de France LiO Train Occitanie TER Nouvelle-Aquitaine Titres Île-de-France Mobilités Consulter les offres régionales Offres urbaines Offres urbaines Avignon – Réseau Orizo Caen – Réseau Twisto Montbéliard – Réseau évolitY Perpignan – Réseau Sankéo Sophia Antipolis – Réseau Envibus Tours – Réseau Fil Bleu Consulter les offres urbaines Services Services Louer une voiture Réserver un hôtel Réserver un Taxi/VTC Assurer votre voyage Livraison de bagages Transport de véhicules Restauration à bord Domicile + Train Tous les services Compte Compte Compte Fermer Accéder à votre compte Vos espaces Vos espaces Se connecter Se créer un compte Espace MAX JEUNE Espace MAX SENIOR Communauté SNCF Connect Vos informations Vos informations Vos informations personnelles Cartes et programmes de fidélité Vos achats Vos moyens de paiement Compagnons de voyage Aide et légal Aide et légal Charte de confidentialité Conditions générales d'utilisation Compensation en cas de retard Aide en ligne Contacts Les plus beaux marchés de Noël de Paris Accueil A voir, à faire Paris Les plus beaux marchés de Noël de Paris Chaque année à l’approche de Noël, la ville Lumière se pare de mille feux pour vous faire vivre une fin d’année magique. De La Défense aux Tuileries, direction les marchés de Noël de Paris. Réserver un billet de train Réserver un billet de train Rechercher Annuler Sommaire Le marché de Noël du jardin des Tuileries Le marché de Noël de la Défense Le marché de Noël de Paris Notre-Dame Le village de Noël de la Tour Eiffel Le marché de Noël de la Gare de l'Est Grande Roue de Paris, jardin des Tuileries - © VFKA Le marché de Noël du jardin des Tuileries Marché de Noël Incontournable, le marché de Noël du Jardin des Tuileries est de retour avec au programme, des produits 100% Made In France , avec notamment un marché gourmand et des artisans proposant des idées cadeaux, des illuminations et des animations comme la Patinoire de Noël . Fête foraine À la fois marché et fête foraine , les manèges et animations y sont également présents, faisant le bonheur des familles. Prenez de la hauteur dans la Grande Roue , puis redescendez aux pieds des chalets de bois pour y déguster les meilleures spécialités de Noël de nos régions. Du 18 novembre 2023 au 7 janvier 2024. Marché de Noël à La Défense, Paris - © RomanBabakin Le marché de Noël de la Défense Aux portes de Paris, ne ratez pas le Marché de Noël de la Défense au pied de la Grande Arche. Le plus grand marché de Noël d'Ile-de-France est forcément signe d'inspiration pour vos cadeaux de Noël. Le lieu est spectaculaire surtout la nuit, quand tout s’illumine, des petits étals aux imposants buildings en arrière-plan. Le père Noël est même présent ! Vous assistez également à des défilés de personnages lumineux, des animations musicales, des soirées avec des DJ et des ateliers créations pour les enfants mais également pour les adultes ! Du 16 novembre au 27 décembre 2023. Père Noël donnant un cadeaux à un enfant - © iStock - gpointstudio Le marché de Noël de Paris Notre-Dame Au pied de la célèbre Cathedrale Notre Dame de Paris , plus d’une cinquantaine d’artisans d’art se rassemblent pour vous proposer de quoi faire de jolis cadeaux cette année : créateurs de mode et d’accessoires, sculpteurs de verre, stylistes… L' artisanat est vraiment le thème principal de ce marché : les bijoux, la calligraphie, des créations de verre en passant par des portes bougies. Du 8 au 25 décembre 2023. patinoire - © AleksandarNakic Le village de Noël de la Tour Eiffel Au pied de la Tour Eiffel, revient cette année un Village de Noël ! Rendez-vous sur les pelouses du Champ-de-Mars pour titiller vos papilles grâce à la présence de nombreux stands gourmands et régionaux. Spécialités alsaciennes et savoyardes, stand de vin chaud... Des animations magiques sont également au programme durant les festivités, avec bien sûr de nombreux chalets à découvrir. Décembre 2023 et janvier 2024. Décoration marché de Noël - © Istock_HINCKER L'Alsace fête Noël à la Gare de l'Est Ils reviennent, installés sur le parvis de la Gare de l'Est ! Les producteurs alsaciens s'installent gare de l'Est pour faire découvrir les meilleurs produits de leur région : Kougelhopf, Mannele en pain d’épices et en brioche, bredele, galettes de pommes de terre, Munster... Pour cette nouvelle édition du plus ancien marché de Noël alsacien hors de sa région , toutes les traditions gourmandes des fêtes de fin d'année alsaciennes seront à l'honneur sous un chapiteau qui sent bon l'Alsace. Du 1er au 17 décembre 2023. Cet article vous a plu ? Partagez-le ! Facebook WhatsApp X, formerly Twitter Pinterest Mail Juliette Bassine Rédaction SNCF Connect 24/11/2023 Préparez votre séjour : Paris au départ de Marseille Lyon Lille Bordeaux 31 / 07 Dès 29 € (1) 01 / 08 Dès 36 € (1) 02 / 08 Dès 45 € (1) 03 / 08 Dès 46 € (1) 04 / 08 Dès 29 € (1) 05 / 08 Dès 25 € (1) Le moins cher 06 / 08 Dès 25 € (1) Le moins cher Vous aimerez aussi Fermer Voir tout Visite du Stade de France à Saint-Denis : le temple du sport et du spectacle Gare Montparnasse : les meilleures options de restauration Top 10 des plus belles promenades dans Paris : découvrez la capitale autrement Que faire dans le quartier Saint-Michel à Paris ? La Tour Eiffel, l’emblème national Paris au fil des arrondissements La culture à Paris pour les phobiques des musées Voyage pro à Paris :  Que faire dans la capitale entre deux rendez-vous ? Que faire autour de la place Dauphine à Paris ? Bio : Notre top 5 des meilleurs restaurants parisiens Top 5 des meilleurs restaurants de poissons à Paris Les meilleurs pubs irlandais de Paris Mentions légales (1) Voir les conditions des offres (1) Tarifs TTC, à partir de, pour une personne, pour un aller simple, en 2nd classe, sur une sélection de trains et de dates et sous réserve de disponibilité. Offres soumises à conditions d'échanges et de remboursement des transporteurs concernés à consulter lors de la commande. Paiement en ligne. Offres non cumulables avec d'autres promotions SNCF. Nos engagements Meilleurs prix garantis Paiement sécurisé Contact 7j/7 Service client de l'année 2025 Moyens de paiement Infos et conditions Paiement en Chèque-Vacances Connect Infos et conditions de paiement avec les cartes Ayvens, Betterway, Pluxee ou RoadMate Choix du pays Langue France Langue Belgique België Belgium Deutschland España France Italia Luxembourg Nederland Suisse Schweiz Switzerland Other regions and countries Nos partenaires Inscrivez-vous à notre newsletter et profitez des meilleurs bons plans Suivez-nous ! L'entreprise Conditions de présentation des offres sur le site Conditions générales de vente Droits des voyageurs ferroviaires et Règlement européen n°2021/782 Informations légales Charte de confidentialité et cookies Gestion des cookies Partenariat Régie publicitaire Devenir partenaire ou affilié Widget SNCF Connect Sites du groupe Site SNCF Connect & Tech Espace Presse SNCF Connect & Tech Carrières SNCF Connect & Tech Le compte des agents SNCF Groupe-sncf.com Emploi Groupe SNCF Vous informer Aide Contactez-nous Vos billets Communauté SNCF Connect Plan du site SNCF Connect Guide du voyageur Franchissement frontière Handicap & mobilité réduite Nos services pour les voyageurs PSH/PMR Tout savoir sur le service d'assistance en gare Accessibilité numérique : conformité partielle Fonctionnalités d'accessibilité de nos applications mobiles Les autres services d'assistance en Europe Transporteurs TGV INOUI OUIGO TER BlaBlaCar Bus FlixBus BlaBlaCar INTERCITES LYRIA EUROSTAR TGV INOUI vers Bruxelles DB SNCF Voyageurs en coopération TGV INOUI vers l'Espagne TGV INOUI vers l'Italie TGV INOUI vers le Luxembourg TGV INOUI vers Fribourg Itinéraires populaires Train Paris Bordeaux Train Paris Marseille Train Bordeaux Paris Train Paris Lyon Train Paris Bruxelles Train Paris Strasbourg Train Paris Toulouse Train Toulouse Paris Train Lyon Paris Train Paris Amsterdam Train Paris Lille Train Nantes Paris Train Paris Genève Train Paris Barcelone Train Paris Nantes Trajets Transporteurs TGV INOUI Lille-Paris TGV INOUI Lyon-Paris TGV INOUI Paris-Nice TGV INOUI Marseille-Paris TGV INOUI Paris-Nantes OUIGO Fleury-les-Aubrais-Paris OUIGO Paris-Fleury-les-Aubrais OUIGO Rennes-Paris OUIGO Marseille-Lyon OUIGO Nantes-Paris TER Paris-Trouville Deauville TER Trouville Deauville-Paris TER Paris-Le Mans TER Le Mans-Paris TER Nice-Cannes : horaires et billets Top destinations Train France Train Paris Train Lyon Train Bordeaux Train Strasbourg Train Nantes Train Marseille Train Lille Train Marne-la-Vallée Chessy (Disneyland® Paris) Train Amsterdam Train Londres Train Barcelone Train Rennes Train Italie Train Suisse Nos applications mobiles","Les plus beaux marchés de Noël de Paris
Réserver un billet de train
Sommaire
Le marché de Noël du jardin des Tuileries
Marché de Noël
Fête foraine
Le marché de Noël de la Défense
Le marché de Noël de Paris Notre-Dame
Le village de Noël de la Tour Eiffel
L'Alsace fête Noël à la Gare de l'Est
Préparez votre séjour : Paris au départ deMarseilleLyonLilleBordeaux
Vous aimerez aussi
Mentions légales"
spécialités francaise,"- Découvrez les spécialités françaises incontournables à déguster
- Les spécialités culinaires françaises à ne pas manquer
- Explorez le top des spécialités gastronomiques françaises",tgv inoui (12) train paris (12) sncf connect (8) paris train (6) 10 spécialités (5) cartes abonnements (5) inoui vers (5) spécialités gastronomiques (4) foie gras (4) quiche lorraine (4)spécialités culinaires (23) culinaires françaises (7) billets paris (7) liste spécialités (6) cuisine française (5) pommes terre (4) spécialité culinaire (3) typiques cuisine (3) cette recette (3) coq vin (3)meilleures spécialités (5) min lecture (5) cette spécialité (5) cuisine française (5) pommes terre (5) bœuf bourguignon (5) top 20 (4) 20 meilleures (4) spécialités culinaires (4) magazine voyageur (4),tgv inoui vers (5) 10 spécialités gastronomiques (4) spécialités gastronomiques françaises (3) gastronomiques françaises savourer (3) sncf connect tech (3) paris train paris (3) compensation cas retard (2) louer voiture réserver (2) voiture réserver hôtel (2) réserver hôtel réserver (2)spécialités culinaires françaises (7) liste spécialités culinaires (5) typiques cuisine française (3) ça a lair (2) spécialité culinaire française (2) fait liste spécialités (2) culinaires françaises ouigo (1) françaises ouigo aller (1) ouigo aller contenu (1) aller contenu principal (1)top 20 meilleures (4) 20 meilleures spécialités (4) meilleures spécialités culinaires (4) billets davion trains (3) davion trains louer (3) trains louer voiture (3) louer voiture hôtels (3) spécialités culinaires françaises (3) min lecture top (3) rechercher billets davion (2),train (0.55) paris (0.47) sncf (0.22) plat (0.20) inoui (0.19) tgv (0.19) offres (0.17) france (0.16) bordeaux (0.14) connect (0.14) ter (0.14) réserver (0.13) voyage (0.13) billets (0.11) cartes (0.11) istock (0.11) services (0.11) spécialités (0.11) terre (0.11) voyager (0.11) carte (0.09) compte (0.09) informations (0.09) ouigo (0.09) réseau (0.09) savourer (0.09) tout (0.09) vers (0.09) voyages (0.09) amann (0.08)spécialités (0.42) culinaires (0.39) paris (0.28) ouigo (0.27) france (0.22) plat (0.22) si (0.22) billets (0.20) française (0.20) plus (0.20) françaises (0.17) liste (0.17) très (0.17) souvent (0.13) ça (0.13) français (0.12) sud (0.12) aussi (0.10) bien (0.10) comme (0.10) train (0.10) viande (0.10) vin (0.10) œufs (0.10) bœuf (0.08) cette (0.08) crème (0.08) cuisine (0.08) lyon (0.08) version (0.08)plat (0.43) france (0.35) plus (0.29) française (0.25) cette (0.22) spécialité (0.22) vin (0.22) comme (0.18) bœuf (0.16) pommes (0.16) si (0.16) top (0.16) blanquette (0.14) fromage (0.14) meilleures (0.14) ail (0.12) base (0.12) bien (0.12) légumes (0.12) raclette (0.12) spécialités (0.12) terre (0.12) variantes (0.12) viande (0.12) culinaire (0.10) escargots (0.10) fondue (0.10) français (0.10) rouge (0.10) région (0.10),"- **Accords Mets et Vins** : Chaque spécialité française est souvent accompagnée de vins spécifiques qui en rehaussent les saveurs, comme le bœuf bourguignon avec un Pinot Noir de Bourgogne ou la bouillabaisse avec un rosé de Provence.
- **Variations Régionales** : De nombreuses spécialités possèdent des variantes locales, par exemple la tarte flambée en Alsace ou la choucroute garnie du Sud-Ouest, reflétant la diversité culinaire de la France.
- **Importance Culturelle** : Les plats comme le coq au vin et la raclette jouent un rôle central dans les traditions familiales et les festivités régionales, renforçant le lien entre gastronomie et héritage culturel.
- **Tourisme Gastronomique** : La popularité des spécialités françaises attire des touristes culinaires du monde entier, contribuant ainsi à l'économie locale et à la renommée internationale de la cuisine française.
- **Bienfaits Nutritionnels** : Beaucoup de spécialités françaises intègrent des ingrédients locaux et de saison, offrant un équilibre nutritionnel et mettant en valeur la qualité des produits utilisés.","- ""avec notre sélection de 10 spécialités incontournables.""
- ""jusqu’à ce que le sud-ouest devienne, au XIXe siècle, l’épicentre des « marchés au gras ».""
- ""En 1870, l’annexion de la région par les Prussiens pousse de nombreux habitants à l’exode.""
- ""celle du cassoulet remonte à la guerre de Cent Ans où, semble-t-il, les Français assiégés par les Anglais...""
- ""Antonin Carême, chef cuisinier, invente en 1814""
- ""service depuis le XIXe siècle""
- ""un jour de forte affluence dans sa boutique, en 1860.""",spécialités francaise,"10 spécialités gastronomiques françaises à savourer - SNCF Connect Aller au contenu principal Voyager Voyager Voyager Fermer Tout pour voyager Réserver Réserver Billets de train Voyages en bus Trajets en covoiturage Location de voiture Hôtels Taxi/VTC Bons plans Bons plans Voyages en groupe Voyages pro Enfant voyageant seul Informations Informations Horaires en gare Info trafic Handicap et accessibilité Tous les transporteurs Tous les services Nos réponses à vos questions Guide de voyage Guide de voyage Où voyager en France, en Europe Voyager selon vos envies Billets Billets Billets Fermer Voir vos billets et titres Vos voyages Vos voyages Tous vos voyages Importer un voyage Compensation en cas de retard Faire une réclamation Modifier un voyage Assurance Allianz Vos cartes et abonnements Vos cartes et abonnements Importer une carte ou abonnement Acheter une carte ou abonnement Compléter votre voyage Compléter votre voyage Louer une voiture Réserver un hôtel Réserver un Taxi/VTC Transports urbains Restauration à bord TGV INOUI Restauration à bord INTERCITES Tous les services Offres Offres Offres Fermer Parcourir toutes les offres Cartes et abonnements SNCF Cartes et abonnements SNCF Carte Avantage Jeune Carte Avantage Adulte Carte Avantage Senior Carte Liberté Abonnement MAX ACTIF Abonnement MAX JEUNE Toutes les cartes et abonnements Offres régionales Offres régionales TER Auvergne-Rhône-Alpes TER Hauts de France LiO Train Occitanie TER Nouvelle-Aquitaine Titres Île-de-France Mobilités Consulter les offres régionales Offres urbaines Offres urbaines Avignon – Réseau Orizo Caen – Réseau Twisto Montbéliard – Réseau évolitY Perpignan – Réseau Sankéo Sophia Antipolis – Réseau Envibus Tours – Réseau Fil Bleu Consulter les offres urbaines Services Services Louer une voiture Réserver un hôtel Réserver un Taxi/VTC Assurer votre voyage Livraison de bagages Transport de véhicules Restauration à bord Domicile + Train Tous les services Compte Compte Compte Fermer Accéder à votre compte Vos espaces Vos espaces Se connecter Se créer un compte Espace MAX JEUNE Espace MAX SENIOR Communauté SNCF Connect Vos informations Vos informations Vos informations personnelles Cartes et programmes de fidélité Vos achats Vos moyens de paiement Compagnons de voyage Aide et légal Aide et légal Charte de confidentialité Conditions générales d'utilisation Compensation en cas de retard Aide en ligne Contacts 10 spécialités gastronomiques françaises à savourer Accueil A voir, à faire pour Savourer 10 spécialités gastronomiques françaises à savourer Envie de vous faire plaisir ? D’est en ouest, du nord au sud, la France est une terre de culture, de nature et de gastronomie. Vous croyez connaitre la gastronomie française ? Redécouvrez-la, toutes papilles en action, avec notre sélection de 10 spécialités incontournables. Réserver un billet de train Réserver un billet de train Rechercher Annuler 10 spécialités gastronomiques à savourer en France : La choucroute alsacienne Le foie gras du Périgord La bouillabaisse marseillaise La quiche lorraine Le cassoulet toulousain Les escargots de Bourgogne La tartiflette savoyarde L'aligot d'Auvergne Le kouigh-amann breton Le welsh lillois Choucroute - © Istock - Margouillat Photos La choucroute alsacienne La renommée de cette mitonnée de choux fermenté, viande, charcuterie et pommes de terre n’est plus à faire. De quoi se revigorer tout en faisant le plein de vitamines. Les premières traces de ce procédé de choux fermenté viennent de Chine . La fermentation au sel et sans oxygène assure de façon naturelle et saine la conservation. La légende raconte que c'est à Attila et son armée de Huns qu'on les doit, suite à leur passage dans l’est de la France. La choucroute alsacienne accompagnée d’un vin de la région est un incontournable d’un séjour en Alsace ! © Istock - Jean-Bernard Nadeau Le foie gras du Périgord Etonnamment, le nom de foie gras viendrait du mot figue, fruit utilisé pour engraisser les oies et les canards. Des bas-reliefs attestent de l’élevage des oies dès l’Egypte ancienne. La production et la consommation du foie gras a été constante dans différentes régions, jusqu’à ce que le sud-ouest devienne, au XIXe siècle, l’épicentre des « marchés au gras ». Qu’il soit de canard ou d’oie, ce met riche mais sain est à savourer sans l'écraser pour profiter pleinement de sa texture fondante et de son arôme délicat. © Oxana Medvedeva La bouillabaisse marseillaise C’est un plat marseillais à base de soupe de poissons de roches. A l’origine plat des pêcheurs pauvres, la bouillabaisse est devenue un met recherché. On sert dans l’ordre : le bouillon, les poissons, les pommes de terre puis pour finir les croûtons frottés à l’ail et la rouille, la mayonnaise provençale. Saveurs mer-terre garanties. Le nom de bouillabaisse vient du provençal « Lou Bouï Abaisso » qui signifie « quand ça boue, tu baisses » ! Quiche lorraine - © Adobe Stock - dambuster La quiche lorraine La quiche lorraine est une tarte salée aux origines populaires à base de produits de la ferme . Sur une pâte brisée, on dépose une garniture mélangeant œufs et crème - appelée migaine - et du lard fumé. En 1870, l’annexion de la région par les Prussiens pousse de nombreux habitants à l’exode. La notoriété de ce plat se répand en suivant les périples des Lorrains. © iStock-Ekaterina_Lin Le cassoulet toulousain Encore un plat entouré de légende. Celle du cassoulet remonte à la guerre de Cent Ans où, semble-t-il, les Français assiégés par les Anglais et à bout de force auraient repris vigueur après avoir mis en commun et cuisiné leurs restes. La recette était née. La riche combinaison de haricots blancs et de viande, canard (sud-ouest oblige), morceaux de porc et saucisses… de Toulouse permet, c'est certain, de gagner toutes les batailles ! Plat d'escargots de Bourgogne - © Istock - Lauri Patterson Les escargots de Bourgogne C'est dans une auberge de Bourgogne où le Tsar Nicolas 1 er est reçu par Talleyrand qu'Antonin Carême, chef cuisinier, invente en 1814, un plat inédit. Sa préparation à base d’escargots, d’ail, beurre et persil est une telle réussite que le Tsar en devient friand. Les escargots consommés depuis l’Antiquité deviennent, grâce à Antonin Carême, un plat gastronomique servi depuis le XIXe siècle dans les meilleurs restaurants et un symbole de la gastronomie bourguignonne. >> Les bonnes adresses gourmandes à Dijon Tartiflette  - © Istock - margouillatphoto La tartiflette savoyarde Voilà un plat qui réchauffe et qui rassasie tout en faisant ressentir le grand air montagnard. Plat paysan par excellence, la tartiflette tire son nom du mot savoyard tartiflâ, pomme de terre . Elle se prépare traditionnellement dans une poêle à manche très long avec des pommes de terre, des oignons, des lardons et du reblochon, fromage fondant et crémeux à souhait. L'aligot, une des spécialités auvergnates - © iStock - margouillatphotos L'aligot d'Auvergne Surnommé le ruban de l’amitié, l’ aligot est une combinaison de purée de pomme de terre, de tome fraîche, de crème et d’ail. Sa texture souple est le résultat d’un long et délicat travail en ruban. Cette spécialité d’Auvergne est un plat convivial de fête dont la recette initiale remonte au Moyen Age . Elle était servie dans les monastères, aux pèlerins en route vers Saint-Jacques-de-Compostelle. Kouign Amann, Bretagne - © iStock - Nayomiee Le kouigh-amann de Bretagne La signification de kouigh-amann, ou « gâteau au beurre », parle de lui-même ! Du beurre, beaucoup, du sucre, de la farine et un peu de levure donnent à l’arrivée le célèbre gâteau breton au bon goût de… beurre délicatement caramélisé. La difficulté de sa réalisation tient à la technique nécessaire pour réaliser le travail de la pâte en feuilletage. Parmi les histoires qui tentent d’expliquer sa création, la plus crédible serait celle d ’un boulanger de Douarnenez qui aurait créé le kouign Amann par hasard , un jour de forte affluence dans sa boutique, en 1860. Cette année-là, Yves-René Scordia disposait de beaucoup de beurre mais la farine lui manquait… Alors, pour satisfaire la demande de ses clients, ce boulanger aurait volontairement créé une pâte à pain ratée en utilisant les ingrédients dans de mauvaises proportions et, une fois cuite, cette pâte aurait donné un résultat surprenant : un gâteau croustillant et caramélisé ! Welsh, plat lillois - © Adobe Stock - ALF photo Le welsh lillois Il est tout simple le welsh, mais il porte en lui la chaleur des gens du nord. C'est une tartine de pain grillé moutardée garnie de fromage rôti à la bière et de jambon . A Lille, vous en trouverez des variations infinies dont la version dite complète avec un œuf au plat. Bien qu’il soit une fierté de la gastronomie lilloise, le welsh puise ses racines dans la gastronomie du Pays de Galles (d’où l’utilisation du cheddar). Evidemment, ce plat riche s'accompagne de frites ! Cet article vous a plu ? Partagez-le ! Facebook WhatsApp X, formerly Twitter Pinterest Mail Sandrine David Rédactrice 18/04/2025 Vous aimerez aussi Fermer Voir tout La cueillette en self-service à la ferme, la nouvelle tendance écolo-bio Les meilleurs restaurants de Saint-Brieuc Où manger des sardines en Bretagne ? Notre top 5 des bonnes adresses gastronomiques à Rotterdam Les spécialités catalanes à tester sur la Costa Brava Top 5 des activités et découvertes culinaires pour voyager en France Street food à Bordeaux : saveurs authentiques à découvrir Les meilleures guinguettes de Bordeaux : moments conviviaux au bord de l'eau Bordeaux : Le Jardin botanique et Darwin Eco-System Notre top 6 des activités à faire à Bordeaux Top 5 des meilleurs restaurants à poissons de Bordeaux Sortir le soir entre amis à Bordeaux Nos engagements Meilleurs prix garantis Paiement sécurisé Contact 7j/7 Service client de l'année 2025 Moyens de paiement Infos et conditions Paiement en Chèque-Vacances Connect Infos et conditions de paiement avec les cartes Ayvens, Betterway, Pluxee ou RoadMate Choix du pays Langue France Langue Belgique België Belgium Deutschland España France Italia Luxembourg Nederland Suisse Schweiz Switzerland Other regions and countries Nos partenaires Inscrivez-vous à notre newsletter et profitez des meilleurs bons plans Suivez-nous ! L'entreprise Conditions de présentation des offres sur le site Conditions générales de vente Droits des voyageurs ferroviaires et Règlement européen n°2021/782 Informations légales Charte de confidentialité et cookies Gestion des cookies Partenariat Régie publicitaire Devenir partenaire ou affilié Widget SNCF Connect Sites du groupe Site SNCF Connect & Tech Espace Presse SNCF Connect & Tech Carrières SNCF Connect & Tech Le compte des agents SNCF Groupe-sncf.com Emploi Groupe SNCF Vous informer Aide Contactez-nous Vos billets Communauté SNCF Connect Plan du site SNCF Connect Guide du voyageur Franchissement frontière Handicap & mobilité réduite Nos services pour les voyageurs PSH/PMR Tout savoir sur le service d'assistance en gare Accessibilité numérique : conformité partielle Fonctionnalités d'accessibilité de nos applications mobiles Les autres services d'assistance en Europe Transporteurs TGV INOUI OUIGO TER BlaBlaCar Bus FlixBus BlaBlaCar INTERCITES LYRIA EUROSTAR TGV INOUI vers Bruxelles DB SNCF Voyageurs en coopération TGV INOUI vers l'Espagne TGV INOUI vers l'Italie TGV INOUI vers le Luxembourg TGV INOUI vers Fribourg Itinéraires populaires Train Paris Bordeaux Train Paris Marseille Train Bordeaux Paris Train Paris Lyon Train Paris Bruxelles Train Paris Strasbourg Train Paris Toulouse Train Toulouse Paris Train Lyon Paris Train Paris Amsterdam Train Paris Lille Train Nantes Paris Train Paris Genève Train Paris Barcelone Train Paris Nantes Trajets Transporteurs TGV INOUI Lille-Paris TGV INOUI Lyon-Paris TGV INOUI Paris-Nice TGV INOUI Marseille-Paris TGV INOUI Paris-Nantes OUIGO Fleury-les-Aubrais-Paris OUIGO Paris-Fleury-les-Aubrais OUIGO Rennes-Paris OUIGO Marseille-Lyon OUIGO Nantes-Paris TER Paris-Trouville Deauville TER Trouville Deauville-Paris TER Paris-Le Mans TER Le Mans-Paris TER Nice-Cannes : horaires et billets Top destinations Train France Train Paris Train Lyon Train Bordeaux Train Strasbourg Train Nantes Train Marseille Train Lille Train Marne-la-Vallée Chessy (Disneyland® Paris) Train Amsterdam Train Londres Train Barcelone Train Rennes Train Italie Train Suisse Nos applications mobiles","10 spécialités gastronomiques françaises à savourer
Réserver un billet de train
10 spécialités gastronomiques à savourer en France :
La choucroute alsacienne
Le foie gras du Périgord
La bouillabaisse marseillaise
La quiche lorraine
Le cassoulet toulousain
Les escargots de Bourgogne
La tartiflette savoyarde
L'aligot d'Auvergne
Le kouigh-amann de Bretagne
Le welsh lillois
Vous aimerez aussi"
attraction disneyland paris sensation forte,"- Attractions à sensations fortes à Disneyland Paris - Guide complet des sensations fortes
- Découvrez les attractions à sensations fortes de Disneyland Paris
- Disneyland Paris : Les meilleures attractions pour des sensations fortes",tgv inoui (12) train paris (12) sncf connect (9) disneyland paris (8) paris train (7) 08 dès (6) cartes abonnements (5) inoui vers (5) attractions sensations (3) sensations disneyland (3)disneyland paris (47) paris guide (9) cette attraction (7) séjour disneyland (6) guide ultime (6) sensations fortes (5) guide disney (5) secrets disneyland (5) guide disneyland (5) cet article (5)disneyland paris (8) toutes attractions (7) règlement intérieur (5) voir toutes (4) attractions tous (3) attractions sensations (3) attractions parcs (3) parcs disney (3) savoir plus (3) attractions disneyland (2),tgv inoui vers (5) attractions sensations disneyland (3) sensations disneyland paris (3) indiana jones temple (3) jones temple péril (3) hollywood tower hotel (3) sncf connect tech (3) paris train paris (3) compensation cas retard (2) louer voiture réserver (2)disneyland paris guide (9) séjour disneyland paris (6) secrets disneyland paris (5) guide disneyland paris (5) attractions sensations fortes (4) sensations fortes disneyland (4) fortes disneyland paris (4) paris guide ultime (4) top 7 attractions (3) 7 attractions sensations (3)voir toutes attractions (4) attractions disneyland paris (2) toutes attractions attractions (2) disney premier access (2) existetil limitations taille (2) limitations taille attractions (2) taille attractions parcs (2) lattente attractions estelle (2) attractions estelle gerable (2) estelle gerable enfants (2),train (0.56) paris (0.54) sncf (0.23) offres (0.20) inoui (0.17) tgv (0.17) connect (0.14) voyage (0.14) ter (0.13) compte (0.11) disneyland (0.11) réserver (0.11) billets (0.10) cartes (0.10) conditions (0.10) dès (0.10) services (0.10) 08 (0.09) attraction (0.09) bord (0.09) carte (0.09) coaster (0.09) informations (0.09) istock (0.09) lyon (0.09) ouigo (0.09) paiement (0.09) réseau (0.09) voyager (0.09) voyages (0.09)paris (0.59) disneyland (0.58) guide (0.25) attraction (0.18) cette (0.17) attractions (0.15) disney (0.14) sensations (0.12) article (0.11) si (0.11) plus (0.10) séjour (0.10) ultime (0.10) 03 (0.09) 2025 (0.09) cet (0.09) coaster (0.09) valentin (0.09) voyage (0.09) parcours (0.07) secrets (0.07) actualités (0.06) fortes (0.06) intérieur (0.06) mountain (0.06) partie (0.06) top (0.06) très (0.06) 29 (0.05) iron (0.05)attractions (0.70) disney (0.27) parcs (0.24) disneyland (0.22) paris (0.22) tous (0.19) toutes (0.19) plus (0.16) voir (0.16) intérieur (0.13) règlement (0.13) accessibilité (0.11) attente (0.11) ge (0.11) services (0.11) application (0.08) droits (0.08) faire (0.08) grâce (0.08) informations (0.08) non (0.08) photos (0.08) savoir (0.08) sensations (0.08) site (0.08) conforme (0.05) consultez (0.05) officielle (0.05) ouvertes (0.05) rable (0.05),"- L'attraction ""Indiana Jones et le Temple du Péril"" propose un looping à grande vitesse au milieu des ruines d'un temple, offrant des sensations fortes uniques.
- ""HyperSpace Mountain"" propulse les visiteurs dans l'espace à grande vitesse avec des inversions dans le noir total, pour une expérience palpitante.
- ""Crush's Coaster"" combine des descentes rapides, des virages serrés et des rotations à 360 degrés dans un parcours inspiré de l'océan.
- La ""Tour de la Terreur"" simule une chute libre vertigineuse de treize étages, plongeant les visiteurs dans une aventure effrayante.
- ""RC Racer"" fait monter et descendre les passagers sur un circuit en forme de U atteignant 25 mètres de hauteur, pour des sensations fortes garanties.","- ""L’attraction a lieu dans le noir et on nous met directement dans le bain avec un compte à rebours de 3 secondes avant un départ propulsé à 100 km/h.""
- ""Revivez la nuit du 31 octobre 1939, lorsque la foudre a frappé cet hôtel de luxe.""
- ""Une chute vertigineuse de treize étages nous emmène dans la quatrième dimension.""
- ""Ce circuit en forme de U nous fait monter et descendre à 25 mètres de hauteur.""
- ""C’est parti pour quatre allers-retours que l’on n'est pas prêt d’oublier !""
- ""RC Racer est située dans le land Worlds of Pixar aux Walt Disney Studios. Elle atteint la vitesse de 80 km/h et s’élève à 25m de hauteur !""
- ""Cette attraction au cœur de la jungle est la première attraction des parcs Disney du monde entier à posséder un looping.""
- ""Vous embarquerez dans une carapace qui tourne à 360 degrés.""
- ""Durant ce voyage, vous vivrez 3 inversions sur un parcours entièrement dans le noir.""
- ""Si vous osez passer les portes de cet hôtel, vous découvrirez la sombre histoire d’une soirée de 1939 qui entraîna sa fermeture.""
- ""Vous embarquerez dans un ascenseur qui effectuera des montées et descentes brusques sur 13 étages, vous emmenant directement dans… la 4ème dimension !""
- ""Vous serez propulsés à plus de 90 km/h en moins de 2 secondes !""
- ""Durant le parcours, vous rencontrerez également 3 inversions que vous n’êtes pas prêts d’oublier !""",attraction disneyland paris sensation forte,"Les attractions à sensations à Disneyland® Paris - SNCF Connect Aller au contenu principal Voyager Voyager Voyager Fermer Tout pour voyager Réserver Réserver Billets de train Voyages en bus Trajets en covoiturage Location de voiture Hôtels Taxi/VTC Bons plans Bons plans Voyages en groupe Voyages pro Enfant voyageant seul Informations Informations Horaires en gare Info trafic Handicap et accessibilité Tous les transporteurs Tous les services Nos réponses à vos questions Guide de voyage Guide de voyage Où voyager en France, en Europe Voyager selon vos envies Billets Billets Billets Fermer Voir vos billets et titres Vos voyages Vos voyages Tous vos voyages Importer un voyage Compensation en cas de retard Faire une réclamation Modifier un voyage Assurance Allianz Vos cartes et abonnements Vos cartes et abonnements Importer une carte ou abonnement Acheter une carte ou abonnement Compléter votre voyage Compléter votre voyage Louer une voiture Réserver un hôtel Réserver un Taxi/VTC Transports urbains Restauration à bord TGV INOUI Restauration à bord INTERCITES Tous les services Offres Offres Offres Fermer Parcourir toutes les offres Cartes et abonnements SNCF Cartes et abonnements SNCF Carte Avantage Jeune Carte Avantage Adulte Carte Avantage Senior Carte Liberté Abonnement MAX ACTIF Abonnement MAX JEUNE Toutes les cartes et abonnements Offres régionales Offres régionales TER Auvergne-Rhône-Alpes TER Hauts de France LiO Train Occitanie TER Nouvelle-Aquitaine Titres Île-de-France Mobilités Consulter les offres régionales Offres urbaines Offres urbaines Avignon – Réseau Orizo Caen – Réseau Twisto Montbéliard – Réseau évolitY Perpignan – Réseau Sankéo Sophia Antipolis – Réseau Envibus Tours – Réseau Fil Bleu Consulter les offres urbaines Services Services Louer une voiture Réserver un hôtel Réserver un Taxi/VTC Assurer votre voyage Livraison de bagages Transport de véhicules Restauration à bord Domicile + Train Tous les services Compte Compte Compte Fermer Accéder à votre compte Vos espaces Vos espaces Se connecter Se créer un compte Espace MAX JEUNE Espace MAX SENIOR Communauté SNCF Connect Vos informations Vos informations Vos informations personnelles Cartes et programmes de fidélité Vos achats Vos moyens de paiement Compagnons de voyage Aide et légal Aide et légal Charte de confidentialité Conditions générales d'utilisation Compensation en cas de retard Aide en ligne Contacts Les attractions à sensations à Disneyland® Paris Accueil A voir, à faire Chessy Les attractions à sensations à Disneyland® Paris La magie de Disney vous ouvre ses portes ! Embarquez dans les attractions les plus folles du parc : chutes vertigineuses, loopings, vitesse, virages, comptes à rebours… Réserver un billet de train Réserver un billet de train Rechercher Annuler Sommaire Indiana Jones et le Temple du Péril Le Train de la Mine Hyperspace Mountain Mission 2 Star Tours : l'Aventure Continue Crush's Coaster Rock’n’Roller Coaster Hollywood Tower Hotel RC Racer Spider-Man W.E.B. Adventure Parc d'attractions - © iStock - Jacob Ammentorp Lund Indiana Jones et le Temple du Péril Pour vivre une aventure à toute vitesse à travers les ruines d’un temple - en plein cœur de la jungle ! – direction Indiana Jones et le Temple du Péril. Le wagon nous transporte dans plusieurs virages après avoir pris de la hauteur. Au programme : montées et descentes vertigineuses avant un looping final décoiffant ! Grand huit Disneyland Paris - © Disneyland Paris Le Train de la Mine Ambiance Far West à bord du Train de la mine de Big Thunder . Ce train fou vous embarque à travers la mine pour un tour de montagnes russes endiablé ! Entre rivières et grottes, on ne sait plus où donner de la tête ! © iStock-BrendanHunter Star Wars Hyperspace Mountain L’ancienne attraction culte Space Mountain est devenue : Star Wars Hyperspace Mountain. Grimpez à bord d’un vaisseau de l’Alliance rebelle et partez dans l’espace détruire un Destroyer de l’Empire. Foncez à toute allure au milieu des tirs de TIE-fighters alors que la guerre fait rage autour de vous. Accrochez-vous car les partisans de la Force compte sur vous ! © iStock-serts Star Tours : l'Aventure Continue Restez dans l’univers Star Wars grâce à cette nouvelle attraction. Toujours du côté des Rebelles, montez sur un Starspeeder 1000 et partez pour un époustouflant voyage en 3D dans les galaxies lointaines. Les technologies dernier cri rendent l’expérience inoubliable. Regardez défilez devant vous des planètes ravagées par la guerre comme Tatooine avant de faire face à l’Étoile de la Mort . Grand-huit - © iStock - Jacob Ammentorp Lund Crush's Coaster Retrouvez Némo dans l’attraction Crush’s Coaster. Embarquez à bord d’une tortue sur le port de Sydney pour une virée marine. Après avoir échappé aux méchants squales, on prend de la vitesse pour un tourbillon de montées, descentes, virages, le tout en tournant sur nous même ! © Disney Studios Rock’n’Roller Coaster Les fans d’Aerosmith se régalent dans Rock’n’Roller Coaster. L’attraction a lieu dans le noir et on nous met directement dans le bain avec un compte à rebours de 3 secondes avant un départ propulsé à 100km/h . S’ensuit un voyage rythmé au son d’Aerosmith à travers de nombreux jeux de lumières. Grandiose ! >> Vivez la magie Disneyland Paris © iStock - gremlin Hollywood Tower Hotel Ambiance moins musicale à Hollywood Tower Hotel. Revivez la nuit du 31 octobre 1939, lorsque la foudre a frappé cet hôtel de luxe . Une chute vertigineuse de treize étages nous emmène dans la quatrième dimension . Les sensations sont au rendez-vous ! © iStock - wundervisuals RC Racer On continue avec l’attraction RC Racer du célèbre Andy de Toy Story . Ce circuit en forme de U nous fait monter et descendre à 25 mètres de hauteur. C’est parti pour quatre allers-retours que l’on n'est pas prêt d’oublier ! Disneyland Paris, printemps - © Paris tourist office Spider-Man W.E.B. Adventure Devenez Spider-Man le temps de l'attraction ! Vous êtes invités par Peter Parker, qui est un membre de la Worldwide Engineering Brigade, pour venir découvrir les ""spider bots"". Mais tout ne se passe pas comme prévu. Vous devez intercepter les ""spider bots"" qui se multiplient avant une catastrophe technologique. Cet article vous a plu ? Partagez-le ! Facebook WhatsApp X, formerly Twitter Pinterest Mail La Rédaction SNCF Connect 21/03/2024 Préparez votre séjour : Chessy au départ de Marseille Lyon Lille Bordeaux 31 / 07 Dès - € (1) 01 / 08 Dès 36 € (1) 02 / 08 Dès 45 € (1) 03 / 08 Dès 46 € (1) 04 / 08 Dès 29 € (1) 05 / 08 Dès - € (1) 06 / 08 Dès 25 € (1) Le moins cher Mentions légales (1) Voir les conditions des offres (1) Tarifs TTC, à partir de, pour une personne, pour un aller simple, en 2nd classe, sur une sélection de trains et de dates et sous réserve de disponibilité. Offres soumises à conditions d'échanges et de remboursement des transporteurs concernés à consulter lors de la commande. Paiement en ligne. Offres non cumulables avec d'autres promotions SNCF. Nos engagements Meilleurs prix garantis Paiement sécurisé Contact 7j/7 Service client de l'année 2025 Moyens de paiement Infos et conditions Paiement en Chèque-Vacances Connect Infos et conditions de paiement avec les cartes Ayvens, Betterway, Pluxee ou RoadMate Choix du pays Langue France Langue Belgique België Belgium Deutschland España France Italia Luxembourg Nederland Suisse Schweiz Switzerland Other regions and countries Nos partenaires Inscrivez-vous à notre newsletter et profitez des meilleurs bons plans Suivez-nous ! L'entreprise Conditions de présentation des offres sur le site Conditions générales de vente Droits des voyageurs ferroviaires et Règlement européen n°2021/782 Informations légales Charte de confidentialité et cookies Gestion des cookies Partenariat Régie publicitaire Devenir partenaire ou affilié Widget SNCF Connect Sites du groupe Site SNCF Connect & Tech Espace Presse SNCF Connect & Tech Carrières SNCF Connect & Tech Le compte des agents SNCF Groupe-sncf.com Emploi Groupe SNCF Vous informer Aide Contactez-nous Vos billets Communauté SNCF Connect Plan du site SNCF Connect Guide du voyageur Franchissement frontière Handicap & mobilité réduite Nos services pour les voyageurs PSH/PMR Tout savoir sur le service d'assistance en gare Accessibilité numérique : conformité partielle Fonctionnalités d'accessibilité de nos applications mobiles Les autres services d'assistance en Europe Transporteurs TGV INOUI OUIGO TER BlaBlaCar Bus FlixBus BlaBlaCar INTERCITES LYRIA EUROSTAR TGV INOUI vers Bruxelles DB SNCF Voyageurs en coopération TGV INOUI vers l'Espagne TGV INOUI vers l'Italie TGV INOUI vers le Luxembourg TGV INOUI vers Fribourg Itinéraires populaires Train Paris Bordeaux Train Paris Marseille Train Bordeaux Paris Train Paris Lyon Train Paris Bruxelles Train Paris Strasbourg Train Paris Toulouse Train Toulouse Paris Train Lyon Paris Train Paris Amsterdam Train Paris Lille Train Nantes Paris Train Paris Genève Train Paris Barcelone Train Paris Nantes Trajets Transporteurs TGV INOUI Lille-Paris TGV INOUI Lyon-Paris TGV INOUI Paris-Nice TGV INOUI Marseille-Paris TGV INOUI Paris-Nantes OUIGO Fleury-les-Aubrais-Paris OUIGO Paris-Fleury-les-Aubrais OUIGO Rennes-Paris OUIGO Marseille-Lyon OUIGO Nantes-Paris TER Paris-Trouville Deauville TER Trouville Deauville-Paris TER Paris-Le Mans TER Le Mans-Paris TER Nice-Cannes : horaires et billets Top destinations Train France Train Paris Train Lyon Train Bordeaux Train Strasbourg Train Nantes Train Marseille Train Lille Train Marne-la-Vallée Chessy (Disneyland® Paris) Train Amsterdam Train Londres Train Barcelone Train Rennes Train Italie Train Suisse Nos applications mobiles","Les attractions à sensations à Disneyland® Paris
Réserver un billet de train
Sommaire
Indiana Jones et le Temple du Péril
Le Train de la Mine
Star Wars Hyperspace Mountain
Star Tours : l'Aventure Continue
Crush's Coaster
Rock’n’Roller Coaster
Hollywood Tower Hotel
RC Racer
Spider-Man W.E.B. Adventure
Préparez votre séjour : Chessy au départ deMarseilleLyonLilleBordeaux
Mentions légales"
marche noel amsterdam,"
- Marchés de Noël Amsterdam 2024 | Découvrez les festivités de fin d'année à Amsterdam
- Marchés de Noël à Amsterdam : Guide complet pour Noël 2025-2026
- Noël à Amsterdam : Trouvez votre bonheur au marché de Noël",marché noël (9) site web (8) décembre 2024 (7) entrée gratuite (6) gratuite où (6) transports commun (5) light festival (5) 2024 horaires (5) faire vélo (4) marchés noël (4)marchés noël (18) marché noël (13) noël damsterdam (8) ouvre nouvel (7) nouvel onglet (7) mot passe (6) afficher tous (6) groupes 10 (6) heures douverture (6) village noël (6)request failed (1) failed you (1) you will (1) will not (1) not be (1) be charged (1) charged for (1) for this (1) this request (1) request please (1)marchés noël (47) janvier marchés (30) novembredébut janvier (16) marché noël (15) minovembredébut janvier (11) fin novembredébut (10) novembrefin décembre (10) ajouter liste (10) liste souhaits (10) décembre marchés (9)faire vélo (4) janvier 2025 (4) het amsterdamse (3) chaque année (3) sapin noël (3) décembre 2024 (3) 2025 où (3) light festival (3) marché fleurs (3) marchés noël (3),entrée gratuite où (6) décembre 2024 horaires (5) amsterdam light festival (4) paradis dhiver damsterdam (3) km site web (3) marché noël 2024 (2) itinéraires enfants jeunes (2) enfants jeunes adultes (2) jeunes adultes gratuitement (2) appartements campings chambre (2)ouvre nouvel onglet (7) 2024 heures douverture (5) nouvel onglet ouvre (5) groupes 10 ven (4) 10 ven 25 (4) ven 25 juil (4) 25 juil date (4) juil date départ (4) date départ 1 (4) départ 1 chambre (4)request failed you (1) failed you will (1) you will not (1) will not be (1) not be charged (1) be charged for (1) charged for this (1) for this request (1) this request please (1) request please make (1)janvier marchés noël (30) novembredébut janvier marchés (13) minovembredébut janvier marchés (11) fin novembredébut janvier (10) ajouter liste souhaits (10) décembre marchés noël (9) fin novembrefin décembre (7) début novembredébut janvier (6) novembrefin décembre marchés (5) novembrefin décembre marché (5)itinéraires enfants jeunes (2) enfants jeunes adultes (2) jeunes adultes gratuitement (2) appartements campings chambre (2) campings chambre dhôtes (2) chambre dhôtes chaumières (2) dhôtes chaumières het (2) chaumières het amsterdamse (2) het amsterdamse bos (2) amsterdamse bos spaarnwoude (2),amsterdam (0.53) noël (0.46) décembre (0.23) faire (0.23) marché (0.19) où (0.19) 2024 (0.17) quand (0.15) site (0.15) web (0.15) canaux (0.13) dimanche (0.13) hiver (0.13) entrée (0.11) gratuite (0.11) marchés (0.11) plus (0.11) pouvez (0.11) www (0.11) 12h00 (0.10) 2025 (0.10) commun (0.10) festival (0.10) haarlem (0.10) horaires (0.10) light (0.10) nl (0.10) pendant (0.10) transports (0.10) ville (0.10)noël (0.68) amsterdam (0.42) marchés (0.24) 2024 (0.18) eurostar (0.18) marché (0.18) plus (0.15) tous (0.13) train (0.13) village (0.11) hiver (0.10) ouvre (0.10) cette (0.09) europe (0.09) lieu (0.09) nouvel (0.09) onglet (0.09) ouverture (0.09) trains (0.09) 10 (0.08) afficher (0.08) amstelveen (0.08) décembre (0.08) groupes (0.08) heures (0.08) juil (0.08) londres (0.08) mot (0.08) passe (0.08) ville (0.08)request (0.45) true (0.30) your (0.30) adding (0.15) again (0.15) and (0.15) be (0.15) charged (0.15) correct (0.15) domains (0.15) failed (0.15) for (0.15) is (0.15) make (0.15) may (0.15) not (0.15) or (0.15) parameter (0.15) please (0.15) premium (0.15) protected (0.15) require (0.15) sure (0.15) this (0.15) to (0.15) try (0.15) ultra_premium (0.15) url (0.15) will (0.15) you (0.15)noël (0.54) début (0.35) marchés (0.35) novembre (0.35) amsterdam (0.28) janvier (0.27) fin (0.25) décembre (0.17) marché (0.17) mi (0.13) ice (0.10) ajouter (0.08) liste (0.08) souhaits (0.08) market (0.05) 2025 (0.05) allemagne (0.05) christmas (0.05) dam (0.05) europe (0.05) peuvent (0.05) royaume (0.05) tout (0.05) uni (0.05) funky (0.04) haarlem (0.04) museumplein (0.04) stands (0.04) avril (0.03) ville (0.03)amsterdam (0.57) noël (0.49) décembre (0.19) faire (0.19) où (0.19) 2025 (0.17) hiver (0.17) 2024 (0.15) janvier (0.15) quand (0.15) dimanche (0.13) plus (0.13) rembrandtplein (0.13) ville (0.13) année (0.11) canaux (0.11) marchés (0.11) museumplein (0.11) novembre (0.11) pouvez (0.11) website (0.11) environs (0.08) festival (0.08) hollande (0.08) jeudi (0.08) marché (0.08) patinoire (0.08) pendant (0.08) samedi (0.08) toutes (0.08),"- **Artisanat Local Unique** : Découvrez une variété d’artisanats locaux authentiques, allant des décorations de Noël faites à la main aux bijoux uniques, parfaits pour des cadeaux originaux.
  
- **Gastronomie Traditionnelle Néerlandaise** : Savourez des spécialités néerlandaises telles que les oliebollen, le poffertjes et le stamppot, disponibles dans de nombreux stands de nourriture.
  
- **Accessibilité et Services** : Les marchés de Noël d’Amsterdam sont conçus pour être accessibles à tous, avec des installations adaptées pour les personnes à mobilité réduite et des informations multilingues disponibles.
  
- **Engagement Écoresponsable** : De nombreux marchés mettent en avant des initiatives durables, comme l’utilisation de matériaux recyclables et la promotion de produits locaux et éthiques.
  
- **Sécurité et Confort des Visiteurs** : Des mesures de sécurité renforcées sont en place pour assurer une expérience agréable, incluant une présence policière accrue et des services de premiers soins disponibles sur place.","- ""Nous avons listé les 6 meilleurs marchés de Noël à Amsterdam pour ceux qui veulent dénicher un cadeau de Noël unique , flâner délicieusement le long des stands de Noël ou faire une promenade romantique sur les canaux pendant le Amsterdam Light Festival.""
- ""Top 5 des marchés de Noël à Amsterdam""
- ""Quand : du jeudi 12 au jeudi 26 décembre 2024""
- ""Horaires d'ouverture : 12h00-21h00 (les 25 et 26 décembre de 12h00 à 19h00)""
- ""Quand : jeudi 28 novembre au dimanche 19 janvier 2025""
- ""Billets : à partir de €19,95""
- ""Quand : dimanche 15 décembre 2024""
- ""Horaires : 12h00-18h00""
- ""Quand : Dimanche 22 décembre 2024""
- ""Horaires : 11h00-17h00""
- ""Quand : Du jeudi 19 décembre 2024 au dimanche 5 janvier 2025""
- ""Billets : à partir de €24,50""
- ""Top 3 des marchés de Noël près d' Amsterdam""
- ""Quand : du vendredi 13 au dimanche 15 décembre 2024""
- ""Transports en commun : ±40 min. / ±20 km""
- ""Quand : du jeudi 5 au lundi 23 décembre 2024""
- ""Horaires : 12h00-20h00""
- ""Transports en commun : ± 80 min. / ± 60 km""
- ""Quand : 14 & 15 et du 18 au 22 décembre 2024""
- ""Horaires : 12h00-17h00""
- ""Transports en commun : ±49 min. / ±50 km""
- ""Du 14 au 30 décembre 2024""
- ""De 12h00 à minuit""
- ""Jouets, accessoires pour la maison, foulards, bougies, décorations de Noël : vous n'avez que l'embarras du choix.""
- ""27-28 Novembre 2024""
- ""Heures d'ouverture : de 10h00 à 18h00 (entrée gratuite)""
- ""Décembre 2024""
- ""du 2 décembre 2023 au 7 janvier 2024""
- ""Heures d'ouverture : 13h00 - minuit""
- ""23 décembre 2024""
- ""Du 28 novembre 2024 au 19 janvier 2025""
- ""l'arbre mesure plus de 20 mètres de haut et est orné de quatre kilomètres de lumières, dont 40 000 guirlandes LED économes en énergie""
- ""le marché de Noël de Haarlem ... comptera près de 350 stands répartis sur 12 sites.""
- ""Quand: vendredi 15 novembre 2024 au samedi 4 janvier 2025""
- ""du mercredi 18 décembre au dimanche 5 janvier 2025""",marche noel amsterdam,"Les marchés de Noël d'Amsterdam - SNCF Connect Aller au contenu principal Voyager Voyager Voyager Fermer Tout pour voyager Réserver Réserver Billets de train Voyages en bus Trajets en covoiturage Location de voiture Hôtels Taxi/VTC Bons plans Bons plans Voyages en groupe Voyages pro Enfant voyageant seul Informations Informations Horaires en gare Info trafic Handicap et accessibilité Tous les transporteurs Tous les services Nos réponses à vos questions Guide de voyage Guide de voyage Où voyager en France, en Europe Voyager selon vos envies Billets Billets Billets Fermer Voir vos billets et titres Vos voyages Vos voyages Tous vos voyages Importer un voyage Compensation en cas de retard Faire une réclamation Modifier un voyage Assurance Allianz Vos cartes et abonnements Vos cartes et abonnements Importer une carte ou abonnement Acheter une carte ou abonnement Compléter votre voyage Compléter votre voyage Louer une voiture Réserver un hôtel Réserver un Taxi/VTC Transports urbains Restauration à bord TGV INOUI Restauration à bord INTERCITES Tous les services Offres Offres Offres Fermer Parcourir toutes les offres Cartes et abonnements SNCF Cartes et abonnements SNCF Carte Avantage Jeune Carte Avantage Adulte Carte Avantage Senior Carte Liberté Abonnement MAX ACTIF Abonnement MAX JEUNE Toutes les cartes et abonnements Offres régionales Offres régionales TER Auvergne-Rhône-Alpes TER Hauts de France LiO Train Occitanie TER Nouvelle-Aquitaine Titres Île-de-France Mobilités Consulter les offres régionales Offres urbaines Offres urbaines Avignon – Réseau Orizo Caen – Réseau Twisto Montbéliard – Réseau évolitY Perpignan – Réseau Sankéo Sophia Antipolis – Réseau Envibus Tours – Réseau Fil Bleu Consulter les offres urbaines Services Services Louer une voiture Réserver un hôtel Réserver un Taxi/VTC Assurer votre voyage Livraison de bagages Transport de véhicules Restauration à bord Domicile + Train Tous les services Compte Compte Compte Fermer Accéder à votre compte Vos espaces Vos espaces Se connecter Se créer un compte Espace MAX JEUNE Espace MAX SENIOR Communauté SNCF Connect Vos informations Vos informations Vos informations personnelles Cartes et programmes de fidélité Vos achats Vos moyens de paiement Compagnons de voyage Aide et légal Aide et légal Charte de confidentialité Conditions générales d'utilisation Compensation en cas de retard Aide en ligne Contacts Les marchés de Noël d'Amsterdam Accueil A voir, à faire Amsterdam Les marchés de Noël d'Amsterdam Si pour vous, Noël rime avec chocolat chaud, gaufre et patin à glace, rendez-vous à Amsterdam ! Dans la capitale néerlandaise, les marchés de Noël sont des arrêts immanquables en période de fêtes. Réserver un billet de train Réserver un billet de train Rechercher Annuler Sommaire La Fête de la Saint-Nicolas Le Ice Village sur la Place du Musée Le Winter Paradise au RAI Amsterdam Le marché aux fleurs d'Amsterdam Saint-Nicolas - © FooTToo La Fête de la Saint-Nicolas à Amsterdam Le passage de Saint-Nicolas Attention, la Saint-Nicolas est une fête traditionnelle très importante à Amsterdam. Saint-Nicolas et ses assistants arrivent le troisième dimanche de novembre , à bord d’un bateau à vapeur. Ils transportent les cadeaux pour les enfants sages. Saint-Nicolas défile sur son cheval blanc, en costume d'évêque de Myre. Ses assistants acrobates distribuent des bonbons. La cérémonie est même diffusée à la télévision ! Des confiseries et cadeaux Les enfants déposent leurs souliers à la cheminée ou un sac accroché à la poignée de leur porte, en espérant y trouver des friandises tous les matins. Le 5 décembre au soir , c'est la distribution des cadeaux. Dans tous les magasins, vous trouvez les confiseries de la Saint-Nicolas : des bonhommes en pain d’épice, des biscuits en Saint-Nicolas, des lettres en pâte d'amande et chocolat... La patinoire du Ice Village sur la Place du Musée - © iStock - Ilona Titova Le Ice Village sur la Place du Musée Le Marché de Noël Le marché de Noël le plus authentique et réputé d'Amsterdam est certainement celui qui s'installe tous les ans sur la Place du Musée , devant l'iconique Rijksmuseum . Dans les allées de ce charmant village de Noël , on retrouve des stands de cadeaux et de décorations de Noël, de spécialités et de boissons typiques, et de la musique jouée en live. Le Marché de Noël s'installe du mercredi 13 au mardi 26 décembre 2023 . © iStock - Majamitrovic Le Winter Paradise au RAI Amsterdam Winter Paradise Dans le quartier d'Amsterdam-Sud se trouve le RAI, un complexe de halls d'exposition qui accueille chaque année le "" Winter Paradise "". Il s'agit de la rencontre entre un marché de Noël, une fête foraine et une station de sports d'hiver . Vous pouvez aussi regarder des films de Noël ! Que l'on soit entre amis ou en famille, c'est un passage obligé pour s'imprégner de la magie de Noël tout en s'amusant ! Patinoires et pistes de luge On y retrouve des patinoires en intérieur et en extérieur, des pistes de glisse , des jeux en réalité virtuelle, une grande roue du haut de laquelle on peut observer tout Amsterdam... et, bien sûr, des dizaines de stands de spécialités culinaires et de restaurants pour se réchauffer entre deux batailles de boules de neige. Le marché aux fleurs flottant d'Amsterdam - © iStock - Kisa_Markiza Le marché aux fleurs d'Amsterdam Marché aux fleurs Sur le marché aux fleurs flottant d'Amsterdam , en décembre, des plantes de saison viennent s'ajouter sur les étals colorés. On y retrouve donc des sapins de toutes formes et tailles aux côtés des célèbres tulipes de Hollande ! C'est également l'endroit idéal pour dénicher des cadeaux et souvenirs typiques , tels que des petits sabots ou des tulipes en bois. Christmas Palace Pour trouver des cadeaux et de la décoration dans l'esprit de Noël, il faudra se rendre au Christmas Palace , tout près du marché aux fleurs. Ce magasin unique en son genre vend des objets de Noël... 365 jours par an ! Cet article vous a plu ? Partagez-le ! Facebook WhatsApp X, formerly Twitter Pinterest Mail La Rédaction SNCF Connect 17/11/2023 Vous aimerez aussi Fermer Voir tout La Fête du Roi à Amsterdam (Koningsdag) Où bruncher à Amsterdam ? Où manger pas cher à Amsterdam ? Où voir des tulipes à Amsterdam ? Top 5 des plus beaux parcs et jardins d’Amsterdam Que visiter à Amsterdam en 3 jours ? Citybreak romantique à Amsterdam Où s’embrasser à Amsterdam ? Top 10 des musées incontournables d’Amsterdam Les quartiers branchés d’Amsterdam Itinéraire autour du Gouda à Amsterdam Balade autour des canaux d'Amsterdam Nos engagements Meilleurs prix garantis Paiement sécurisé Contact 7j/7 Service client de l'année 2025 Moyens de paiement Infos et conditions Paiement en Chèque-Vacances Connect Infos et conditions de paiement avec les cartes Ayvens, Betterway, Pluxee ou RoadMate Choix du pays Langue France Langue Belgique België Belgium Deutschland España France Italia Luxembourg Nederland Suisse Schweiz Switzerland Other regions and countries Nos partenaires Inscrivez-vous à notre newsletter et profitez des meilleurs bons plans Suivez-nous ! L'entreprise Conditions de présentation des offres sur le site Conditions générales de vente Droits des voyageurs ferroviaires et Règlement européen n°2021/782 Informations légales Charte de confidentialité et cookies Gestion des cookies Partenariat Régie publicitaire Devenir partenaire ou affilié Widget SNCF Connect Sites du groupe Site SNCF Connect & Tech Espace Presse SNCF Connect & Tech Carrières SNCF Connect & Tech Le compte des agents SNCF Groupe-sncf.com Emploi Groupe SNCF Vous informer Aide Contactez-nous Vos billets Communauté SNCF Connect Plan du site SNCF Connect Guide du voyageur Franchissement frontière Handicap & mobilité réduite Nos services pour les voyageurs PSH/PMR Tout savoir sur le service d'assistance en gare Accessibilité numérique : conformité partielle Fonctionnalités d'accessibilité de nos applications mobiles Les autres services d'assistance en Europe Transporteurs TGV INOUI OUIGO TER BlaBlaCar Bus FlixBus BlaBlaCar INTERCITES LYRIA EUROSTAR TGV INOUI vers Bruxelles DB SNCF Voyageurs en coopération TGV INOUI vers l'Espagne TGV INOUI vers l'Italie TGV INOUI vers le Luxembourg TGV INOUI vers Fribourg Itinéraires populaires Train Paris Bordeaux Train Paris Marseille Train Bordeaux Paris Train Paris Lyon Train Paris Bruxelles Train Paris Strasbourg Train Paris Toulouse Train Toulouse Paris Train Lyon Paris Train Paris Amsterdam Train Paris Lille Train Nantes Paris Train Paris Genève Train Paris Barcelone Train Paris Nantes Trajets Transporteurs TGV INOUI Lille-Paris TGV INOUI Lyon-Paris TGV INOUI Paris-Nice TGV INOUI Marseille-Paris TGV INOUI Paris-Nantes OUIGO Fleury-les-Aubrais-Paris OUIGO Paris-Fleury-les-Aubrais OUIGO Rennes-Paris OUIGO Marseille-Lyon OUIGO Nantes-Paris TER Paris-Trouville Deauville TER Trouville Deauville-Paris TER Paris-Le Mans TER Le Mans-Paris TER Nice-Cannes : horaires et billets Top destinations Train France Train Paris Train Lyon Train Bordeaux Train Strasbourg Train Nantes Train Marseille Train Lille Train Marne-la-Vallée Chessy (Disneyland® Paris) Train Amsterdam Train Londres Train Barcelone Train Rennes Train Italie Train Suisse Nos applications mobiles","Les marchés de Noël d'Amsterdam
Réserver un billet de train
Sommaire
La Fête de la Saint-Nicolas à Amsterdam
Le passage de Saint-Nicolas
Des confiseries et cadeaux
Le Ice Village sur la Place du Musée
Le Marché de Noël
Le Winter Paradise au RAI Amsterdam
Winter Paradise
Patinoires et pistes de luge
Le marché aux fleurs d'Amsterdam
Marché aux fleurs
Christmas Palace
Vous aimerez aussi"
que faire à rennes ce week end en famille,"- Que faire à Rennes ce week-end en famille ?
- Sorties en famille à Rennes ce week-end : découvrez notre sélection
- Rennes en famille ce week-end : activités et sorties à ne pas manquer",juil 2025 (8) 2 ans (6) ans 12 (6) 1 an (5) 3 ans (5) 4 ans (5) 7 ans (5) festival festival (5) ans exposition (5) exposition exposition (5)01 janv (7) 2025 incontournables (6) savoir plus (5) sept 2025 (4) 2025 01 (4) janv 2026 (4) sortir rennes (3) infos pratiques (3) plus 14 (3) 14 juin (3)activité enfant (22) ans partir (15) bretagne quartiers (13) bretagne illeetvilaine (11) illeetvilaine rennes (9) sorties famille (8) bretagne rennes (8) enfants rennes (8) quartiers centre (7) centre rennes (7)weekend faire (22) soir concerts (20) fête village (19) weekend fête (18) rennes weekend (3) weekend rennes (2) sortir weekend (2) faire rennes (2) consultez lagenda (2) lagenda sorties (2)trémelin iffendic (9) lac trémelin (8) emmanuel berthier (6) activités gratuites (5) 10 activités (4) parc thabor (4) thabor rennes (4) petit bé (4) cest parti (4) base loisirs (4),ans exposition exposition (5) 31 août 2025 (5) juil 06 juil (4) 06 juil 2025 (4) 5 6 juillet (3) 13 juin 13 (3) 18 juin 20 (3) 2024 31 août (3) voir famille 2025 (3) quelles sorties rennes (2)2025 01 janv (4) 01 janv 2026 (4) savoir plus 14 (3) plus 14 juin (3) 01 janv 2025 (3) janv 2025 01 (3) groupes bureau congrès (2) découvrir sortir manger (2) sortir manger dormir (2) manger dormir infos (2)bretagne illeetvilaine rennes (9) bretagne quartiers centre (7) quartiers centre rennes (7) bretagne rennes testé (4) rennes bretagne quartiers (4) activité enfant rennes (3) illeetvilaine incontournable bretagne (3) incontournable bretagne rennes (3) bretagne quartiers ouest (3) quartiers ouest rennes (3)weekend fête village (18) consultez lagenda sorties (2) soir concerts royan (2) concerts royan soir (2) royan soir concerts (2) rennes weekend inscription (1) weekend inscription connexion (1) inscription connexion où (1) connexion où quoi (1) où quoi rechercher (1)lac trémelin iffendic (5) 10 activités gratuites (4) parc thabor rennes (4) rennes franck hamon (3) lécomusée pays rennes (3) base loisirs hautevilaine (3) guinguette festival grand (2) festival grand soufflet (2) parcs jardins bourbansais (2) jardins bourbansais pleugueneuc (2),2025 (0.57) ans (0.46) rennes (0.24) exposition (0.22) festival (0.20) famille (0.18) 31 (0.17) juil (0.17) région (0.17) 12 (0.14) enfants (0.14) 13 (0.13) juin (0.13) spectacles (0.13) sorties (0.11) juillet (0.10) 02 (0.08) 06 (0.08) cirque (0.08) cours (0.08) france (0.08) loisirs (0.08) nov (0.08) ok (0.08) théâtre (0.08) an (0.07) août (0.07) faire (0.07) fête (0.07) voir (0.07)2025 (0.48) rennes (0.34) cookies (0.28) incontournables (0.25) 01 (0.23) partir (0.23) janv (0.20) site (0.20) juil (0.17) 14 (0.14) entre (0.14) juin (0.14) loisirs (0.14) plus (0.14) savoir (0.14) sortir (0.14) tout (0.14) 2026 (0.11) accepter (0.11) autres (0.11) données (0.11) exporama (0.11) fonctionnement (0.11) janvier (0.11) saint (0.11) sept (0.11) guidées (0.08) mai (0.08) permettent (0.08) pratiques (0.08)rennes (0.65) bretagne (0.35) enfant (0.31) ans (0.22) sorties (0.21) enfants (0.20) activité (0.18) ille (0.17) vilaine (0.17) partir (0.16) atelier (0.11) quartiers (0.11) centre (0.10) famille (0.10) balade (0.09) ateliers (0.08) parc (0.08) activités (0.07) musée (0.07) propose (0.07) spectacle (0.07) très (0.06) avis (0.06) escape (0.06) jeux (0.06) top (0.06) tous (0.06) vacances (0.06) anniversaire (0.05) brocéliande (0.05)end (0.57) week (0.57) faire (0.27) concerts (0.26) soir (0.23) village (0.22) fête (0.21) rennes (0.14) greniers (0.12) vide (0.09) loto (0.08) agenda (0.07) loire (0.07) activités (0.03) animations (0.03) bretagne (0.03) enfants (0.03) france (0.03) infolocale (0.03) mer (0.03) plus (0.03) saint (0.03) sortir (0.03) vides (0.03) culturels (0.02) découvrir (0.02) ille (0.02) nantes (0.02) pau (0.02) royan (0.02)vilaine (0.42) ille (0.37) enfants (0.30) rennes (0.27) famille (0.25) découvrir (0.22) plage (0.21) trémelin (0.19) activités (0.18) saint (0.16) château (0.15) lac (0.15) tous (0.15) astuce (0.13) iffendic (0.13) 10 (0.12) balade (0.12) bretagne (0.12) brocéliande (0.10) forêt (0.10) grand (0.10) loisirs (0.10) malo (0.10) nature (0.10) pique (0.10) site (0.10) bé (0.09) emmanuel (0.09) parc (0.09) tout (0.09),"- **Prévisions Météorologiques :** Consultez les prévisions du week-end à Rennes pour planifier vos sorties en famille en fonction du temps (ensoleillé, pluie, etc.).

- **Transports Publics :** Informations sur les horaires des transports en commun à Rennes durant le week-end pour faciliter vos déplacements vers les différents événements et lieux.

- **Zones de Pique-nique :** Liste des meilleurs parcs et espaces verts à Rennes où vous pouvez organiser un pique-nique en famille, comme le Parc du Thabor ou les Jardins de Brocéliande.

- **Ateliers et Activités Gratuites :** Sélection d’ateliers créatifs ou d’activités éducatives gratuites pour les enfants, disponibles ce week-end dans divers lieux publics de la ville.

- **Itinéraires de Balades Familiales :** Propositions d’itinéraires de balade adaptés aux familles, incluant des arrêts ludiques et éducatifs, comme la visite du Musée de Bretagne ou une promenade dans le centre historique de Rennes.","- Quelles sorties à Rennes ce week-end ? (5 et 6 juillet)
- Du 05 juil. au 06 juil. 2025
- Au programme, spectacles pour les enfants de 0 à 12 ans et ateliers créatifs.
- Festival Les Tombées de la Nuit 2025
- Du 02 juil. au 06 juil. 2025
- Festival DésARTiculé 2025
- Du 13 juin au 13 juil. 2025
- Du 27 au 29 juin 2025 à Moulins.
- Du 18 juin au 20 juil. 2025, ""Partir en Livre"" est de retour dans toute la France pour une 11e édition.
- Du 30 nov. 2024 au 31 août 2025
- Du 01 avr. au 31 août 2025
- Du 14 juin au 14 sept. 2025
- Du 13 avr. au 31 oct. 2025
- Du 02 févr. au 02 nov. 2025
- Du 07 févr. au 16 nov. 2025
- Du 06 janv. au 31 déc. 2025
- Du 31 janv. 2024 au 15 mars 2026
- Du 22 oct. 2023 -> 31 déc. 2025
- Ouverture seulement d’avril à septembre.
- Depuis 2016, la grande pelouse du Carré Duguesclin est enfin autorisée !
- À partir de 6 ans, non accessible en poussettes.
- Plus de 1 000 espèces de roses
- Depuis 2014, Brain L'Escape Game Rennes propose des univers immersifs : 5 expériences d'escape aux énigmes et intrigues variées.
- Depuis 2016
- 1 Avis
- +1 an, +2 ans, +3 ans, +4 ans, +5 ans, +6 ans, +7 ans",que faire à rennes ce week end en famille,"Top 10 des activités à faire en famille à Rennes - SNCF Connect Aller au contenu principal Voyager Voyager Voyager Fermer Tout pour voyager Réserver Réserver Billets de train Voyages en bus Trajets en covoiturage Location de voiture Hôtels Taxi/VTC Bons plans Bons plans Voyages en groupe Voyages pro Enfant voyageant seul Informations Informations Horaires en gare Info trafic Handicap et accessibilité Tous les transporteurs Tous les services Nos réponses à vos questions Guide de voyage Guide de voyage Où voyager en France, en Europe Voyager selon vos envies Billets Billets Billets Fermer Voir vos billets et titres Vos voyages Vos voyages Tous vos voyages Importer un voyage Compensation en cas de retard Faire une réclamation Modifier un voyage Assurance Allianz Vos cartes et abonnements Vos cartes et abonnements Importer une carte ou abonnement Acheter une carte ou abonnement Compléter votre voyage Compléter votre voyage Louer une voiture Réserver un hôtel Réserver un Taxi/VTC Transports urbains Restauration à bord TGV INOUI Restauration à bord INTERCITES Tous les services Offres Offres Offres Fermer Parcourir toutes les offres Cartes et abonnements SNCF Cartes et abonnements SNCF Carte Avantage Jeune Carte Avantage Adulte Carte Avantage Senior Carte Liberté Abonnement MAX ACTIF Abonnement MAX JEUNE Toutes les cartes et abonnements Offres régionales Offres régionales TER Auvergne-Rhône-Alpes TER Hauts de France LiO Train Occitanie TER Nouvelle-Aquitaine Titres Île-de-France Mobilités Consulter les offres régionales Offres urbaines Offres urbaines Avignon – Réseau Orizo Caen – Réseau Twisto Montbéliard – Réseau évolitY Perpignan – Réseau Sankéo Sophia Antipolis – Réseau Envibus Tours – Réseau Fil Bleu Consulter les offres urbaines Services Services Louer une voiture Réserver un hôtel Réserver un Taxi/VTC Assurer votre voyage Livraison de bagages Transport de véhicules Restauration à bord Domicile + Train Tous les services Compte Compte Compte Fermer Accéder à votre compte Vos espaces Vos espaces Se connecter Se créer un compte Espace MAX JEUNE Espace MAX SENIOR Communauté SNCF Connect Vos informations Vos informations Vos informations personnelles Cartes et programmes de fidélité Vos achats Vos moyens de paiement Compagnons de voyage Aide et légal Aide et légal Charte de confidentialité Conditions générales d'utilisation Compensation en cas de retard Aide en ligne Contacts Top 10 des activités à faire en famille à Rennes Accueil A voir, à faire Rennes Top 10 des activités à faire en famille à Rennes Envie de passer un week-end dans la capitale de Bretagne avec toute votre petite tribu ? Alors direction Rennes en train ! Voici nos 10 activités à faire en famille à Rennes. Réserver un billet de train Réserver un billet de train Rechercher Annuler Sommaire On fait marcher les méninges à l’Enigmaparc Visite des musées et des expositions Découverte du Château de Châteaugiron Détente et découverte au Parc ornithologique à Bruz Espace des sciences : Le laboratoire de Merlin Un peu de sport en Kayak sur la Vilaine Visite de l’écomusée de Rennes Balade dans la forêt de Rennes A la recherche des trésors dans les rues de Rennes Pause détente dans les Parcs rennais Enfant qui regarde une exposition - © Getty Images - Tom Werner On fait marcher les méninges à l’Enigmaparc Enigmaparc Impossible de résister à l’appel de l’aventure ! Découvrez avec vos enfants les mystères de l’Enigmaparc . Jeu de piste et énigmes Imaginez une sorte de jeu de piste, avec des labyrinthes , des passages secrets dans 12 salles aux décors différents où vous déambulerez afin de découvrir une identité secrète. C’est parti, plus de 45 énigmes vous attendent ! © Istock - praetorianphoto Visite des musées et des expositions Sortie culturelle Si vous cherchez quelque chose à faire à Rennes en famille , vous pouvez opter pour une sortie culturelle parmi les nombreux musées et lieux d'expositions de la ville. Le Musée des Beaux Arts Le Musée des Beaux Arts par exemple propose de belles découvertes pour vos enfants, en leur faisant découvrir les œuvres et les arts avec un crayon à la main. Château de Châteaugiron - © BERTHIER Emmanuel Découverte du Château de Châteaugiron La petite cité On l’appelle « la petite cité de caractère », et du caractère, elle en a ! La ville de Châteaugiron est développée autour de son château. Se sentir comme un chevalier ou une princesse Cette ancienne forteresse médiévale possède encore 4 de ses 6 tours originelles , dont un donjon – idéal se prendre pour un preux chevalier ou une noble princesse – et la tour de l’horloge qui abrite Henriette, la cloche du château ! Prêts à monter les 150 marches qui mènent à elle ? couple oiseaux - © Istock - simonkr Détente et découverte au Parc ornithologique à Bruz Découvrir les animaux Perroquets multicolores, paons fières et majestueux, cygnes élégants, ibis sacré, Emeu, faisans… Le parc ornithologique est un bel endroit pour découvrir et observer des races d’oiseaux plus ou moins rares . En sortant, vos enfants sauront facilement différencier le cacatoès à huppe jaune du ara macao ! Les animations Le parc propose différentes animations pour les enfants. Des jeux pour la découverte du parc avec des jeux de piste et parcours personnalisés. Des animations à thèmes que ce soit oiseaux et milieux, Tour du monde, Sens chez les oiseaux, etc Enfants au musée - © iStock - monkeybusinessimages Espace des sciences : Le laboratoire de Merlin Découvrir les sciences Une dose d’ expérimentation , une pincée de parcours ludique, un soupçon de communication, quelques gouttes de manipulation, on mélange le tout et on en fait une sortie en famille exceptionnelle ! En sortant, vos enfants vont adorer les sciences. 1 heure de découverte Pendant 1 heure partez à la découverte des différents éléments, matériaux et autres qui nous entourent. Dans l'espace ludique, les enfants peuvent tester leurs connaissances en jouant avec les formes, l'énergie, l'air et les images. kayak rivière campagne - © iStock - Vitalalp Un peu de sport en Kayak sur la Vilaine Pour bien découvrir les paysages qui s’offrent à vous, un petit tour sur la Vilaine est un incontournable. Le canoë-kayak, ça vous dit ? Alors on file louer son embarcation et c’est parti. Et pour les plus motivés, il est possible de faire des stages de 5 demi-journées pendant les vacances de Pâques et d’été. Fillette avec une chèvre - © iStock - BanksPhotos Visite de l’écomusée de Rennes Ecomusée de Rennes En vacances, l’un veut voir un verger et découvrir les plantes, l’autre souhaite connaître l’histoire locale, la petite dernière adore les animaux, tandis que votre moitié est fascinée par l’architecture écologique contemporaine. Rien de plus simple pour satisfaire tout ce petit monde puisque tout ceci se trouve dans l’écomusée de Rennes ! Un musée et un parc agro-pastoral Vous découvrez des expositions sur différents thèmes comme celui du cuir ou vous pouvez participer à des animations pour savoir comment entretenir votre jardin. Dans le parc, on observe de nombreuses cultures comme celui du chanvre, du sarrasin mais aussi des vergers. Famille au parc - © Istock - filadendron Balade dans la forêt de Rennes Pour une petite balade en famille à Rennes , vous pouvez vous diriger vers la forêt domaniale de Rennes qui s'étend sur près de 3000 hectares. Pour agrémenter votre sortie, dirigez-vous vers l'étang des Maffraix ou encore le parcours écologique de 1h15 adapté pour toute la famille et pour y faire la découverte de la forêt. rennes centre ville - © iStock - olrat A la recherche des trésors dans les rues de Rennes Les rues de Rennes cachent bien des surprises ! Pour les découvrir, suivez un guide qui vous montrera des lieux étonnants et vous racontera leurs histoires. Qui aurait cru que l’art est partout, dans la ville ? Du parking souterrain au couvent de bonnes sœurs en passant par une place, ses arbres et ses bancs, il y a de quoi régaler les plus curieux. Parc du thabor à Rennes - © iStock - undefined undefined Pause détente dans les Parcs rennais Le parc du Thabord C’est le moment de faire une pause et laisser les enfants courir à leur guise : un passage par l’un des parcs de la ville s’impose. Pour la vue et le plaisir de l’un des plus beaux jardins de France , c’est au parc du Thabord que ça se passe. Les prairies Saint-Martin A côté anal de l'Ille-et-Rance se trouve 30 hectares de nature qui viennent former les prairies Saint-Martin. Des aires de pique-nique sont présentent avec des aires de repos ou encore des observatoires à oiseaux. On retrouve même des terrains pour jouer à la pétanque ou au palet ! Cet article vous a plu ? Partagez-le ! Facebook WhatsApp X, formerly Twitter Pinterest Mail La Rédaction SNCF Connect 29/01/2024 Vous aimerez aussi Fermer Voir tout Le top des parcs et jardins de Rennes Les 6 musées les plus emblématiques de Rennes Hôtel Balthazar : un spa en plein centre de Rennes Rennes : les événements à venir Les incontournables de Rennes Week-end vert et éco-responsable à Rennes 5 lieux secrets à découvrir à moins d’une heure en TER de Rennes Où boire un verre en terrasse à Rennes ? Nos engagements Meilleurs prix garantis Paiement sécurisé Contact 7j/7 Service client de l'année 2025 Moyens de paiement Infos et conditions Paiement en Chèque-Vacances Connect Infos et conditions de paiement avec les cartes Ayvens, Betterway, Pluxee ou RoadMate Choix du pays Langue France Langue Belgique België Belgium Deutschland España France Italia Luxembourg Nederland Suisse Schweiz Switzerland Other regions and countries Nos partenaires Inscrivez-vous à notre newsletter et profitez des meilleurs bons plans Suivez-nous ! L'entreprise Conditions de présentation des offres sur le site Conditions générales de vente Droits des voyageurs ferroviaires et Règlement européen n°2021/782 Informations légales Charte de confidentialité et cookies Gestion des cookies Partenariat Régie publicitaire Devenir partenaire ou affilié Widget SNCF Connect Sites du groupe Site SNCF Connect & Tech Espace Presse SNCF Connect & Tech Carrières SNCF Connect & Tech Le compte des agents SNCF Groupe-sncf.com Emploi Groupe SNCF Vous informer Aide Contactez-nous Vos billets Communauté SNCF Connect Plan du site SNCF Connect Guide du voyageur Franchissement frontière Handicap & mobilité réduite Nos services pour les voyageurs PSH/PMR Tout savoir sur le service d'assistance en gare Accessibilité numérique : conformité partielle Fonctionnalités d'accessibilité de nos applications mobiles Les autres services d'assistance en Europe Transporteurs TGV INOUI OUIGO TER BlaBlaCar Bus FlixBus BlaBlaCar INTERCITES LYRIA EUROSTAR TGV INOUI vers Bruxelles DB SNCF Voyageurs en coopération TGV INOUI vers l'Espagne TGV INOUI vers l'Italie TGV INOUI vers le Luxembourg TGV INOUI vers Fribourg Itinéraires populaires Train Paris Bordeaux Train Paris Marseille Train Bordeaux Paris Train Paris Lyon Train Paris Bruxelles Train Paris Strasbourg Train Paris Toulouse Train Toulouse Paris Train Lyon Paris Train Paris Amsterdam Train Paris Lille Train Nantes Paris Train Paris Genève Train Paris Barcelone Train Paris Nantes Trajets Transporteurs TGV INOUI Lille-Paris TGV INOUI Lyon-Paris TGV INOUI Paris-Nice TGV INOUI Marseille-Paris TGV INOUI Paris-Nantes OUIGO Fleury-les-Aubrais-Paris OUIGO Paris-Fleury-les-Aubrais OUIGO Rennes-Paris OUIGO Marseille-Lyon OUIGO Nantes-Paris TER Paris-Trouville Deauville TER Trouville Deauville-Paris TER Paris-Le Mans TER Le Mans-Paris TER Nice-Cannes : horaires et billets Top destinations Train France Train Paris Train Lyon Train Bordeaux Train Strasbourg Train Nantes Train Marseille Train Lille Train Marne-la-Vallée Chessy (Disneyland® Paris) Train Amsterdam Train Londres Train Barcelone Train Rennes Train Italie Train Suisse Nos applications mobiles","Top 10 des activités à faire en famille à Rennes
Réserver un billet de train
Sommaire
On fait marcher les méninges à l’Enigmaparc
Enigmaparc
Jeu de piste et énigmes
Visite des musées et des expositions
Sortie culturelle
Le Musée des Beaux Arts
Découverte du Château de Châteaugiron
La petite cité
Se sentir comme un chevalier ou une princesse
Détente et découverte au Parc ornithologique à Bruz
Découvrir les animaux
Les animations
Espace des sciences : Le laboratoire de Merlin
Découvrir les sciences
1 heure de découverte
Un peu de sport en Kayak sur la Vilaine
Visite de l’écomusée de Rennes
Ecomusée de Rennes
Un musée et un parc agro-pastoral
Balade dans la forêt de Rennes
A la recherche des trésors dans les rues de Rennes
Pause détente dans les Parcs rennais
Le parc du Thabord
Les prairies Saint-Martin
Vous aimerez aussi"
séjour parc astérix avec transport,"- Séjours incluant le transport au Parc Astérix
- Forfaits Parc Astérix avec transport compris
- Séjours tout compris au Parc Astérix avec transfert",pass saison (5) quais lutèce (5) parc astérix (4) parc attractions (4) billets séjours (3) séjours pass (3) saison filotomatix (3) filotomatix restauration (3) restauration carte (3) carte cadeau (3)parc astérix (28) carrefour voyages (12) 2 jours (9) parc asterix (7) 3x 4x (7) sans transport (6) transport hôtel (6) dentrée parc (6) astérix 2 (6) jours 1 (6)voyage groupe (22) très bien (11) dès 149 (8) 2 jours (8) ans dès (8) parc astérix (7) cette agence (6) très bon (6) très bonne (6) weekend court (5)parc astérix (41) astérix hôtel (18) 2 jours (12) jours parc (12) ile france (11) france parc (10) astérix paris (9) paris parc (9) trois hiboux (9) parc parc (9)inclus autocar (10) 40 réserver (10) 1 jour (9) siege standard (9) standard entree (9) transport seul (9) seul 40 (9) jovial car (8) autocar entrée (8) entree 84 (8),billets séjours pass (3) séjours pass saison (3) pass saison filotomatix (3) saison filotomatix restauration (3) filotomatix restauration carte (3) restauration carte cadeau (3) carte cadeau navette (3) hôtels trois hiboux (3) comprend lhébergement petits (3) lhébergement petits déjeuners (3)sans transport hôtel (6) dentrée parc astérix (6) parc astérix 2 (6) astérix 2 jours (6) 2 jours 1 (6) jours 1 nuit (6) 1 nuit petit (6) nuit petit déjeuner (6) petit déjeuner payez (6) déjeuner payez 3x (6)weekend court séjour (5) court séjour voyage (4) séjour voyage groupe (4) voyage groupe dès (4) groupe dès 149 (4) dès 149 parc (4) 149 parc asterix (4) 2 jours 1 (4) jours 1 nuit (4) 1 nuit hôtel (4)parc astérix hôtel (18) 2 jours parc (12) ile france parc (10) france parc astérix (10) parc astérix paris (9) astérix paris parc (9) paris parc astérix (9) parc parc astérix (9) lire suite partir (9) personne sans transport (9)siege standard entree (9) transport seul 40 (9) seul 40 réserver (9) inclus autocar entrée (8) standard entree 84 (8) entree 84 réserver (8) 1 jour apd (8) voyages dun jour (5) club jovial car (4) séjours parcs thèmes (3),parc (0.74) hôtels (0.25) séjour (0.23) avis (0.19) hôtel (0.16) 2025 (0.14) attractions (0.14) partir (0.14) plus (0.14) pass (0.12) saison (0.12) séjours (0.12) billets (0.10) billetterie (0.10) découvrir (0.10) lire (0.10) lutèce (0.10) quais (0.10) visite (0.10) astérix (0.08) avant (0.08) aventures (0.08) comprend (0.08) date (0.08) infos (0.08) moins (0.08) personne (0.08) tarifs (0.08) trois (0.08) petit (0.06)parc (0.57) carrefour (0.35) astérix (0.34) hôtel (0.24) 2025 (0.22) séjour (0.22) voyages (0.19) jours (0.17) plus (0.15) attractions (0.14) 31 (0.12) 30 (0.11) club (0.11) conditions (0.11) sans (0.11) 11 (0.10) 3x (0.09) asterix (0.09) dès (0.09) départ (0.09) nuit (0.09) paris (0.09) prix (0.09) spectacles (0.09) vol (0.09) voyage (0.09) 10 (0.08) france (0.08) nouvelle (0.08) voir (0.08)très (0.48) voyage (0.48) groupe (0.28) transgallia (0.23) 2022 (0.21) agence (0.19) bien (0.19) séjour (0.19) dès (0.16) 2021 (0.14) hôtel (0.14) 2023 (0.13) tout (0.13) guide (0.12) organisation (0.12) parc (0.12) 05 (0.11) 11 (0.10) bon (0.10) personnes (0.10) toujours (0.10) 19 (0.09) ans (0.09) jours (0.09) tous (0.09) 10 (0.08) bonne (0.08) petit (0.08) qualité (0.08) tres (0.08)parc (0.64) astérix (0.42) france (0.24) hôtel (0.21) vacances (0.17) voyages (0.15) leclerc (0.13) cité (0.12) jours (0.12) ile (0.11) offre (0.11) paris (0.11) sans (0.11) voir (0.11) favoris (0.10) lutèce (0.10) partir (0.10) annuler (0.09) iles (0.09) lire (0.09) personne (0.09) produit (0.09) quais (0.09) souhaitez (0.09) sud (0.09) suite (0.09) supprimer (0.09) suspendue (0.09) transport (0.09) trois (0.09)2025 (0.38) réserver (0.36) jour (0.27) inclus (0.25) autocar (0.23) voyages (0.21) 40 (0.19) apd (0.19) transport (0.19) entree (0.17) entrée (0.17) jovial (0.17) seul (0.17) siege (0.17) standard (0.17) 08 (0.15) 84 (0.15) car (0.15) parcs (0.13) 07 (0.11) 20 (0.11) parc (0.11) club (0.10) fou (0.10) infos (0.10) leroy (0.10) puy (0.10) séjours (0.10) thèmes (0.10) vacances (0.10),"- **Service de transport inclus** : Profitez d'un transport en autocar confortable depuis nos hôtels jusqu'au Parc Astérix, assurant une arrivée et un départ sans stress.
- **Parking gratuit** : Bénéficiez d'un parking gratuit réservé aux clients, facilitant le stationnement de votre véhicule pendant toute la durée de votre séjour.
- **Navettes régulières** : Accédez facilement au parc grâce à nos navettes fréquentes, disponibles tout au long de la journée pour vous déplacer entre l'hôtel et le Parc Astérix.
- **Transferts de bagagerie** : Simplifiez votre séjour avec notre service de transfert de bagagerie entre l'hôtel et le parc, vous permettant de profiter pleinement de vos journées sans vous encombrer.
- **Accessibilité** : Nos solutions de transport sont adaptées aux besoins des personnes à mobilité réduite, garantissant une expérience agréable pour tous les visiteurs.","- Séjour 1 jour/1 nuit pour 2 adultes et 2 enfants en chambre 4 personnes en basse saison
- Le séjour comprend l’hébergement, le(s) petit(s) déjeuner(s) et les billets à partir de 88 €40 par pers.
- Votre séjour comprend l’hébergement, le(s) petit(s) déjeuner(s) et les billets pour le Parc Astérix.
- Privilèges : Accès à certaines attractions 30 minutes avant l’ouverture du Parc
- Le parking gratuit devant l'hôtel
- Réduction de 10% dans les boutiques du Parc et sur l'Aérolaf
- Taxe de séjour non incluse, applicable par personne et par nuit à partir de 18 ans, à régler sur place.
- Les Trois Hiboux *** Le plus chouette des hôtels à partir de 88 €40 par personne
- La Cité Suspendue *** Un hôtel au milieu de la forêt à partir de 91 € par personne
- Les Quais de Lutèce **** Une halte festive dans la ville antique à partir de 97 €83 par personne
- Réservez votre séjour Hôtel Les Trois Hiboux + billet parc pour 67€20 par personne/nuit.
- Exemple de prix pour un séjour de 2 jours/1 nuit à l'hôtel Trois Hiboux pour 2 adultes et 2 enfants pour des arrivées en basse saison.
- Réservez votre séjour avec seulement 10% d'acompte et modifiez ou annulez sans frais jusqu'à 15 jours avant votre arrivée !
- Départ le 02/09/2025 Sans Transport
- Hôtel Les Trois Hiboux - 1 jour d'entrée au Parc Astérix 2 jours / 1 nuit Petit Déjeuner Payez en 3X ou 4X * dès 96 € TTC /pers.
- Hôtel La Cité Suspendue - 1 jour de parc à partir de 99 € par personne
- Hôtel Les Quais de Lutèce - 1 jour de parc à partir de 111 € par personne
- Hôtel Les Trois Hiboux - 2 jours de parc à partir de 149 € par personne
- Hôtel La Cité Suspendue - 2 jours de parc à partir de 154 € par personne
- Hôtel Les Quais de Lutèce - 2 jours de parc à partir de 171 € par personne
- Tarifs saison 2025 : Cétautomatix et Les Fastes du Nil ouverts mi-mai 2025
- Parc Astérix ouvert du 05 avril 2025 au 4 janvier 2026 de 10h à 19h",séjour parc astérix avec transport,"Le Parc Astérix avec les enfants - SNCF Connect Aller au contenu principal Voyager Voyager Voyager Fermer Tout pour voyager Réserver Réserver Billets de train Voyages en bus Trajets en covoiturage Location de voiture Hôtels Taxi/VTC Bons plans Bons plans Voyages en groupe Voyages pro Enfant voyageant seul Informations Informations Horaires en gare Info trafic Handicap et accessibilité Tous les transporteurs Tous les services Nos réponses à vos questions Guide de voyage Guide de voyage Où voyager en France, en Europe Voyager selon vos envies Billets Billets Billets Fermer Voir vos billets et titres Vos voyages Vos voyages Tous vos voyages Importer un voyage Compensation en cas de retard Faire une réclamation Modifier un voyage Assurance Allianz Vos cartes et abonnements Vos cartes et abonnements Importer une carte ou abonnement Acheter une carte ou abonnement Compléter votre voyage Compléter votre voyage Louer une voiture Réserver un hôtel Réserver un Taxi/VTC Transports urbains Restauration à bord TGV INOUI Restauration à bord INTERCITES Tous les services Offres Offres Offres Fermer Parcourir toutes les offres Cartes et abonnements SNCF Cartes et abonnements SNCF Carte Avantage Jeune Carte Avantage Adulte Carte Avantage Senior Carte Liberté Abonnement MAX ACTIF Abonnement MAX JEUNE Toutes les cartes et abonnements Offres régionales Offres régionales TER Auvergne-Rhône-Alpes TER Hauts de France LiO Train Occitanie TER Nouvelle-Aquitaine Titres Île-de-France Mobilités Consulter les offres régionales Offres urbaines Offres urbaines Avignon – Réseau Orizo Caen – Réseau Twisto Montbéliard – Réseau évolitY Perpignan – Réseau Sankéo Sophia Antipolis – Réseau Envibus Tours – Réseau Fil Bleu Consulter les offres urbaines Services Services Louer une voiture Réserver un hôtel Réserver un Taxi/VTC Assurer votre voyage Livraison de bagages Transport de véhicules Restauration à bord Domicile + Train Tous les services Compte Compte Compte Fermer Accéder à votre compte Vos espaces Vos espaces Se connecter Se créer un compte Espace MAX JEUNE Espace MAX SENIOR Communauté SNCF Connect Vos informations Vos informations Vos informations personnelles Cartes et programmes de fidélité Vos achats Vos moyens de paiement Compagnons de voyage Aide et légal Aide et légal Charte de confidentialité Conditions générales d'utilisation Compensation en cas de retard Aide en ligne Contacts Le Parc Astérix avec les enfants Accueil A voir, à faire Parcs d'attractions Le Parc Astérix avec les enfants Très réputé pour ses attractions à sensations fortes, le Parc Astérix est également un parc d’attractions tout à fait adapté pour les familles. Facile d'accès en bus, le parc Astérix est le parc idéal pour profiter en famille. Réserver un billet de train Réserver un billet de train Rechercher Annuler Sommaire Les attractions d'eau du Parc Astérix Les attractions à sensations pour les petits Nos attractions préférées pour les tout-petits Les animations et les spectacles du Parc Astérix Comment venir au Parc Astérix ? Menhir Express, attraction au Parc Astérix - © Sylvain Cambon Les attractions d'eau du Parc Astérix De nombreuses attractions sont accessibles pour les plus jeunes, notamment les attractions sur l’eau comme le grand Splatch, les bouées géantes de Romus et Rapidus, les bateaux pneumatiques de l'Oxygénarium ou Menhir Express, qui rafraîchiront petits et grands aux beaux jours. L'Epidemaïs Croisière vous fait faire un tour du village sur l'eau, en musique et en douceur, en croisant des surprises sur les rives. Romus et Rapidus, Attraction au parc Astérix - © Sylvain Cambon Les attractions à sensations pour les petits Montez en famille dans le train de SOS Numérobis , une montagne russe familiale spécialement conçue pour découvrir la vitesse et les sensations en douceur, ou dans celui du Vol d’Icare. Tournez ensemble dans les Chaudrons, ou en hauteur dans l'Hydre de Lerne. Si vous êtes nostalgique des Carrousel, profitez de l'occasion pour monter sur celui de César. Retrouvez cinq attractions, chacune imaginée par un druide : Aérodynamix, Énigmatix, Lavomatix, Étamine et Hydrolix. Entre deux manèges, n’hésitez pas à chercher où se cache Idéfix ! © Istock_ilkercelik Nos attractions préférées pour les tout-petits A partir de 80cm Emmenez-les sur les Petits chaises volantes, le Lavomatix (manège), l'Hydrolix (petite barque), l'Etamine (une maison surélevée qui remue), le Mini Carrousel ou le Petit Train... A partir de 90cm Direction Les P'tits Chars Tamponneurs, L'Escadrille des As (manège d'avions), le Mini Carrousel, l'Enigmatix (mini-ascenseur) et l'Aérodynamix ! 3 aires de jeux On aime les aires de jeux : Viking (ambiance drakkar !), Panoramix (parcours dans les arbres) ou Petit Chêne (cabanes et toboggans). Attention Menhir ! le film en 4D Produit par les Studios Idéfix, voici une aventure que vous n'oublierez pas. Asseyez-vous et cramponnez-vous car ça bouge, ça éclabousse, ça vibre... bruits, tremblements, odeurs, eau, vent… l’immersion est totale. Les animations et les spectacles du Parc Astérix Chronos : Magie et illusions se joue au Théâtre de Panoramix (20 min). Main basse sur la Joconde (25 min) est un spectacle théâtral familial (que les week-ends de mai et juin). Cléopâtre fait des offrandes à Oziris pour que l'eau arrive au village (que les week-ends de mai et juin). Une tortue romaine et des chars avec Cléopâtre, César et Gaulois accompagne Astérix, Obélix, Panoramix... pour un défilé dans le Parc en chants et danses. Si vous souhaitez rencontrer tous les héros du parc et faire des selfies, ils sont au village gaulois quand ils ne défilent pas ! 4 athlètes Romains et Grecs font une compétition de plongeons au Théâtre de Poséidon en plein cœur de La Cité d’Olympie. Les figures sont spectaculaires ! Gaulois vs Romains : Le Match sont 3 épreuves physiques d'une nouvelle production télévisée des Studios Jules César ! Confortablement installés dans les arènes Romaines, vous êtes dans les coulisses du tournage. Goudurix, attraction du Parc Astérix - © Sylvain Cambon Comment venir au Parc Astérix en train ? Pour rejoindre le parc Astérix en train depuis Paris, prenez le RER B ""Aéroport Charles De Gaulle 1"". Rendez-vous au guichet « Parc Astérix » où des hôtesses vous dirigent vers les navettes dédiées. Les navettes partent toutes les 30mn, 1h avant l'ouverture du Parc et jusqu'à 1h après la fermeture. Vous pouvez aussi arriver à la gare TGV Charles de Gaulle 2 en OUIGO , rejoindre ensuite l'aérogare 1 avec la navette automatique CDGVAL pour prendre les navettes du Parc Astérix. Cet article vous a plu ? Partagez-le ! Facebook WhatsApp X, formerly Twitter Pinterest Mail La Rédaction SNCF Connect 15/03/2023 Vous aimerez aussi Fermer Voir tout Voyage à Londres et aux Studios Harry Potter en train tout compris : le guide Comment aller au Parc Astérix ? Comment aller à Disneyland® Paris ? 10 choses qui nous arrivent tout le temps au Puy du Fou Le Puy du Fou, spectacles historiques en Vendée PortAventura : du bonheur en famille ! 10 attractions pour s'amuser en famille au Parc Astérix Top 5 des attractions pour frissonner entre amis au Parc Astérix Nos engagements Meilleurs prix garantis Paiement sécurisé Contact 7j/7 Service client de l'année 2025 Moyens de paiement Infos et conditions Paiement en Chèque-Vacances Connect Infos et conditions de paiement avec les cartes Ayvens, Betterway, Pluxee ou RoadMate Choix du pays Langue France Langue Belgique België Belgium Deutschland España France Italia Luxembourg Nederland Suisse Schweiz Switzerland Other regions and countries Nos partenaires Inscrivez-vous à notre newsletter et profitez des meilleurs bons plans Suivez-nous ! L'entreprise Conditions de présentation des offres sur le site Conditions générales de vente Droits des voyageurs ferroviaires et Règlement européen n°2021/782 Informations légales Charte de confidentialité et cookies Gestion des cookies Partenariat Régie publicitaire Devenir partenaire ou affilié Widget SNCF Connect Sites du groupe Site SNCF Connect & Tech Espace Presse SNCF Connect & Tech Carrières SNCF Connect & Tech Le compte des agents SNCF Groupe-sncf.com Emploi Groupe SNCF Vous informer Aide Contactez-nous Vos billets Communauté SNCF Connect Plan du site SNCF Connect Guide du voyageur Franchissement frontière Handicap & mobilité réduite Nos services pour les voyageurs PSH/PMR Tout savoir sur le service d'assistance en gare Accessibilité numérique : conformité partielle Fonctionnalités d'accessibilité de nos applications mobiles Les autres services d'assistance en Europe Transporteurs TGV INOUI OUIGO TER BlaBlaCar Bus FlixBus BlaBlaCar INTERCITES LYRIA EUROSTAR TGV INOUI vers Bruxelles DB SNCF Voyageurs en coopération TGV INOUI vers l'Espagne TGV INOUI vers l'Italie TGV INOUI vers le Luxembourg TGV INOUI vers Fribourg Itinéraires populaires Train Paris Bordeaux Train Paris Marseille Train Bordeaux Paris Train Paris Lyon Train Paris Bruxelles Train Paris Strasbourg Train Paris Toulouse Train Toulouse Paris Train Lyon Paris Train Paris Amsterdam Train Paris Lille Train Nantes Paris Train Paris Genève Train Paris Barcelone Train Paris Nantes Trajets Transporteurs TGV INOUI Lille-Paris TGV INOUI Lyon-Paris TGV INOUI Paris-Nice TGV INOUI Marseille-Paris TGV INOUI Paris-Nantes OUIGO Fleury-les-Aubrais-Paris OUIGO Paris-Fleury-les-Aubrais OUIGO Rennes-Paris OUIGO Marseille-Lyon OUIGO Nantes-Paris TER Paris-Trouville Deauville TER Trouville Deauville-Paris TER Paris-Le Mans TER Le Mans-Paris TER Nice-Cannes : horaires et billets Top destinations Train France Train Paris Train Lyon Train Bordeaux Train Strasbourg Train Nantes Train Marseille Train Lille Train Marne-la-Vallée Chessy (Disneyland® Paris) Train Amsterdam Train Londres Train Barcelone Train Rennes Train Italie Train Suisse Nos applications mobiles","Le Parc Astérix avec les enfants
Réserver un billet de train
Sommaire
Les attractions d'eau du Parc Astérix
Les attractions à sensations pour les petits
Nos attractions préférées pour les tout-petits
A partir de 80cm
A partir de 90cm
3 aires de jeux
Attention Menhir ! le film en 4D
Les animations et les spectacles du Parc Astérix
Comment venir au Parc Astérix en train ?
Vous aimerez aussi"
oziris vitesse maximale,"- Vitesse maximale de l'attraction OzIris au Parc Astérix
- Découvrez l'incroyable sensation de vitesse avec OzIris
- Plongez dans l'univers de l'attraction OzIris au Parc Astérix",montagnes russes (13) modifier modifier (12) modifier code (12) parc astérix (10) consulté 25 (6) 25 juin (6) juin 2014 (6) bolliger mabillard (5) russes inversées (5) 2012 consulté (5)ajouter aventure (56) aventure retirer (56) retirer aventure (56) toute famille (28) aventure toute (27) bienvenue chez (19) chez gaulois (19) sensations fortes (18) petits gaulois (15) aventure petits (14)oziris parc (1) parc astérix (1) astérix r1dd3n (1),modifier modifier code (12) consulté 25 juin (6) 25 juin 2014 (6) montagnes russes inversées (5) déplacer vers barre (4) vers barre latérale (4) barre latérale masquer (4) 2012 consulté 25 (4) montagnes russes métal (3) faire don créer (2)ajouter aventure retirer (56) aventure retirer aventure (56) retirer aventure toute (27) aventure toute famille (27) bienvenue chez gaulois (19) retirer aventure petits (14) aventure petits gaulois (14) retirer aventure sensations (14) aventure sensations fortes (14) toute famille 120cm (12)oziris parc astérix (1) parc astérix r1dd3n (1),modifier (0.38) oziris (0.36) attraction (0.35) astérix (0.25) articles (0.23) portail (0.23) code (0.22) parc (0.22) liés (0.19) montagnes (0.19) russes (0.19) 2012 (0.17) iris (0.17) page (0.15) 25 (0.13) consulté (0.13) mètres (0.13) 2014 (0.10) avril (0.10) juin (0.10) parcours (0.10) france (0.09) inversées (0.09) looping (0.09) nouvelle (0.09) train (0.09) vers (0.09) article (0.07) cette (0.07) osiris (0.07)aventure (0.71) ajouter (0.35) retirer (0.35) gaulois (0.22) famille (0.18) toute (0.18) chez (0.13) fortes (0.13) bienvenue (0.12) petits (0.12) sensations (0.12) 120cm (0.11) parc (0.11) 130cm (0.06) temps (0.06) travers (0.06) empire (0.05) romain (0.05) antique (0.04) grèce (0.04) vikings (0.04) aire (0.03) astérix (0.03) attractions (0.03) hantée (0.03) hôtels (0.03) maison (0.03) oziris (0.03) services (0.03) visite (0.03)astérix (0.50) oziris (0.50) parc (0.50) r1dd3n (0.50),"- OzIris atteint une vitesse maximale de 90 km/h.
- La hauteur maximale des montagnes russes OzIris est de 40 mètres.
- Le parcours d'OzIris s'étend sur 1 000 mètres de longueur.
- OzIris est le premier parcours de montagnes russes inversées à posséder un looping plongeant de 30 mètres de haut.
- La première descente d'OzIris est unique pour une montagne russe inversée Bolliger & Mabillard, car elle ne comporte pas de pré-descente.",- Vitesse maximale 90 km/h,oziris vitesse maximale,"Top 5 des attractions pour frissonner entre amis au Parc Astérix - SNCF Connect Aller au contenu principal Voyager Voyager Voyager Fermer Tout pour voyager Réserver Réserver Billets de train Voyages en bus Trajets en covoiturage Location de voiture Hôtels Taxi/VTC Bons plans Bons plans Voyages en groupe Voyages pro Enfant voyageant seul Informations Informations Horaires en gare Info trafic Handicap et accessibilité Tous les transporteurs Tous les services Nos réponses à vos questions Guide de voyage Guide de voyage Où voyager en France, en Europe Voyager selon vos envies Billets Billets Billets Fermer Voir vos billets et titres Vos voyages Vos voyages Tous vos voyages Importer un voyage Compensation en cas de retard Faire une réclamation Modifier un voyage Assurance Allianz Vos cartes et abonnements Vos cartes et abonnements Importer une carte ou abonnement Acheter une carte ou abonnement Compléter votre voyage Compléter votre voyage Louer une voiture Réserver un hôtel Réserver un Taxi/VTC Transports urbains Restauration à bord TGV INOUI Restauration à bord INTERCITES Tous les services Offres Offres Offres Fermer Parcourir toutes les offres Cartes et abonnements SNCF Cartes et abonnements SNCF Carte Avantage Jeune Carte Avantage Adulte Carte Avantage Senior Carte Liberté Abonnement MAX ACTIF Abonnement MAX JEUNE Toutes les cartes et abonnements Offres régionales Offres régionales TER Auvergne-Rhône-Alpes TER Hauts de France LiO Train Occitanie TER Nouvelle-Aquitaine Titres Île-de-France Mobilités Consulter les offres régionales Offres urbaines Offres urbaines Avignon – Réseau Orizo Caen – Réseau Twisto Montbéliard – Réseau évolitY Perpignan – Réseau Sankéo Sophia Antipolis – Réseau Envibus Tours – Réseau Fil Bleu Consulter les offres urbaines Services Services Louer une voiture Réserver un hôtel Réserver un Taxi/VTC Assurer votre voyage Livraison de bagages Transport de véhicules Restauration à bord Domicile + Train Tous les services Compte Compte Compte Fermer Accéder à votre compte Vos espaces Vos espaces Se connecter Se créer un compte Espace MAX JEUNE Espace MAX SENIOR Communauté SNCF Connect Vos informations Vos informations Vos informations personnelles Cartes et programmes de fidélité Vos achats Vos moyens de paiement Compagnons de voyage Aide et légal Aide et légal Charte de confidentialité Conditions générales d'utilisation Compensation en cas de retard Aide en ligne Contacts Top 5 des attractions pour frissonner entre amis au Parc Astérix Accueil A voir, à faire Parcs d'attractions Top 5 des attractions pour frissonner entre amis au Parc Astérix Vous passez le tourniquet d'entrée du Parc et apercevez déjà au loin une statue bien connue des petits et des grands. Par Toutatis, c’est Astérix ! Vous êtes à la recherche d’attraction à sensations fortes ? Là, c’est sûr, vous êtes au bon endroit. Réserver un billet de train Réserver un billet de train Rechercher Annuler Notre top 5 des attractions : La frayeur de l’immense Oziris Un Tonnerre de Zeus Si vous avez le Goudurix La surprenante Trace du Hourra Le Pégase Express, pour le plaisir des grands et des enfants Grand-huit - © iStock - Jacob Ammentorp Lund La frayeur de l’immense Oziris Avis aux amateurs de sensations fortes ! Sans grande surprise, c'est le colossal, le gigantesque Oziris qui s'empare de la première place dans le classement des attractions les plus effrayantes du parc Astérix . Si vous ne l’avez jamais testé, il suffit d’imaginer : pieds suspendus à plus de 40 mètres du sol , les vrilles et les loopings s’enchaînent sans répit. Vitesse de croisière maximum : 90 km/h. Autant vous le dire tout de suite, vous n’aurez pas le temps de respirer ni de voir quoi que ce soit. Crier, par contre, oui … PS : Accrochez bien vos chaussures. Parc d'attractions - © iStock - Jacob Ammentorp Lund Un Tonnerre de Zeus Vous n’y êtes sûrement pour rien mais toute la colère de Zeus s’abat soudainement sur vous . Tout un tonnerre de rage s’empare du wagon dans lequel vous êtes tranquillement assis et le propulse en hauteur à la vitesse de l’éclair. Après une montée interminable qui vous hissera à plus de 30 mètres du sol, le dieu des dieux vous stop net. Pendant quelques secondes, vous pourrez profiter d’une paisible vue sur le parc . Mais après ça, surprise… Goudurix, attraction du Parc Astérix - © Sylvain Cambon Si vous avez le Goudurix Tête en haut, tête en bas, tête en haut, tête en bas…  Le Goudurix , c’est ce refrain, mais sept fois d’affilée ! On ne va pas vous mentir : il va falloir vous accrocher si vous voulez survivre aux sept immenses loopings qui donnent parfois l’impression de se retrouver bloqué dans le tambour d’une machine à laver. L’adrénaline est vraiment à son seuil maximum. Le bruit étourdissant du wagon élancé à toute vitesse couvrira peut-être celui des cris des moins courageux… Notre conseil : si vous venez de manger, passez votre chemin et attendez que la digestion soit faite. Vue depuis une montagne russe  - © iStock-kr7ysztof La surprenante Trace du Hourra La Trace du Hourra vous fait glisser dans tous les sens à bord d’un bobsleigh gaulois . Encore plus rapide que de glisser sur la neige, sa vitesse avoisine les 60km/h. Après une longue ascension, une descente effrénée vous attend. Les virages sont secs et surprenants et le bobsleigh ne s’arrête jamais. Les téméraires qui garderont les yeux ouverts profiteront d’une jolie vue sur le Parc. Pendant la descente, n’oubliez pas de crier « Hourra » : c’est la tradition de l’attraction ! pegase express au parc asterix - © Cambon 2017-  2020 Le Pégase Express, pour le plaisir des grands et des enfants Et pour finir cet article en douceur (ou pas), nous vous proposons d’embarquer direction le pays des Cyclades ! Le départ est prévu en gare de Montparnoss , gare blanche et bleue ornée d'une horloge un peu fofolle. Et en attendant votre train, les équipes du parc ont pensé à équiper la file d'attente de fausses publicités revissées avec l'humour léger de l'univers d'Astérix. Une fois le coup d'envoie lancé, les descentes, les virages et les bosses se succèdent pour le plaisir des grands, mais aussi des enfants ! Et oui, ce manège est accessible à partir d'un mètre. Histoire de profiter entre amis, mais aussi en famille ! >> Découvrez aussi le Parc Asterix en famille Parc Astérix Parc Astérix 60128 Plailly Paris Horaire d'ouverture : Ouvert du 8 avril au 3 septembre 2023, les week-ends de septembre. Les week-ends d'octobre et les vacances d'automne pour Peur sur le Parc. Comment s'y rendre ? RER B direction Aéroport Charles-de-Gaulle - Arrêt à la station Aéroport Charles-de-Gaulle 1 puis suivre les indications « Parc Astérix » pour trouver la navette qui vous emmènera au parc. Cet article vous a plu ? Partagez-le ! Facebook WhatsApp X, formerly Twitter Pinterest Mail Elodie Gillier Journaliste 01/03/2023 Vous aimerez aussi Fermer Voir tout Voyage à Londres et aux Studios Harry Potter en train tout compris : le guide Comment aller au Parc Astérix ? Comment aller à Disneyland® Paris ? 10 choses qui nous arrivent tout le temps au Puy du Fou Le Puy du Fou, spectacles historiques en Vendée PortAventura : du bonheur en famille ! Le Parc Astérix avec les enfants 10 attractions pour s'amuser en famille au Parc Astérix Nos engagements Meilleurs prix garantis Paiement sécurisé Contact 7j/7 Service client de l'année 2025 Moyens de paiement Infos et conditions Paiement en Chèque-Vacances Connect Infos et conditions de paiement avec les cartes Ayvens, Betterway, Pluxee ou RoadMate Choix du pays Langue France Langue Belgique België Belgium Deutschland España France Italia Luxembourg Nederland Suisse Schweiz Switzerland Other regions and countries Nos partenaires Inscrivez-vous à notre newsletter et profitez des meilleurs bons plans Suivez-nous ! L'entreprise Conditions de présentation des offres sur le site Conditions générales de vente Droits des voyageurs ferroviaires et Règlement européen n°2021/782 Informations légales Charte de confidentialité et cookies Gestion des cookies Partenariat Régie publicitaire Devenir partenaire ou affilié Widget SNCF Connect Sites du groupe Site SNCF Connect & Tech Espace Presse SNCF Connect & Tech Carrières SNCF Connect & Tech Le compte des agents SNCF Groupe-sncf.com Emploi Groupe SNCF Vous informer Aide Contactez-nous Vos billets Communauté SNCF Connect Plan du site SNCF Connect Guide du voyageur Franchissement frontière Handicap & mobilité réduite Nos services pour les voyageurs PSH/PMR Tout savoir sur le service d'assistance en gare Accessibilité numérique : conformité partielle Fonctionnalités d'accessibilité de nos applications mobiles Les autres services d'assistance en Europe Transporteurs TGV INOUI OUIGO TER BlaBlaCar Bus FlixBus BlaBlaCar INTERCITES LYRIA EUROSTAR TGV INOUI vers Bruxelles DB SNCF Voyageurs en coopération TGV INOUI vers l'Espagne TGV INOUI vers l'Italie TGV INOUI vers le Luxembourg TGV INOUI vers Fribourg Itinéraires populaires Train Paris Bordeaux Train Paris Marseille Train Bordeaux Paris Train Paris Lyon Train Paris Bruxelles Train Paris Strasbourg Train Paris Toulouse Train Toulouse Paris Train Lyon Paris Train Paris Amsterdam Train Paris Lille Train Nantes Paris Train Paris Genève Train Paris Barcelone Train Paris Nantes Trajets Transporteurs TGV INOUI Lille-Paris TGV INOUI Lyon-Paris TGV INOUI Paris-Nice TGV INOUI Marseille-Paris TGV INOUI Paris-Nantes OUIGO Fleury-les-Aubrais-Paris OUIGO Paris-Fleury-les-Aubrais OUIGO Rennes-Paris OUIGO Marseille-Lyon OUIGO Nantes-Paris TER Paris-Trouville Deauville TER Trouville Deauville-Paris TER Paris-Le Mans TER Le Mans-Paris TER Nice-Cannes : horaires et billets Top destinations Train France Train Paris Train Lyon Train Bordeaux Train Strasbourg Train Nantes Train Marseille Train Lille Train Marne-la-Vallée Chessy (Disneyland® Paris) Train Amsterdam Train Londres Train Barcelone Train Rennes Train Italie Train Suisse Nos applications mobiles","Top 5 des attractions pour frissonner entre amis au Parc Astérix
Réserver un billet de train
Notre top 5 des attractions :
La frayeur de l’immense Oziris
Un Tonnerre de Zeus
Si vous avez le Goudurix
La surprenante Trace du Hourra
Le Pégase Express, pour le plaisir des grands et des enfants
Vous aimerez aussi"
activite vannes,"- Activités à Vannes: les meilleures idées de loisirs et activités insolites
- Que faire à Vannes: activités à l'abri en cas de pluie
- Découvrez les activités et loisirs à Vannes, Morbihan",croisière côtière (16) vannes 56 (12) bord dun (8) 56 instantané (8) vol hélicoptère (8) dun voilier (7) top vente (7) personne 50 (7) près vannes (6) 56 top (6)golfe morbihan (10) ouvrir sousmenu (8) sousmenu retour (8) 8 port (6) où dormir (4) incontournables golfe (3) locations vacances (3) lîle moines (3) faire vannes (2) quand pleut (2)activités loisirs (14) bons plans (7) loisirs découvrir (6) côté mer (5) mer nature (5) loisirs côté (4) nature découvrir (4) fermes producteurs (3) producteurs locaux (3) découvrez consommez (2)morbihan 56 (22) golfe morbihan (21) stage pilotage (16) week end (16) toutes activités (14) voir toutes (13) 56 49 (10) juin 2025 (10) 2025 avis (10) 49 partir (9),bord dun voilier (7) près vannes 56 (6) vannes 56 top (6) 56 top vente (6) croisière côtière demijournée (4) croisière côtière journée (4) croisière côtière croisière (4) dun voilier centenaire (3) voilier centenaire près (3) centenaire près vannes (3)ouvrir sousmenu retour (8) lexceptionnel ouvrir sousmenu (2) où dormir ouvrir (2) dormir ouvrir sousmenu (2) sousmenu retour où (2) retour où dormir (2) résidences tourisme villages (2) tourisme villages vacances (2) vacances écoresponsables golfe (2) écoresponsables golfe morbihan (2)activités loisirs découvrir (6) côté mer nature (5) activités loisirs côté (4) loisirs côté mer (4) mer nature découvrir (4) fermes producteurs locaux (3) découvrez consommez local (2) bien être beauté (2) profitez bons plans (2) loisirs découvrir fermes (2)voir toutes activités (13) morbihan 56 49 (10) juin 2025 avis (10) 56 49 partir (9) golfe morbihan morbihan (7) morbihan morbihan 56 (7) morbihan 56 48 (6) 56 48 partir (6) 29 juin 2025 (6) baie quiberon morbihan (5),56 (0.43) vannes (0.43) croisière (0.29) vol (0.26) côtière (0.22) personne (0.22) activités (0.21) hélicoptère (0.21) instantané (0.15) journée (0.15) activité (0.14) atelier (0.14) bord (0.14) depuis (0.14) rallye (0.14) voilier (0.14) saut (0.12) top (0.12) île (0.12) catamaran (0.11) morbihan (0.11) parachute (0.11) mer (0.10) minutes (0.10) près (0.10) ulm (0.10) vente (0.10) ainsi (0.08) lors (0.08) occasion (0.08)golfe (0.48) vannes (0.32) menu (0.27) morbihan (0.27) port (0.24) sous (0.24) ouvrir (0.22) retour (0.22) vacances (0.19) tourisme (0.16) île (0.16) activités (0.13) agenda (0.13) end (0.13) faire (0.13) où (0.13) week (0.13) city (0.11) dormir (0.11) exceptionnel (0.11) famille (0.11) moines (0.11) campings (0.08) contacter (0.08) explorer (0.08) facebook (0.08) hébergements (0.08) rencontres (0.08) rhuys (0.08) résidences (0.08)activités (0.43) loisirs (0.43) découvrir (0.40) golfe (0.25) bons (0.22) plans (0.22) mer (0.19) morbihan (0.19) nature (0.19) côté (0.15) achats (0.12) compagnie (0.12) croisières (0.12) vannes (0.12) vbs (0.12) accueil (0.09) entre (0.09) expérience (0.09) famille (0.09) fermes (0.09) local (0.09) locaux (0.09) producteurs (0.09) vedettes (0.09) familiale (0.06) ferme (0.06) jean (0.06) petits (0.06) sortez (0.06) tour (0.06)morbihan (0.42) partir (0.32) pilotage (0.29) activités (0.26) baptême (0.26) stage (0.24) golfe (0.22) 56 (0.21) voir (0.21) end (0.19) vannes (0.19) week (0.19) avis (0.14) hélicoptère (0.14) toutes (0.14) cadeaux (0.13) parachute (0.12) bateau (0.11) 2025 (0.10) effacer (0.10) juin (0.10) spa (0.10) très (0.10) quiberon (0.09) saut (0.09) ulm (0.09) activité (0.08) près (0.08) vol (0.08) île (0.08),"- **Transport et Accessibilité** : Vannes est facilement accessible en train depuis Paris en moins de 3 heures, ainsi que par l’autoroute depuis les principales villes de Bretagne. Des options de transport local, y compris des bus et des vélos en libre-service, facilitent l’accès aux différentes activités proposées dans la ville et ses environs.
- **Histoire et Patrimoine** : En plus des activités ludiques, Vannes offre un riche patrimoine historique avec ses remparts médiévaux, ses maisons à colombages et la magnifique cathédrale Saint-Pierre, offrant un cadre parfait pour des visites culturelles parallèles à vos loisirs.
- **Événements Saisonniers** : Vannes accueille plusieurs festivals tout au long de l’année, tels que le Festival des Arts de la Rue en été et la Fête Historique médiévale, ajoutant une dimension unique à vos activités de loisirs selon la saison de votre visite.
- **Gastronomie Locale** : Profitez de votre séjour à Vannes pour découvrir la cuisine bretonne authentique dans les restaurants locaux, incluant des spécialités comme les crêpes, les fruits de mer frais et le cidre, complétant ainsi votre expérience de loisirs.
- **Conseils de Réservation** : Il est recommandé de réserver vos activités à l’avance, surtout durant la haute saison touristique, pour garantir disponibilité et meilleurs tarifs. Utilisez des plateformes en ligne fiables ou contactez directement les prestataires locaux pour vos réservations.","- Menu Loisirs 15 000 activités près de chez vous
- 4,7/5 (98 514 avis)
- Découvrez plus de 50 activités à faire à Vannes et ses environs avec Funbooker.
- Croisière côtière Demi-journée à bord d'un voilier centenaire près de Vannes (56) Top vente 45 € 4,8 (32)
- Croisière côtière Sortie coucher de soleil à bord d'un voilier près de Vannes (56) Top vente 35 € 4,9 (35)
- Jet Ski Initiation 45 min au Jet-ski à Arzon (56) Instantané 90 € 5,0 (2)
- Musée & Site Billet pour le site des Mégalithes de Locmariaquer (56) Instantané 7 € / personne 4,0 (1)
- Atelier Café Atelier torréfaction ""De l'arbre à la tasse"" à Ploeren (56) 45 € / personne 5,0 (5)
- Parc d'attractions Billet pour Kingoland (56) Instantané 24 € / personne 4,8 (61)
- Jeu de Piste Escape Game à Sarzeau (56) 18 € 4,8 (5)
- Parc de jeux pour enfant Billet pour le Monde de Celty à Sarzeau 16 € / personne
- Labyrinthe géant dans un champ de maïs à Sarzeau (56) Instantané 8 € 4,0 (1)
- Toutes nos activités 136 résultats trouvés
- Rallye Urbain dans le centre-ville de Vannes (56) 39 € 4,6 (9)
- Quiz Game Blindtest à Vannes (56) 15 € / personne
- Croisière côtière Journée à bord d'un voilier centenaire près de Vannes (56) Top vente 65 € 4,9 (38)
- Vol en Hélicoptère depuis Vannes (56) Top vente 199 €
- Vol en Hélicoptère Initiation au pilotage d'hélicoptère depuis Vannes 580 €
- Vol en Hélicoptère Vol privatif en Hélicoptère depuis Vannes 900 €
- Saut en Parachute Saut en Parachute en tandem à Vannes (56) 325 € 4,9 (31)
- Vol en ULM Initiation au pilotage en ULM près de Vannes (56) 145 € 5,0 (1)
- Vol en ULM Baptême de l’air en ULM autogire dans le Golfe du Morbihan (56) Nouveau 185 €
- Vol en ULM Baptême de l'air en ULM au-dessus du Golfe du Morbihan (56) 130 € 5,0 (2)
- Croisière côtière Soirée apéritif en Catamaran en Bretagne depuis Port-Blanc (56) Instantané Top vente 40 € / personne 5,0 (8)
- Croisière côtière Demi-journée croisière en Catamaran en Bretagne (56) Instantané 55 € / personne 5,0 (4)
- Croisière côtière Journée en Catamaran vers l'Ile de Hoëdic depuis Port-Blanc Instantané 80 € / personne
- Croisière côtière Boat Party en Catamaran en Bretagne depuis Port-Blanc (56) Instantané 40 € / personne
- Croisière côtière Journée en Catamaran vers l'Ile de Houat depuis Port-Blanc Instantané 80 € / personne 4,8 (5)
- Croisière côtière Croisière coucher de soleil Catamaran depuis Larmor-Baden (56) 72 € 5,0 (2)
- Croisière côtière Journée en Catamaran au départ de Larmor-Baden (56) 139 € 5,0 (1)
- Croisière côtière Demi-journée en Catamaran au départ de Larmor-Baden (56) 89 € 5,0 (1)
- Atelier Créatif Atelier d'initiation au vitrail à Baden (56) 100 € / personne 5,0 (1)
- Croisière découverte 3h dans le Golfe du Morbihan Instantané 59 €
- Croisière journée complète dans la Baie de Quiberon (56) 89 € / personne 5,0 (3)
- Croisière Soirée Apéro à Arzon (56) 49 € / personne 5,0 (4)
- 16 000 activités
- 1 2 3 4 5
- 300 activités géniales à faire en Bretagne
- 5000 activités au meilleur prix
- Plus de 129 451 commentaires laissés par nos clients sur leurs expériences vécues.
- Bon cadeau échangeable Valable 12 mois, échangeable gratuitement 60 jours
- 60 jours",activite vannes,"Document non trouvé | SNCF Connect Aller au contenu principal Voyager Voyager Voyager Fermer Tout pour voyager Réserver Réserver Billets de train Voyages en bus Trajets en covoiturage Location de voiture Hôtels Taxi/VTC Bons plans Bons plans Voyages en groupe Voyages pro Enfant voyageant seul Informations Informations Horaires en gare Info trafic Handicap et accessibilité Tous les transporteurs Tous les services Nos réponses à vos questions Guide de voyage Guide de voyage Où voyager en France, en Europe Voyager selon vos envies Billets Billets Billets Fermer Voir vos billets et titres Vos voyages Vos voyages Tous vos voyages Importer un voyage Compensation en cas de retard Faire une réclamation Modifier un voyage Assurance Allianz Vos cartes et abonnements Vos cartes et abonnements Importer une carte ou abonnement Acheter une carte ou abonnement Compléter votre voyage Compléter votre voyage Louer une voiture Réserver un hôtel Réserver un Taxi/VTC Transports urbains Restauration à bord TGV INOUI Restauration à bord INTERCITES Tous les services Offres Offres Offres Fermer Parcourir toutes les offres Cartes et abonnements SNCF Cartes et abonnements SNCF Carte Avantage Jeune Carte Avantage Adulte Carte Avantage Senior Carte Liberté Abonnement MAX ACTIF Abonnement MAX JEUNE Toutes les cartes et abonnements Offres régionales Offres régionales TER Auvergne-Rhône-Alpes TER Hauts de France LiO Train Occitanie TER Nouvelle-Aquitaine Titres Île-de-France Mobilités Consulter les offres régionales Offres urbaines Offres urbaines Avignon – Réseau Orizo Caen – Réseau Twisto Montbéliard – Réseau évolitY Perpignan – Réseau Sankéo Sophia Antipolis – Réseau Envibus Tours – Réseau Fil Bleu Consulter les offres urbaines Services Services Louer une voiture Réserver un hôtel Réserver un Taxi/VTC Assurer votre voyage Livraison de bagages Transport de véhicules Restauration à bord Domicile + Train Tous les services Compte Compte Compte Fermer Accéder à votre compte Vos espaces Vos espaces Se connecter Se créer un compte Espace MAX JEUNE Espace MAX SENIOR Communauté SNCF Connect Vos informations Vos informations Vos informations personnelles Cartes et programmes de fidélité Vos achats Vos moyens de paiement Compagnons de voyage Aide et légal Aide et légal Charte de confidentialité Conditions générales d'utilisation Compensation en cas de retard Aide en ligne Contacts Document non trouvé La page que vous demandez n'existe pas Accueil Document non trouvé Vous pouvez consulter le plan du site ou, selon la nature de l'information recherchée, utiliser les icônes de navigation. Pour consulter le plan du site, n'hésitez pas à utiliser la page dédiée à cet effet. Pour accéder à tous nos services, vous pouvez vous rendre sur la page d'accueil de notre site . Si cette erreur survient après la sélection d'un lien hypertexte sur un document se trouvant sur notre serveur, merci de bien vouloir nous la signaler . Réserver un billet de train Réserver un billet de train Rechercher Annuler Nos engagements Meilleurs prix garantis Paiement sécurisé Contact 7j/7 Service client de l'année 2025 Moyens de paiement Infos et conditions Paiement en Chèque-Vacances Connect Infos et conditions de paiement avec les cartes Ayvens, Betterway, Pluxee ou RoadMate Choix du pays Langue France Langue Belgique België Belgium Deutschland España France Italia Luxembourg Nederland Suisse Schweiz Switzerland Other regions and countries Nos partenaires Inscrivez-vous à notre newsletter et profitez des meilleurs bons plans Suivez-nous ! L'entreprise Conditions de présentation des offres sur le site Conditions générales de vente Droits des voyageurs ferroviaires et Règlement européen n°2021/782 Informations légales Charte de confidentialité et cookies Gestion des cookies Partenariat Régie publicitaire Devenir partenaire ou affilié Widget SNCF Connect Sites du groupe Site SNCF Connect & Tech Espace Presse SNCF Connect & Tech Carrières SNCF Connect & Tech Le compte des agents SNCF Groupe-sncf.com Emploi Groupe SNCF Vous informer Aide Contactez-nous Vos billets Communauté SNCF Connect Plan du site SNCF Connect Guide du voyageur Franchissement frontière Handicap & mobilité réduite Nos services pour les voyageurs PSH/PMR Tout savoir sur le service d'assistance en gare Accessibilité numérique : conformité partielle Fonctionnalités d'accessibilité de nos applications mobiles Les autres services d'assistance en Europe Transporteurs TGV INOUI OUIGO TER BlaBlaCar Bus FlixBus BlaBlaCar INTERCITES LYRIA EUROSTAR TGV INOUI vers Bruxelles DB SNCF Voyageurs en coopération TGV INOUI vers l'Espagne TGV INOUI vers l'Italie TGV INOUI vers le Luxembourg TGV INOUI vers Fribourg Itinéraires populaires Train Paris Bordeaux Train Paris Marseille Train Bordeaux Paris Train Paris Lyon Train Paris Bruxelles Train Paris Strasbourg Train Paris Toulouse Train Toulouse Paris Train Lyon Paris Train Paris Amsterdam Train Paris Lille Train Nantes Paris Train Paris Genève Train Paris Barcelone Train Paris Nantes Trajets Transporteurs TGV INOUI Lille-Paris TGV INOUI Lyon-Paris TGV INOUI Paris-Nice TGV INOUI Marseille-Paris TGV INOUI Paris-Nantes OUIGO Fleury-les-Aubrais-Paris OUIGO Paris-Fleury-les-Aubrais OUIGO Rennes-Paris OUIGO Marseille-Lyon OUIGO Nantes-Paris TER Paris-Trouville Deauville TER Trouville Deauville-Paris TER Paris-Le Mans TER Le Mans-Paris TER Nice-Cannes : horaires et billets Top destinations Train France Train Paris Train Lyon Train Bordeaux Train Strasbourg Train Nantes Train Marseille Train Lille Train Marne-la-Vallée Chessy (Disneyland® Paris) Train Amsterdam Train Londres Train Barcelone Train Rennes Train Italie Train Suisse Nos applications mobiles","Document non trouvé
Réserver un billet de train"
la rochelle port,"- La Rochelle Port de Plaisance - Informations et Activités à La Rochelle
- Découvrez le Port de Plaisance de La Rochelle - Activités et Informations
- Explorez le Port de Plaisance de La Rochelle - Site officiel et Activités",in rochelle (8) annual fee (7) calculate your (5) your annual (5) arriving at (4) at port (4) port in (4) life in (4) a port (4) get informed (4)espace presse (3) liens colonne (3) port atlantique (2) atlantique rochelle (2) box liens (2) marchés publics (2) box rs (2) accès terrestres (2) développement durable (2) place portuaire (2)port plaisance (8) plaisance rochelle (5) tourisme accessibilité (3) 100 office (3) office tourisme (3) rochelle th (2) th activités (2) rochelle tourisme (2) accessibilité rochelle (2) visites guidées (2),calculate your annual (5) your annual fee (5) arriving at port (4) life in rochelle (4) your port in (2) port in rochelle (2) nautical access basins (2) access basins and (2) basins and services (2) and services tall (2)port atlantique rochelle (2) atlantique rochelle site (1) rochelle site officiel (1) site officiel activation (1) officiel activation navigation (1) activation navigation mobile (1) navigation mobile menu (1) mobile menu logo (1) menu logo accueil (1) logo accueil box (1)port plaisance rochelle (5) 100 office tourisme (3) rochelle th activités (2) tourisme accessibilité rochelle (2) french english german (2) english german spanish (2) plus grands ports (2) accessible fauteuil roulant (2) plaisance rochelle th (1) th activités rochelle (1),port (0.44) the (0.36) in (0.28) rochelle (0.28) annual (0.23) nautical (0.23) your (0.23) sailing (0.21) fee (0.18) and (0.16) life (0.16) waiting (0.16) calculate (0.13) prices (0.13) activities (0.10) all (0.10) anchoring (0.10) area (0.10) arriving (0.10) at (0.10) customer (0.10) events (0.10) fishing (0.10) get (0.10) getting (0.10) information (0.10) informed (0.10) of (0.10) security (0.10) to (0.10)port (0.59) portuaire (0.31) accès (0.24) liens (0.24) 2025 (0.20) presse (0.20) rochelle (0.20) savoir (0.20) actualités (0.16) aménagements (0.16) box (0.16) entreprises (0.16) produits (0.16) 25 (0.12) accueil (0.12) colonne (0.12) conseil (0.12) développement (0.12) espace (0.12) portuaires (0.12) rejoindre (0.12) collective (0.08) communiqués (0.08) construction (0.08) grand (0.08) loupe (0.08) missions (0.08) performance (0.08) publics (0.08) rs (0.08)rochelle (0.68) port (0.34) plaisance (0.31) tourisme (0.27) tous (0.17) accessibilité (0.14) accueil (0.14) services (0.14) site (0.14) 100 (0.10) activités (0.10) autres (0.10) grands (0.10) handicap (0.10) mer (0.10) office (0.10) ouvert (0.10) ports (0.10) animaux (0.07) année (0.07) bureau (0.07) bus (0.07) eau (0.07) english (0.07) faire (0.07) guidées (0.07) plans (0.07) plus (0.07) rendez (0.07) spanish (0.07),"- Le port de plaisance de La Rochelle est l'un des plus grands au monde et en Europe, avec une capacité d'accueil de 5000 places à flot.
- Le port est ouvert 24h/24 toute l'année, avec certains services disponibles de 8h30 à 20h.
- Le port dispose de nombreuses certifications en termes d'environnement et de services, notamment ISO 9001 et ""Ports propres actifs en biodiversité"".
- Des équipements et services sont proposés aux plaisanciers, tels que des bornes de recharge pour véhicules électriques, des services de collecte et tri sélectif des déchets, etc.
- Le port de plaisance est accessible en fauteuil roulant avec aide et en autonomie, avec une zone de circulation dégagée.","- Le port de plaisance de La Rochelle a été créé en 1972
- Après 4 ans de travaux d’extension, les nouvelles infrastructures du Port de plaisance ont été inaugurées le 25 octobre 2014
- Le port a une capacité d'accueil portée à 5000 places à flot
- Certifications: ISO 9001, Certification ""Ports propres actifs en biodiversité"", 4 sur 5 à la certification ""Gold Anchor"", Site d'expérimentation du projet La Rochelle Territoire Zéro Carbone
- Services dédiés: collecte et tri sélectif de 11 types de déchets, 2 appareils pour l’embarquement de personnes à mobilité réduite, 1 station de lavage haute pression, 3 pompes destinées à l’aspiration des eaux noires, grises et fond de cale",la rochelle port,"Promenade sur le Vieux-Port de La Rochelle - SNCF Connect Aller au contenu principal Voyager Voyager Voyager Fermer Tout pour voyager Réserver Réserver Billets de train Voyages en bus Trajets en covoiturage Location de voiture Hôtels Taxi/VTC Bons plans Bons plans Voyages en groupe Voyages pro Enfant voyageant seul Informations Informations Horaires en gare Info trafic Handicap et accessibilité Tous les transporteurs Tous les services Nos réponses à vos questions Guide de voyage Guide de voyage Où voyager en France, en Europe Voyager selon vos envies Billets Billets Billets Fermer Voir vos billets et titres Vos voyages Vos voyages Tous vos voyages Importer un voyage Compensation en cas de retard Faire une réclamation Modifier un voyage Assurance Allianz Vos cartes et abonnements Vos cartes et abonnements Importer une carte ou abonnement Acheter une carte ou abonnement Compléter votre voyage Compléter votre voyage Louer une voiture Réserver un hôtel Réserver un Taxi/VTC Transports urbains Restauration à bord TGV INOUI Restauration à bord INTERCITES Tous les services Offres Offres Offres Fermer Parcourir toutes les offres Cartes et abonnements SNCF Cartes et abonnements SNCF Carte Avantage Jeune Carte Avantage Adulte Carte Avantage Senior Carte Liberté Abonnement MAX ACTIF Abonnement MAX JEUNE Toutes les cartes et abonnements Offres régionales Offres régionales TER Auvergne-Rhône-Alpes TER Hauts de France LiO Train Occitanie TER Nouvelle-Aquitaine Titres Île-de-France Mobilités Consulter les offres régionales Offres urbaines Offres urbaines Avignon – Réseau Orizo Caen – Réseau Twisto Montbéliard – Réseau évolitY Perpignan – Réseau Sankéo Sophia Antipolis – Réseau Envibus Tours – Réseau Fil Bleu Consulter les offres urbaines Services Services Louer une voiture Réserver un hôtel Réserver un Taxi/VTC Assurer votre voyage Livraison de bagages Transport de véhicules Restauration à bord Domicile + Train Tous les services Compte Compte Compte Fermer Accéder à votre compte Vos espaces Vos espaces Se connecter Se créer un compte Espace MAX JEUNE Espace MAX SENIOR Communauté SNCF Connect Vos informations Vos informations Vos informations personnelles Cartes et programmes de fidélité Vos achats Vos moyens de paiement Compagnons de voyage Aide et légal Aide et légal Charte de confidentialité Conditions générales d'utilisation Compensation en cas de retard Aide en ligne Contacts Promenade sur le Vieux-Port de La Rochelle Accueil A voir, à faire La Rochelle Promenade sur le Vieux-Port de La Rochelle Dès votre arrivée dans la charmante cité marine de la Rochelle, vous irez forcément vous balader sur le Vieux-Port. Un endroit emblématique où l'on vient flâner, manger une glace ou prendre le bateau pour l'île d'Aix et le Fort Boyard... Réserver un billet de train Réserver un billet de train Rechercher Annuler Sommaire Flâner sur le Vieux-Port de la Rochelle Prendre un bateau pour l'île d'Aix et le Fort Boyard Le bus de mer à 1€ au départ du Vieux-Port Le Vieux-Port de La Rochelle  - © Istock Flâner sur le Vieux Port de la Rochelle Dès votre arrivée en train à la Rochelle, rejoignez le Vieux-Port en quelques minutes à pied. Protégé par trois belles tours en pierre du XIVe siècle, le Vieux-Port de La Rochelle aligne ses voiliers au pied des remparts. Rien de plus agréable que de venir se balader sur ces quais et simplement apprécier ce paysage de carte postale : les voiliers à perte de vue, cernés par les trois célèbres tours, la tour Saint-Nicolas, la tour de la Chaîne et la tour de la Lanterne. Si vous venez en famille, la balade sur le Vieux-Port remporte toujours un franc succès ! Juste à côté du port, vous trouverez une aire de jeux pour enfants avec un manège. Dès les beaux jours, on savoure une glace assis sur les quais face aux bateaux. Un passage obligé donc lors d'une visite de La Rochelle et point de départ idéal pour explorer la vieille ville, au fil des ruelles pavées de galets… venus du fleuve Saint-Laurent, au Canada. Tout près du Vieux-Port, vous pouvez aussi visiter le célèbre Aquarium de la Rochelle et aller boire un verre en famille sur le toit terrasse ou sur le bateau France 1, juste à côté. >> Réserver vos billets de train pour La Rochelle Fort Boyard - © Istock - Simon11uk Prendre un bateau pour l'île d'Aix et le Fort Boyard A la demi-journée ou à la journée, vous pouvez prendre le bateau pour aller voir le Fort Boyard puis vous arrêter sur l'île d'Aix. Pour l'instant, le Fort Boyard ne se visite pas (mais c'est prévu pour bientôt !), la seule façon de l'apercevoir est depuis un bateau, mais le lieu est impressionnant à voir, gigantesque forteresse surgissant au milieu de la mer, et suffisamment mythique pour mériter une balade en bateau. L' île d'Aix , très fleurie, est la plus petite île de Charente-Maritime. Elle offre un panorama à 360° avec une vue imprenable sur le Fort Boyard, avec en arrière plan l'Ile d'Oléron ; l'Ile de Ré est au nord, l'Ile Madame au sud. Vous pouvez rester une journée complète et louer des vélos pour vous déplacer plus facilement sur l'île. Néanmoins, à pied, on la parcourt facilement. Des calèches peuvent également vous emmener en balade, toujours un grand succès avec les enfants ! De nombreuses compagnies proposent des sorties en bateau au départ du Vieux-Port. Vieux-Port de la Rochelle - © Istock - kateafter Le bus de mer à 1€ au départ du Vieux-Port Le bon plan : le bus de mer Yélo , qui permet de relier le Vieux-Port de La Rochelle au Port de Plaisance des Minimes en 20 minutes par la mer, pour 1€ seulement. Non seulement c'est pratique, mais c'est aussi une balade en bateau parfaite à faire avec de jeunes enfants, courte mais assez dépaysante. En plus, ce bateau fonctionne à l'énergie solaire : zéro pollution donc ! Cet article vous a plu ? Partagez-le ! Facebook WhatsApp X, formerly Twitter Pinterest Mail La Rédaction SNCF Connect 27/05/2025 Préparez votre séjour : La Rochelle au départ de Paris Marseille Lyon Lille Bordeaux 31 / 07 Dès 49 € (1) 01 / 08 Dès 65 € (1) 02 / 08 Dès 63 € (1) 03 / 08 Dès 47 € (1) 04 / 08 Dès 51 € (1) 05 / 08 Dès 39 € (1) 06 / 08 Dès 35 € (1) Le moins cher Vous aimerez aussi Fermer Voir tout La plus belle boucle à faire en vélo sur l'Ile de Ré Que faire autour de La Rochelle ? Les plus belles plages de l’Ile de Ré S'éclater à La Rochelle entre amis Top 5 des activités pour découvrir la Côte Atlantique autrement Que faire en famille à La Rochelle ? Week-end à la Rochelle Une journée en famille à l'Aquarium de La Rochelle Les Francofolies de la Rochelle 2022 3 lieux secrets à visiter à moins d'une heure de TER de La Rochelle Mentions légales (1) Voir les conditions des offres (1) Tarifs TTC, à partir de, pour une personne, pour un aller simple, en 2nd classe, sur une sélection de trains et de dates et sous réserve de disponibilité. Offres soumises à conditions d'échanges et de remboursement des transporteurs concernés à consulter lors de la commande. Paiement en ligne. Offres non cumulables avec d'autres promotions SNCF. Nos engagements Meilleurs prix garantis Paiement sécurisé Contact 7j/7 Service client de l'année 2025 Moyens de paiement Infos et conditions Paiement en Chèque-Vacances Connect Infos et conditions de paiement avec les cartes Ayvens, Betterway, Pluxee ou RoadMate Choix du pays Langue France Langue Belgique België Belgium Deutschland España France Italia Luxembourg Nederland Suisse Schweiz Switzerland Other regions and countries Nos partenaires Inscrivez-vous à notre newsletter et profitez des meilleurs bons plans Suivez-nous ! L'entreprise Conditions de présentation des offres sur le site Conditions générales de vente Droits des voyageurs ferroviaires et Règlement européen n°2021/782 Informations légales Charte de confidentialité et cookies Gestion des cookies Partenariat Régie publicitaire Devenir partenaire ou affilié Widget SNCF Connect Sites du groupe Site SNCF Connect & Tech Espace Presse SNCF Connect & Tech Carrières SNCF Connect & Tech Le compte des agents SNCF Groupe-sncf.com Emploi Groupe SNCF Vous informer Aide Contactez-nous Vos billets Communauté SNCF Connect Plan du site SNCF Connect Guide du voyageur Franchissement frontière Handicap & mobilité réduite Nos services pour les voyageurs PSH/PMR Tout savoir sur le service d'assistance en gare Accessibilité numérique : conformité partielle Fonctionnalités d'accessibilité de nos applications mobiles Les autres services d'assistance en Europe Transporteurs TGV INOUI OUIGO TER BlaBlaCar Bus FlixBus BlaBlaCar INTERCITES LYRIA EUROSTAR TGV INOUI vers Bruxelles DB SNCF Voyageurs en coopération TGV INOUI vers l'Espagne TGV INOUI vers l'Italie TGV INOUI vers le Luxembourg TGV INOUI vers Fribourg Itinéraires populaires Train Paris Bordeaux Train Paris Marseille Train Bordeaux Paris Train Paris Lyon Train Paris Bruxelles Train Paris Strasbourg Train Paris Toulouse Train Toulouse Paris Train Lyon Paris Train Paris Amsterdam Train Paris Lille Train Nantes Paris Train Paris Genève Train Paris Barcelone Train Paris Nantes Trajets Transporteurs TGV INOUI Lille-Paris TGV INOUI Lyon-Paris TGV INOUI Paris-Nice TGV INOUI Marseille-Paris TGV INOUI Paris-Nantes OUIGO Fleury-les-Aubrais-Paris OUIGO Paris-Fleury-les-Aubrais OUIGO Rennes-Paris OUIGO Marseille-Lyon OUIGO Nantes-Paris TER Paris-Trouville Deauville TER Trouville Deauville-Paris TER Paris-Le Mans TER Le Mans-Paris TER Nice-Cannes : horaires et billets Top destinations Train France Train Paris Train Lyon Train Bordeaux Train Strasbourg Train Nantes Train Marseille Train Lille Train Marne-la-Vallée Chessy (Disneyland® Paris) Train Amsterdam Train Londres Train Barcelone Train Rennes Train Italie Train Suisse Nos applications mobiles","Promenade sur le Vieux-Port de La Rochelle
Réserver un billet de train
Sommaire
Flâner sur le Vieux Port de la Rochelle
Prendre un bateau pour l'île d'Aix et le Fort Boyard
Le bus de mer à 1€ au départ du Vieux-Port
Préparez votre séjour : La Rochelle au départ deParisMarseilleLyonLilleBordeaux
Vous aimerez aussi
Mentions légales"
bar a champagne reims,"- Découvrez les meilleurs bars à champagne à Reims
- Vivez une expérience gourmande au bar à champagne de Reims
- Profitez d'un verre de champagne au cœur des vignes de Reims",ajouter favoris (20) favoris enregistrer (20) enregistrer bar (14) reims ajouter (11) dun jour (8) bar vin (8) vin bar (8) bar champagne (8) dégustation boutique (7) loffice tourisme (6)tgv inoui (12) train paris (12) sncf connect (8) top 5 (6) bars champagne (6) paris train (6) champagne reims (5) cartes abonnements (5) reims ouvert (5) 03 26 (5)bar manger (8) truffe caviar (8) coteaux champenois (5) face cathédrale (4) parvis bar (3) manger champagnes (3) champagnes truffe (3) recherche produits (3) blanc blancs (3) armand brignac (3)bar champagne (5) château sacy (3) restaurant bar (3) bar bar (3) champagnes vins (3) accueil chambres (2) chambres suites (2) suites restaurant (2) bar mieuxêtre (2) mieuxêtre programmation (2)jardin dhiver (6) caserne chanzy (4) grande georgette (4) little georgette (4) 51100 reims (4) reims france (4) france tél (4) tél 33 (4) 33 3 (4) 3 26 (4),ajouter favoris enregistrer (20) favoris enregistrer bar (14) reims ajouter favoris (11) enregistrer bar vin (8) bar vin bar (8) vin bar champagne (8) favoris enregistrer barpub (6) enregistrer bar dégustation (6) bar dégustation boutique (6) dégustation boutique vente (6)bars champagne reims (5) tgv inoui vers (5) top 5 bars (4) 5 bars champagne (4) téléphone 03 26 (4) lhôtel holiday inn (3) reims ouvert lundi (3) ouvert lundi samedi (3) sncf connect tech (3) paris train paris (3)bar manger champagnes (3) champagnes truffe caviar (3) laccès stockage technique (3) manger champagnes truffe (2) truffe caviar coteaux (2) caviar coteaux champenois (2) coteaux champenois ratafias (2) champenois ratafias cadeaux (2) ratafias cadeaux contact (2) découvrez sélection ratafia (2)accueil chambres suites (2) chambres suites restaurant (2) suites restaurant bar (2) restaurant bar mieuxêtre (2) bar mieuxêtre programmation (2) mieuxêtre programmation privatisations (2) programmation privatisations coffrets (2) privatisations coffrets cadeaux (2) coffrets cadeaux carnet (2) cadeaux carnet voyage (2)51100 reims france (4) reims france tél (4) france tél 33 (4) tél 33 3 (4) 33 3 26 (4) 3 26 83 (4) grande georgette little (3) georgette little georgette (3) little georgette jardin (3) georgette jardin dhiver (3),bar (0.45) reims (0.42) champagne (0.34) enregistrer (0.28) favoris (0.28) ajouter (0.27) retour (0.23) réserver (0.18) dégustation (0.15) jour (0.15) tourisme (0.13) accès (0.11) boutique (0.11) pub (0.11) vin (0.11) voyage (0.09) accessibles (0.08) activités (0.08) direct (0.08) office (0.08) préférences (0.08) sorties (0.08) vente (0.08) agenda (0.07) bars (0.07) gérer (0.07) organiser (0.07) stockage (0.07) technique (0.07) visite (0.07)train (0.50) paris (0.42) reims (0.40) champagne (0.26) sncf (0.19) inoui (0.17) tgv (0.17) offres (0.15) bar (0.14) hôtel (0.14) ter (0.14) carte (0.12) connect (0.12) réserver (0.11) voyage (0.11) bars (0.10) billets (0.10) cartes (0.10) services (0.10) top (0.10) compte (0.08) france (0.08) groupe (0.08) informations (0.08) ouigo (0.08) où (0.08) réseau (0.08) voyager (0.08) voyages (0.08) 03 (0.07)reims (0.32) bar (0.30) 00 (0.27) champagne (0.27) champagnes (0.24) truffe (0.24) brut (0.21) caviar (0.21) manger (0.21) bergère (0.19) champenois (0.19) coteaux (0.19) accès (0.16) blanc (0.16) parvis (0.16) préférences (0.16) cave (0.13) découvrez (0.13) gérer (0.13) maisons (0.13) stockage (0.13) technique (0.13) blancs (0.11) cathédrale (0.11) expérience (0.11) face (0.11) grandes (0.11) produits (0.11) statistiques (0.11) vignerons (0.11)champagne (0.52) bar (0.46) reims (0.27) champagnes (0.24) vins (0.24) aussi (0.16) plus (0.16) restaurant (0.16) château (0.14) histoire (0.14) pourrez (0.14) sacy (0.14) art (0.11) carte (0.11) cette (0.11) coupe (0.11) coupes (0.11) découvrez (0.11) découvrir (0.11) dégustation (0.11) lieu (0.11) réserver (0.11) vignes (0.11) boisson (0.08) cocktails (0.08) contact (0.08) mieux (0.08) sabrage (0.08) saveurs (0.08) si (0.08)18 (0.36) georgette (0.32) reims (0.32) chanzy (0.28) hiver (0.24) jardin (0.24) réserver (0.20) 26 (0.16) 33 (0.16) 51100 (0.16) 83 (0.16) caserne (0.16) com (0.16) france (0.16) grande (0.16) hôtel (0.16) little (0.16) rue (0.16) spa (0.16) tél (0.16) cadeaux (0.12) contact (0.12) ducoudray (0.12) tronsson (0.12) coffrets (0.08) contactez (0.08) cœur (0.08) ensemble (0.08) restaurant (0.08) rooftop (0.08),"- Mention de l'histoire de Reims en tant que capitale du champagne et son importance culturelle.
- Informations sur les événements liés au champagne à Reims, tels que des festivals ou des dégustations spéciales.
- Conseils pratiques pour les visiteurs, comme les meilleures périodes pour visiter ou les transports en commun disponibles.
- Description des différents types de champagnes disponibles dans les bars locaux.
- Suggestions d'activités complémentaires autour des bars à champagne, comme des visites de caves ou des ateliers de dégustation.","- ""Maison Pol Couronne fournit depuis plus de deux siècles des cuvées d’une qualité exceptionnelle.""
- ""Fondé en 1971, le club Trésors de Champagne est une association de vignerons centrée autour d’une approche très qualitative de leur métier.""
- ""Elle regroupe 28 viticulteurs.""
- ""L’association a aussi sa boutique où vous pourrez découvrir près de 170 champagnes différents !""
- ""Pour visiter le vignoble : prenez le Champagne Wine Tour au départ de l’Office de tourisme et profitez d’un tour de 3h à travers le vignoble.""
- ""80 ans de la reddition allemande Reims, l’épopée légendaire.""
- ""Flâneries Musicales, festival 2025.""",bar a champagne reims,"Top 5 des bars à champagne à Reims - SNCF Connect Aller au contenu principal Voyager Voyager Voyager Fermer Tout pour voyager Réserver Réserver Billets de train Voyages en bus Trajets en covoiturage Location de voiture Hôtels Taxi/VTC Bons plans Bons plans Voyages en groupe Voyages pro Enfant voyageant seul Informations Informations Horaires en gare Info trafic Handicap et accessibilité Tous les transporteurs Tous les services Nos réponses à vos questions Guide de voyage Guide de voyage Où voyager en France, en Europe Voyager selon vos envies Billets Billets Billets Fermer Voir vos billets et titres Vos voyages Vos voyages Tous vos voyages Importer un voyage Compensation en cas de retard Faire une réclamation Modifier un voyage Assurance Allianz Vos cartes et abonnements Vos cartes et abonnements Importer une carte ou abonnement Acheter une carte ou abonnement Compléter votre voyage Compléter votre voyage Louer une voiture Réserver un hôtel Réserver un Taxi/VTC Transports urbains Restauration à bord TGV INOUI Restauration à bord INTERCITES Tous les services Offres Offres Offres Fermer Parcourir toutes les offres Cartes et abonnements SNCF Cartes et abonnements SNCF Carte Avantage Jeune Carte Avantage Adulte Carte Avantage Senior Carte Liberté Abonnement MAX ACTIF Abonnement MAX JEUNE Toutes les cartes et abonnements Offres régionales Offres régionales TER Auvergne-Rhône-Alpes TER Hauts de France LiO Train Occitanie TER Nouvelle-Aquitaine Titres Île-de-France Mobilités Consulter les offres régionales Offres urbaines Offres urbaines Avignon – Réseau Orizo Caen – Réseau Twisto Montbéliard – Réseau évolitY Perpignan – Réseau Sankéo Sophia Antipolis – Réseau Envibus Tours – Réseau Fil Bleu Consulter les offres urbaines Services Services Louer une voiture Réserver un hôtel Réserver un Taxi/VTC Assurer votre voyage Livraison de bagages Transport de véhicules Restauration à bord Domicile + Train Tous les services Compte Compte Compte Fermer Accéder à votre compte Vos espaces Vos espaces Se connecter Se créer un compte Espace MAX JEUNE Espace MAX SENIOR Communauté SNCF Connect Vos informations Vos informations Vos informations personnelles Cartes et programmes de fidélité Vos achats Vos moyens de paiement Compagnons de voyage Aide et légal Aide et légal Charte de confidentialité Conditions générales d'utilisation Compensation en cas de retard Aide en ligne Contacts Top 5 des bars à champagne à Reims Accueil A voir, à faire Top 5 des bars à champagne à Reims A Reims, le champagne coule à flots ! Ainsi vous trouverez quantité de bars et de restaurants proposant du champagne sur leur carte. Mais pour goûter à l’excellence, nous avons sélectionnés pour vous les 5 meilleurs bars à champagne de la ville. Réserver un billet de train Réserver un billet de train Rechercher Annuler Au même titre que sa cathédrale inscrite au patrimoine mondial de l’UNESCO, le champagne fait partie des incontournables de la culture rémoise. Car au-delà de la découverte du vignoble et des caves de la ville, impensable de ne pas savourer une coupe dans un bar. Vous ne savez pas par où commencer ? Suivez notre guide des meilleurs bars à champagne de Reims. >> Réservez dès maintenant votre train pour Reims Notre top 5 des bars à champagne de Reims : Bar à champagne Pol Couronne Boutique Trésors de Champagne Le Clos Bar de l’Hôtel de la Paix Il Duomo – bar de l’hôtel Holiday Inn Reims Centre Bar à champagne Pol Couronne En plein centre-ville de Reims, la Maison Pol Couronne fournit depuis plus de deux siècles des cuvées d’une qualité exceptionnelle. Une saga familiale passionnante que vous découvrirez lors de votre visite ponctuée par une dégustation de champagnes peu communs. Le showroom est élégant et moderne et offre le cadre idéal pour se laisser aller aux saveurs du champagne à des prix abordables . >> Découvrez le top 5 des caves à visiter à Reims Quant à l’équipe sur place, elle vous conseille et vous explique les spécificités de chaque cru. Pratique ensuite pour savoir avec quels mets accompagner une bonne bouteille ! 11 cours Jean-Baptiste Langlet à Reims. Ouvert du lundi au samedi de 10h à 19h et jusqu’à 20h le jeudi et le vendredi. Téléphone : 09 83 02 27 54. Boutique Trésors de Champagne Fondé en 1971, le club Trésors de Champagne est une association de vignerons centrée autour d’ une approche très qualitative de leur métier. Elle est la seule de ce type dans la région et regroupe 28 viticulteurs. Mais ce n’est pas tout ! L’association a aussi sa boutique où vous pourrez découvrir près de 170 champagnes différents ! Chaque semaine une sélection est proposée en dégustation à la coupe et des ateliers découverte permettent régulièrement de se familiariser en groupe, avec un professionnel, aux spécificités de chaque cru. 2 rue Olivier Métra à Reims. Ouvert de 14h à 19h le mardi et le mercredi. De 10h30 à 12h30 et de 14h à 19h le jeudi et le vendredi. De 10h à 19h le samedi. Téléphone 03 26 48 28 42. >> Retrouvez notre parcours gourmand à Reims Le Clos Ambiance atypique et absolument enivrante du côté de ce bar incontournable à Reims ! A l’intérieur, c’est un mobilier chiné dans les brocantes qui occupe joliment l’espace sur fond de musique jazz. Esquissez quelques pas avant de rejoindre la cour intérieure où les guirlandes lumineuses, la grande terrasse et le terrain de boules confèrent une atmosphère de guinguette chic au lieu. La carte des vins et champagnes fait la part belle à l’excellence et les tapas maisons accompagneront avec délice votre choix. 25 rue du temple à Reims. Ouvert de 18h à 00h du mardi au jeudi. De 18h à 01h30 le vendredi et de 12h à 01h30 le samedi. Téléphone : 03 26 07 74 69. Bar de l’Hôtel de la Paix Cet hôtel du groupe Best Western Premier à 10 minutes à pied seulement de la cathédrale dispose d’un bar sans commune mesure à Reims. Un design moderne et très élégant dans des tons feutrés où vous allez apprécier la large sélection des meilleurs champagnes. C’est simple : les plus grandes Maisons de Champagne sont représentées ! Profitez aussi de la cour intérieure et du jardin de l’hôtel pour déguster votre coupe, complètement préservés des bruits de la rue, et en plus de ça, ensoleillés. Un petit havre de paix. 9 rue Buirette à Reims. Ouvert du lundi au samedi de 8h à 2h et le dimanche de 15h à 2h. Téléphone : 03 26 40 04 08. Il Duomo – bar de l’hôtel Holiday Inn Reims Centre Au 7e étage de l’hôtel Holiday Inn , se niche le bar-restaurant Il Duomo. Sa vue est une attraction à elle seule puisqu’elle vous permet de découvrir toute la ville en hauteur, y compris sa cathédrale ! En salle ou sur la terrasse , goûtez à la délicate cuisine italienne du chef et aux merveilleuses bouteilles de champagne à la carte. C’est un instant magique que de dîner ici au coucher du soleil. Mais rien ne vous empêche de faire comme les rémois : venir en fin d’après-midi simplement pour profiter de la vue et partager une flûte entre amis. 46 rue Buirette à Reims. Ouvert du lundi au samedi de 16h à 22h. Téléphone : 03 26 78 99 99. Pour visiter le vignoble : prenez le Champagne Wine Tour au départ de l’Office de tourisme et profitez d’un tour de 3h à travers le vignoble. Sinon faites appel à l’un des prestataires oenotouristiques de l’Office de tourisme pour un circuit sur mesure. Renseignements au 03 26 77 45 00. >> Trouvez l’hôtel qui vous convient à Reims Cet article vous a plu ? Partagez-le ! Facebook WhatsApp X, formerly Twitter Pinterest Mail Grégory Vieau Journaliste 24/04/2025 Vous aimerez aussi Fermer Voir tout 3 lieux secrets à visiter à moins d'une heure de TER de Reims Reims : le top 5 des caves à visiter La cathédrale de Reims, inscrite à l'Unesco La montagne de Reims : expériences insolites Où bien manger à Reims ? Programme pour votre escapade à Reims Parcours gourmand à Reims Le marché de Noël de Reims Itinéraire gourmand et pétillant en Champagne Les Montgolfières Champenoises Que faire ce week-end à Reims ? Les Faux de Verzy, des arbres insolites Nos engagements Meilleurs prix garantis Paiement sécurisé Contact 7j/7 Service client de l'année 2025 Moyens de paiement Infos et conditions Paiement en Chèque-Vacances Connect Infos et conditions de paiement avec les cartes Ayvens, Betterway, Pluxee ou RoadMate Choix du pays Langue France Langue Belgique België Belgium Deutschland España France Italia Luxembourg Nederland Suisse Schweiz Switzerland Other regions and countries Nos partenaires Inscrivez-vous à notre newsletter et profitez des meilleurs bons plans Suivez-nous ! L'entreprise Conditions de présentation des offres sur le site Conditions générales de vente Droits des voyageurs ferroviaires et Règlement européen n°2021/782 Informations légales Charte de confidentialité et cookies Gestion des cookies Partenariat Régie publicitaire Devenir partenaire ou affilié Widget SNCF Connect Sites du groupe Site SNCF Connect & Tech Espace Presse SNCF Connect & Tech Carrières SNCF Connect & Tech Le compte des agents SNCF Groupe-sncf.com Emploi Groupe SNCF Vous informer Aide Contactez-nous Vos billets Communauté SNCF Connect Plan du site SNCF Connect Guide du voyageur Franchissement frontière Handicap & mobilité réduite Nos services pour les voyageurs PSH/PMR Tout savoir sur le service d'assistance en gare Accessibilité numérique : conformité partielle Fonctionnalités d'accessibilité de nos applications mobiles Les autres services d'assistance en Europe Transporteurs TGV INOUI OUIGO TER BlaBlaCar Bus FlixBus BlaBlaCar INTERCITES LYRIA EUROSTAR TGV INOUI vers Bruxelles DB SNCF Voyageurs en coopération TGV INOUI vers l'Espagne TGV INOUI vers l'Italie TGV INOUI vers le Luxembourg TGV INOUI vers Fribourg Itinéraires populaires Train Paris Bordeaux Train Paris Marseille Train Bordeaux Paris Train Paris Lyon Train Paris Bruxelles Train Paris Strasbourg Train Paris Toulouse Train Toulouse Paris Train Lyon Paris Train Paris Amsterdam Train Paris Lille Train Nantes Paris Train Paris Genève Train Paris Barcelone Train Paris Nantes Trajets Transporteurs TGV INOUI Lille-Paris TGV INOUI Lyon-Paris TGV INOUI Paris-Nice TGV INOUI Marseille-Paris TGV INOUI Paris-Nantes OUIGO Fleury-les-Aubrais-Paris OUIGO Paris-Fleury-les-Aubrais OUIGO Rennes-Paris OUIGO Marseille-Lyon OUIGO Nantes-Paris TER Paris-Trouville Deauville TER Trouville Deauville-Paris TER Paris-Le Mans TER Le Mans-Paris TER Nice-Cannes : horaires et billets Top destinations Train France Train Paris Train Lyon Train Bordeaux Train Strasbourg Train Nantes Train Marseille Train Lille Train Marne-la-Vallée Chessy (Disneyland® Paris) Train Amsterdam Train Londres Train Barcelone Train Rennes Train Italie Train Suisse Nos applications mobiles","Top 5 des bars à champagne à Reims
Réserver un billet de train
Notre top 5 des bars à champagne de Reims :
Bar à champagne Pol Couronne
Boutique Trésors de Champagne
Le Clos
Bar de l’Hôtel de la Paix
Il Duomo – bar de l’hôtel Holiday Inn Reims Centre
Vous aimerez aussi"
que faire à obernai,"
- Que faire à Obernai : Visitez les incontournables et découvrez les secrets
- Découvrez Obernai : Visitez, explorez et profitez de vos vacances
- Obernai et ses trésors : Que voir, que faire pour un séjour mémorable",plus beaux (9) beaux détours (9) thomas muller (7) détours france (6) tous plus (3) suiveznous instagram (3) instagram suiveznous (3) suiveznous facebook (3) détour obernai (3) obernai voir (2)obernai htels (20) htels prs (19) prs site (16) tripadvisor llc (15) points dintrt (12) 4 5bulles (12) plus avis (12) cet avis (12) avis lopinion (12) lopinion subjective (12)sites visiter (4) 03 88 (4) autour dobernai (3) voir faire (3) carnet voyage (2) voyage voir (2) voir sélection (2) groupes séminaires (2) parcs jardins (2) andlau château (2)tgv inoui (12) train paris (12) sncf connect (8) paris train (6) cartes abonnements (5) 67210 obernai (5) obernai france (5) inoui vers (5) 10 choses (4) choses faire (4)visiter obernai (7) bonnes adresses (6) mont sainteodile (6) plus dinfos (6) route vins (5) mont national (4) yonaguni spa (4) marché noël (4) visiter lalsace (3) ville dobernai (3),plus beaux détours (9) beaux détours france (6) tous plus beaux (3) suiveznous instagram suiveznous (3) instagram suiveznous facebook (3) suiveznous facebook contacter (2) détour obernai basrhin (2) email minscrire newsletter (2) célèbre route vins (2) route vins dalsace (2)htels prs site (16) cet avis lopinion (12) avis lopinion subjective (12) lopinion subjective dun (12) subjective dun membre (12) dun membre tripadvisor (12) membre tripadvisor non (12) tripadvisor non lavis (12) non lavis tripadvisor (12) lavis tripadvisor llc (12)carnet voyage voir (2) voyage voir sélection (2) 03 88 95 (2) obernai plus beau (2) plus beau détour (2) où dormir où (2) dormir où manger (2) sites visiter autour (1) visiter autour dobernai (1) autour dobernai accueil (1)67210 obernai france (5) tgv inoui vers (5) 10 choses faire (4) choses faire obernai (4) obernai france 03 (4) france 03 88 (4) 03 88 95 (4) sentier viticole schenkenberg (3) sncf connect tech (3) paris train paris (3)admirer vue depuis (3) vue depuis mont (3) depuis mont national (3) marché noël dobernai (3) autour mont sainteodile (3) visiter obernai environs (2) obernai environs conseils (2) environs conseils bonnes (2) conseils bonnes adresses (2) livre recettes bredele (2),obernai (0.45) plus (0.37) détours (0.35) beaux (0.24) détour (0.21) ville (0.21) muller (0.19) thomas (0.19) choucroute (0.16) france (0.16) suivez (0.16) tous (0.16) triumph (0.16) alsace (0.13) célèbre (0.13) sainte (0.13) site (0.13) alsacienne (0.11) gastronomie (0.11) newsletter (0.11) odile (0.11) près (0.11) tout (0.11) aujourd (0.08) belle (0.08) cité (0.08) histoire (0.08) instagram (0.08) place (0.08) tourisme (0.08)obernai (0.71) avis (0.32) bulles (0.29) tripadvisor (0.25) tels (0.22) pr (0.18) plus (0.13) site (0.11) km (0.11) part (0.11) 2024 (0.10) strasbourg (0.09) ville (0.09) visites (0.09) llc (0.08) activit (0.07) int (0.07) monuments (0.07) partir (0.07) cet (0.07) points (0.07) sites (0.07) vins (0.07) france (0.06) membre (0.06) non (0.06) rifications (0.06) subjective (0.06) tout (0.06) visite (0.06)obernai (0.65) château (0.31) visiter (0.22) musée (0.18) parc (0.18) faire (0.15) profitez (0.15) site (0.15) sites (0.15) ville (0.15) voir (0.15) 03 (0.12) 88 (0.12) alsace (0.12) andlau (0.12) centre (0.12) kintzheim (0.12) maison (0.12) où (0.12) prenez (0.12) vacances (0.12) autour (0.09) bien (0.09) cascade (0.09) demande (0.09) déplacer (0.09) groupes (0.09) saint (0.09) sainte (0.09) selestat (0.09)train (0.52) paris (0.45) obernai (0.30) sncf (0.21) faire (0.18) inoui (0.18) plus (0.18) tgv (0.18) france (0.16) offres (0.16) connect (0.13) istock (0.13) ter (0.13) réserver (0.12) voyage (0.12) billets (0.10) cartes (0.10) découvrir (0.10) services (0.10) ville (0.10) année (0.09) bien (0.09) carte (0.09) compte (0.09) informations (0.09) ouigo (0.09) réseau (0.09) si (0.09) tous (0.09) voyages (0.09)obernai (0.68) alsace (0.32) ville (0.29) visiter (0.27) mont (0.17) plus (0.15) admirer (0.12) centre (0.12) découvrir (0.12) marché (0.12) odile (0.12) sainte (0.12) visite (0.12) faire (0.11) infos (0.11) noël (0.11) parc (0.11) route (0.11) adresses (0.09) bonnes (0.09) aussi (0.08) autour (0.08) depuis (0.08) environ (0.08) lieu (0.08) minutes (0.08) national (0.08) spa (0.08) vins (0.08) vue (0.08),{Pas de fait important},"- ""son Beffroi, haut de 60 m.""
- ""Obernai comptait au XVIIIe siècle près de 300 maîtres-artisans répartis en une trentaine de métiers""
- ""Le célèbre sanctuaire du Mont Sainte-Odile (VIIIe siècle) auquel la sainte a consacré toute sa vie est situé à peine à 20 minutes d'Obernai.""
- ""L'équipe de l'Office de Tourisme a réalisé un livret-jeu avec crayons de couleurs qui vous seront utiles pour effectuer le repérage (2,5€).""
- ""Quel plaisir d'apercevoir au bout de ce sentier forestier, perchés sur un rocher à 667m d'altitude, les vestiges de cet édifice du XIIIe siècle.""
- ""Plus de 700 entreprises y investissent et innovent.""
- ""génèrent près de 4000 emplois.""
- ""Cette épreuve sportive d'envergure internationale attire chaque année près de 3000 participants.""
- ""Début juin.""",que faire à obernai,"10 choses à faire à Obernai - SNCF Connect Aller au contenu principal Voyager Voyager Voyager Fermer Tout pour voyager Réserver Réserver Billets de train Voyages en bus Trajets en covoiturage Location de voiture Hôtels Taxi/VTC Bons plans Bons plans Voyages en groupe Voyages pro Enfant voyageant seul Informations Informations Horaires en gare Info trafic Handicap et accessibilité Tous les transporteurs Tous les services Nos réponses à vos questions Guide de voyage Guide de voyage Où voyager en France, en Europe Voyager selon vos envies Billets Billets Billets Fermer Voir vos billets et titres Vos voyages Vos voyages Tous vos voyages Importer un voyage Compensation en cas de retard Faire une réclamation Modifier un voyage Assurance Allianz Vos cartes et abonnements Vos cartes et abonnements Importer une carte ou abonnement Acheter une carte ou abonnement Compléter votre voyage Compléter votre voyage Louer une voiture Réserver un hôtel Réserver un Taxi/VTC Transports urbains Restauration à bord TGV INOUI Restauration à bord INTERCITES Tous les services Offres Offres Offres Fermer Parcourir toutes les offres Cartes et abonnements SNCF Cartes et abonnements SNCF Carte Avantage Jeune Carte Avantage Adulte Carte Avantage Senior Carte Liberté Abonnement MAX ACTIF Abonnement MAX JEUNE Toutes les cartes et abonnements Offres régionales Offres régionales TER Auvergne-Rhône-Alpes TER Hauts de France LiO Train Occitanie TER Nouvelle-Aquitaine Titres Île-de-France Mobilités Consulter les offres régionales Offres urbaines Offres urbaines Avignon – Réseau Orizo Caen – Réseau Twisto Montbéliard – Réseau évolitY Perpignan – Réseau Sankéo Sophia Antipolis – Réseau Envibus Tours – Réseau Fil Bleu Consulter les offres urbaines Services Services Louer une voiture Réserver un hôtel Réserver un Taxi/VTC Assurer votre voyage Livraison de bagages Transport de véhicules Restauration à bord Domicile + Train Tous les services Compte Compte Compte Fermer Accéder à votre compte Vos espaces Vos espaces Se connecter Se créer un compte Espace MAX JEUNE Espace MAX SENIOR Communauté SNCF Connect Vos informations Vos informations Vos informations personnelles Cartes et programmes de fidélité Vos achats Vos moyens de paiement Compagnons de voyage Aide et légal Aide et légal Charte de confidentialité Conditions générales d'utilisation Compensation en cas de retard Aide en ligne Contacts 10 choses à faire à Obernai Accueil A voir, à faire 10 choses à faire à Obernai Obernai est une commune d’Alsace au patrimoine architectural sublime avec ses jolies maisons à colombages et ses nombreux monuments historiques. Mais c’est aussi un territoire riche en saveur ! A découvrir sans modération toute l’année. Réserver un billet de train Réserver un billet de train Rechercher Annuler Obernai est probablement le plus typique des villages alsaciens. Avec ses maisons à colombages, ses monuments imposants, sa gastronomie très riche et ses festivités toute l’année, c’est un vrai délice d’y séjourner un week-end. Vous ne savez pas par où commencer ? Voici notre top 10 des choses à faire à Obernai : Faire ses emplettes au marché Se promener sur les remparts Visiter l’église Saints-Pierre-et-Paul Dîner dans un restaurant gastronomique Arpenter le sentier viticole de Schenkenberg Goûter au vin et à la bière locale Participer au Printemps d’Alsace Flâner au parc de Leonardsau Gravir le mont Saint-Odile Faire le tour de la vieille ville à pied © Istock - Flavio Vallenari Participez aux festivités de Noël Plus qu’un événement, c’est véritablement un temps fort de l’année qui s’étend cette année du samedi 23 novembre au 31 décembre 2019. Au programme : plus de 40 chalets constitueront le Marché de Noël de la Gastronomie et de l’Artisanat. Vous pourrez aller à la rencontre des artisans pour découvrir leur savoir-faire et aussi en profiter pour trouver les produits qui viendront combler vos convives sur la table de Noël. Cette année, la ville met à disposition des navettes gratuites au départ des parkings périphériques de la ville et du camping VVF, pour se rendre les week-ends vers le centre ville où se trouve le Marché de Noël d'Obernai . Office du Tourisme d’Obernai Place Beffroi 67210 Obernai France 03 88 95 64 13 © Istock - Guy Ozenne Se promener sur les remparts Impossible de les manquer lorsqu’on arrive à Obernai. Vestiges du Moyen-Age, les remparts continuent de cercler le village sur une longueur de 1400 mètres. Et ils dominent aussi bien la rivière de l’Ehn que la plaine ou les habitations. Alors pour prendre un peu de hauteur, on s’aventure dessus grâce au terre-plein central et on découvre autrement le patrimoine architectural. C’est beau, et entre nous, c’est l’occasion rêvée de prendre quelque selfies ! © Istock - Guy Ozenne Visiter l’église Saints-Pierre-et-Paul C’est selon nous le plus bel édifice de la ville. Une impressionnante façade de pierre au style néo-gothique et des dimensions qui en font l’une des plus grandes églises d’Alsace . Une fois à l’intérieur, la hauteur et la profondeur de la voute ne cesse d’émerveiller tandis que d’autres curiosités appellent le regard comme l' autel du Saint-Sépulcre du XVIe siècle , l'orgue Merklin, ou les magnifiques tableaux de l'Ancien et du Nouveau Testaments réalisés par l'atelier du peintre Martin Feuerstein. Impensable de manquer ça. Préparation d'une assiette - © istock-mmeemil Dîner dans un restaurant gastronomique Si vous connaissez vous-même des Alsaciens, alors vous savez qu’avec ces gens-là on ne rigole pas avec les repas ! Vous ne serez pas non plus surpris du nombre de restaurants qui parsèment la commune. Au rayon gastronomique, nous vous recommandons Le Jardin des Remparts avec sa raviole ouverte de joue de lotte et son magnifique jardin. Mais si vous préférez une ambiance et des plats plus typiques de la région, c’est à L’Agneau d’Or que ça se passe. Le Jardin des Remparts 3 Rue de Gail 67210 Obernai France 03 88 95 07 00 A l’Agneau d’Or 99 rue du Général Gouraud 67210 Obernai France 03 88 95 28 22 © Istock - ZhekOS Arpenter le sentier viticole de Schenkenberg Bonne nouvelle ! Obernai est pile poil sur la prestigieuse route des vins . Son vignoble surplombe d’ailleurs le village et peut se découvrir à pied grâce au sentier viticole du Schenkenberg. Très bien fait, celui-ci comporte des panneaux explicatifs qui permettent de découvrir pas à pas les différents cépages et les phases d’évolution du vin (principalement du fameux gewurztraminer). Mais au-delà de cet intérêt, la balade vaut aussi le détour pour le superbe panorama qu’elle offre sur la plaine d’Alsace . © iStock - pixelfit Goûter au vin et à la bière locale Après avoir visité les cépages, il faut bien passer à la dégustation ! Pour ça, deux valeurs sûres à Obernai : la Cave Barabos et le magasin Au Bien Boire . Dans la première, vous trouverez plus de 1300 références en provenance des meilleurs vignobles d'Alsace et d'ailleurs. Et pas de prétention ici ! Connaisseur ou néophyte, vous pourrez découvrir et déguster avec soin les meilleurs vins. Chez Au Bien Boire , un impressionnant catalogue de vins également mais aussi une belle sélection de bières. Après tout, pourquoi choisir ? Cave Barabos Vin et Saveurs 1a Rue des Pèlerins 67210 Obernai France 03 88 95 22 37 Au bien boire 4 Rue du Général Leclerc 67210 Obernai France 09 83 39 02 25 © iStock - kasto80 Faire ses emplettes au marché Amateurs de bons produits, si la visite des caves ne vous a pas comblé, il ne vous reste plus qu’à aller au marché ! Celui d’Obernai, qui s’installe tous les jeudis matins (de 08:00 à 12:30) en centre-ville, aurait d’ailleurs plus de 700 ans d’existence… Il réunit toujours plus d’une centaine de commerçants : des fleuristes, bouchers, fromagers, vendeurs de légumes, fabricants de pain d’épice, etc. C’est juste incroyable toutes les senteurs qu’il dégage et l’ambiance si conviviale qu’il inspire. Si vous êtes à Obernai ce jour-là, ne le manquez surtout pas. © Istock - martin-dm Flâner au parc de Leonardsau A 4 kilomètres à l’ouest d’Obernai, s’étend sur 9 hectares le parc de Leonardsau. Il encercle un petit château (paré de colombages, évidemment) et révèle quelques merveilles de petits jardins dans un style se rapprochant des jardins britanniques . A l’arrivée des beaux jours, c’est très agréable de s’y promener en famille ou en amoureux , ou même d’y faire un peu de sport. Et pour les épater les autres avec votre culture, racontez-leur qu’en 1970 Claude Chabrol tourna ici son film La Décade Prodigieuse avec Orson Welles. Quartier historique d'Oberai - ©  Photononstop - AGE Faire le tour de la vieille ville à pied Pour découvrir le cœur d’Obernai, ses rues pavées et ses principaux sites, pas besoin de guide ! Un circuit aménagé avec des panneaux explicatifs est déjà présent et vous montre la voie. Partez de l’Office de tourisme – où vous pourrez récupérer un plan – puis enchainez avec le beffroi, la très vieille maison romane, et ainsi de suite jusqu’à la fontaine Sainte-Odile pour boucler le circuit. Au final, si le tour ne demande qu’une heure de marche, vous allez remonter plus de douze siècles d’histoire. Une sacrée perspective ! © Istock - sosobuzuk Gravir le mont Saint-Odile A deux pas du parc de Leonardsau se situe un lieu de pèlerinage emblématique de la région entièrement dédié à Sainte Odile , patronne des Alsaciens. Il faut gravir ses 740 mètres d’altitude pour découvrir son monastère et contempler la vue exceptionnelle sur toute la Plaine d’Alsace . On aperçoit même la cathédrale de Strasbourg ! L’accès au sommet donne l’occasion d’une belle randonnée sur un site naturel peu commun, en partie à cause de la barrière de blocs qui fait le tour du mont. Sentez l’atmosphère emprunte de légende ! Cet article vous a plu ? Partagez-le ! Facebook WhatsApp X, formerly Twitter Pinterest Mail Grégory Vieau Journaliste 17/04/2025 Nos engagements Meilleurs prix garantis Paiement sécurisé Contact 7j/7 Service client de l'année 2025 Moyens de paiement Infos et conditions Paiement en Chèque-Vacances Connect Infos et conditions de paiement avec les cartes Ayvens, Betterway, Pluxee ou RoadMate Choix du pays Langue France Langue Belgique België Belgium Deutschland España France Italia Luxembourg Nederland Suisse Schweiz Switzerland Other regions and countries Nos partenaires Inscrivez-vous à notre newsletter et profitez des meilleurs bons plans Suivez-nous ! L'entreprise Conditions de présentation des offres sur le site Conditions générales de vente Droits des voyageurs ferroviaires et Règlement européen n°2021/782 Informations légales Charte de confidentialité et cookies Gestion des cookies Partenariat Régie publicitaire Devenir partenaire ou affilié Widget SNCF Connect Sites du groupe Site SNCF Connect & Tech Espace Presse SNCF Connect & Tech Carrières SNCF Connect & Tech Le compte des agents SNCF Groupe-sncf.com Emploi Groupe SNCF Vous informer Aide Contactez-nous Vos billets Communauté SNCF Connect Plan du site SNCF Connect Guide du voyageur Franchissement frontière Handicap & mobilité réduite Nos services pour les voyageurs PSH/PMR Tout savoir sur le service d'assistance en gare Accessibilité numérique : conformité partielle Fonctionnalités d'accessibilité de nos applications mobiles Les autres services d'assistance en Europe Transporteurs TGV INOUI OUIGO TER BlaBlaCar Bus FlixBus BlaBlaCar INTERCITES LYRIA EUROSTAR TGV INOUI vers Bruxelles DB SNCF Voyageurs en coopération TGV INOUI vers l'Espagne TGV INOUI vers l'Italie TGV INOUI vers le Luxembourg TGV INOUI vers Fribourg Itinéraires populaires Train Paris Bordeaux Train Paris Marseille Train Bordeaux Paris Train Paris Lyon Train Paris Bruxelles Train Paris Strasbourg Train Paris Toulouse Train Toulouse Paris Train Lyon Paris Train Paris Amsterdam Train Paris Lille Train Nantes Paris Train Paris Genève Train Paris Barcelone Train Paris Nantes Trajets Transporteurs TGV INOUI Lille-Paris TGV INOUI Lyon-Paris TGV INOUI Paris-Nice TGV INOUI Marseille-Paris TGV INOUI Paris-Nantes OUIGO Fleury-les-Aubrais-Paris OUIGO Paris-Fleury-les-Aubrais OUIGO Rennes-Paris OUIGO Marseille-Lyon OUIGO Nantes-Paris TER Paris-Trouville Deauville TER Trouville Deauville-Paris TER Paris-Le Mans TER Le Mans-Paris TER Nice-Cannes : horaires et billets Top destinations Train France Train Paris Train Lyon Train Bordeaux Train Strasbourg Train Nantes Train Marseille Train Lille Train Marne-la-Vallée Chessy (Disneyland® Paris) Train Amsterdam Train Londres Train Barcelone Train Rennes Train Italie Train Suisse Nos applications mobiles","10 choses à faire à Obernai
Réserver un billet de train
Participez aux festivités de Noël
Se promener sur les remparts
Visiter l’église Saints-Pierre-et-Paul
Dîner dans un restaurant gastronomique
Arpenter le sentier viticole de Schenkenberg
Goûter au vin et à la bière locale
Faire ses emplettes au marché
Flâner au parc de Leonardsau
Faire le tour de la vieille ville à pied
Gravir le mont Saint-Odile"
musee gratuit lyon,"
- Découvrez les musées gratuits à Lyon - Les bons plans pour une visite culturelle
- Tourisme à Lyon : les incontournables à ne pas manquer, dont les musées gratuits
- Lyon : top 5 des musées gratuits à visiter, activités culturelles à découvrir",voir fiche (14) bons plans (8) prison montluc (5) savoir plus (5) plans gratuits (4) découvrir lyon (4) tourisme congrès (4) brice robert (4) ville lyon (4) mémorial national (4)pierre qyrool (7) faire lyon (5) plus proche (5) lieux dexpo (4) bons plans (4) février 2025 (4) dart contemporain (4) lyon arrêt (4) plus dinfos (4) arrêt tcl (4)billets paris (7) parc tête (6) tête dor (6) activités gratuites (5) bons plans (5) paul bocuse (5) gratuites lyon (4) emblématiques lyon (4) colline fourvière (4) lyon top (3)ville lyon (15) carte musées (10) collections permanentes (8) permanentes expositions (8) expositions temporaires (8) lyon collections (5) carte culture (5) permet daccéder (4) daccéder illimité (4) musées ville (3)musée confluences (5) juin 2025 (5) pass annuel (4) nuage petits (4) parcours permanent (3) préparer visite (3) venir musée (3) arrêt musée (3) confluences parking (3) parking musée (3),bons plans gratuits (4) mémorial national prison (4) national prison montluc (4) journées européennes patrimoine (4) plans gratuits lyon (3) onlylyon tourisme congrès (3) 69005 lyon 5ème (3) lyon city card (2) théophile fournet onlylyon (2) fournet onlylyon tourisme (2)arrêt tcl plus (4) tcl plus proche (4) musées lieux dexpo (3) faire lyon cette (3) lyon cette semaine (3) lyon arrêt tcl (3) plus proche métro (3) lyon faire lyon (3) 5 musées lieux (2) lieux dexpo gratuits (2)parc tête dor (6) activités gratuites lyon (3) gratuites lyon top (3) lyon top 30 (3) profiter dune vue (3) halles paul bocuse (3) plus emblématiques lyon (3) top 30 meilleurs (2) 30 meilleurs bons (2) meilleurs bons plans (2)collections permanentes expositions (8) permanentes expositions temporaires (8) lyon collections permanentes (5) musées ville lyon (3) permet daccéder illimité (3) expositions temporaires musée (3) visuel hub carte (3) page thématique principale (3) thématique principale culture (3) principale culture accroche (3)arrêt musée confluences (3) musée confluences parking (3) confluences parking musée (3) parking musée confluencesgerland (3) mardi dimanche 10h30 (3) dimanche 10h30 18h30 (3) 10h30 18h30 nocturne (3) 18h30 nocturne jusquà (3) nocturne jusquà 22h (3) jusquà 22h 1 (3),lyon (0.78) plus (0.23) tous (0.21) musée (0.18) ville (0.17) voir (0.17) découvrir (0.16) fiche (0.14) www (0.13) lyonnais (0.12) fr (0.10) musique (0.10) métropole (0.10) bons (0.09) faire (0.09) jardin (0.09) lyonnaise (0.09) gratuitement (0.08) histoire (0.08) lieux (0.08) plans (0.08) restaurants (0.08) tourisme (0.08) beaux (0.07) comme (0.07) fête (0.07) gratuits (0.07) hébergements (0.07) rue (0.07) tout (0.07)lyon (0.75) musée (0.23) plus (0.21) art (0.18) arrêt (0.16) citycrunch (0.15) faire (0.15) qyrool (0.15) sans (0.15) tous (0.15) 2025 (0.13) cette (0.11) end (0.11) pierre (0.11) week (0.11) adresse (0.10) rhône (0.10) street (0.10) 18h (0.08) alpes (0.08) balades (0.08) bien (0.08) culture (0.08) expo (0.08) gratuit (0.08) horaires (0.08) infos (0.08) lieux (0.08) moulages (0.08) proche (0.08)lyon (0.68) plus (0.25) ouigo (0.21) profiter (0.21) ville (0.21) billets (0.19) pourrez (0.16) musée (0.15) paris (0.15) vue (0.15) admirer (0.13) art (0.13) faire (0.13) fourvière (0.12) lyonnais (0.12) activités (0.10) découvrir (0.10) fresque (0.10) gratuites (0.10) jardin (0.10) marché (0.10) or (0.10) rhône (0.10) si (0.10) unique (0.10) croix (0.09) locaux (0.09) où (0.09) parc (0.09) train (0.09)lyon (0.51) musées (0.41) carte (0.36) ville (0.32) musée (0.21) collections (0.17) culture (0.17) expositions (0.17) permanentes (0.17) temporaires (0.17) accéder (0.13) page (0.13) illimité (0.11) permet (0.11) accroche (0.09) contenu (0.09) découvrir (0.09) démarches (0.09) euros (0.09) rechercher (0.09) accès (0.06) bibliothèques (0.06) diapositive (0.06) hub (0.06) principale (0.06) site (0.06) sortir (0.06) tarifs (0.06) thématique (0.06) visuel (0.06)2025 (0.51) musée (0.49) expositions (0.28) 2026 (0.23) confluences (0.21) visite (0.19) famille (0.17) juin (0.15) découvrir (0.13) professionnel (0.13) venir (0.13) 19 (0.11) activités (0.11) ans (0.11) conférences (0.11) entreprise (0.11) horaires (0.11) infos (0.11) janvier (0.11) ressources (0.11) spectacles (0.11) tout (0.11) éditions (0.11) agenda (0.09) annuel (0.09) atelier (0.09) collections (0.09) mardi (0.09) nuage (0.09) pass (0.09),"- **Jours de Gratuité** : En plus des entrées gratuites pour les moins de 18 ans, certains musées lyonnais offrent une gratuité exceptionnelle lors de journées spécifiques, comme la Nuit des Musées ou les Journées Européennes du Patrimoine.

- **Accès Prioritaire** : Pour optimiser votre visite, réservez en ligne à l'avance les créneaux horaires gratuits disponibles, particulièrement pendant les périodes de forte affluence.

- **Ateliers et Visites Guidées** : De nombreux musées gratuits proposent des ateliers interactifs et des visites guidées sans frais supplémentaires, idéales pour les familles et les groupes scolaires.

- **Accessibilité** : Les musées gratuits de Lyon sont entièrement accessibles aux personnes à mobilité réduite, avec des installations adaptées et des parcours simplifiés.

- **Expositions Temporaires Gratuites** : Restez informé des nouvelles expositions temporaires gratuites qui enrichissent régulièrement l'offre culturelle de Lyon, offrant ainsi de nouvelles découvertes à chaque visite.","- Date de dernière mise à jour : 21/05/2024
- Il existe environ 500 traboules dans plus de 230 rues de Lyon réparties sur les quartiers du Vieux-Lyon, de la Croix-Rousse et de la Presqu’île.
- Attention, seules quelque 80 d’entre elles sont ouvertes au public.
- La visite du musée Lugdunum est gratuite tous les 1ers dimanches du mois.
- La Fête des Lumières dure 4 jours autour du 8 décembre chaque année.
- Le funiculaire jusqu’au sommet de la colline de Fourvière coûte moins de 4 €.",musee gratuit lyon,"Le top des bons plans gratuits à Lyon - SNCF Connect Aller au contenu principal Voyager Voyager Voyager Fermer Tout pour voyager Réserver Réserver Billets de train Voyages en bus Trajets en covoiturage Location de voiture Hôtels Taxi/VTC Bons plans Bons plans Voyages en groupe Voyages pro Enfant voyageant seul Informations Informations Horaires en gare Info trafic Handicap et accessibilité Tous les transporteurs Tous les services Nos réponses à vos questions Guide de voyage Guide de voyage Où voyager en France, en Europe Voyager selon vos envies Billets Billets Billets Fermer Voir vos billets et titres Vos voyages Vos voyages Tous vos voyages Importer un voyage Compensation en cas de retard Faire une réclamation Modifier un voyage Assurance Allianz Vos cartes et abonnements Vos cartes et abonnements Importer une carte ou abonnement Acheter une carte ou abonnement Compléter votre voyage Compléter votre voyage Louer une voiture Réserver un hôtel Réserver un Taxi/VTC Transports urbains Restauration à bord TGV INOUI Restauration à bord INTERCITES Tous les services Offres Offres Offres Fermer Parcourir toutes les offres Cartes et abonnements SNCF Cartes et abonnements SNCF Carte Avantage Jeune Carte Avantage Adulte Carte Avantage Senior Carte Liberté Abonnement MAX ACTIF Abonnement MAX JEUNE Toutes les cartes et abonnements Offres régionales Offres régionales TER Auvergne-Rhône-Alpes TER Hauts de France LiO Train Occitanie TER Nouvelle-Aquitaine Titres Île-de-France Mobilités Consulter les offres régionales Offres urbaines Offres urbaines Avignon – Réseau Orizo Caen – Réseau Twisto Montbéliard – Réseau évolitY Perpignan – Réseau Sankéo Sophia Antipolis – Réseau Envibus Tours – Réseau Fil Bleu Consulter les offres urbaines Services Services Louer une voiture Réserver un hôtel Réserver un Taxi/VTC Assurer votre voyage Livraison de bagages Transport de véhicules Restauration à bord Domicile + Train Tous les services Compte Compte Compte Fermer Accéder à votre compte Vos espaces Vos espaces Se connecter Se créer un compte Espace MAX JEUNE Espace MAX SENIOR Communauté SNCF Connect Vos informations Vos informations Vos informations personnelles Cartes et programmes de fidélité Vos achats Vos moyens de paiement Compagnons de voyage Aide et légal Aide et légal Charte de confidentialité Conditions générales d'utilisation Compensation en cas de retard Aide en ligne Contacts Le top des bons plans gratuits à Lyon Accueil A voir, à faire Lyon Le top des bons plans gratuits à Lyon Vous souhaitez visiter Lyon avec un petit budget ? La Capitale des Gaules regorge de lieux à visiter, expositions à voir, concerts à écouter etc. Voici quelques idées pour découvrir Lyon gratuitement ! Réserver un billet de train Réserver un billet de train Rechercher Annuler Direction Lyon, pour découvrir sa célèbre Basilique de Fourvière, ses traboules, sa vie culturelle riche et variée, sa gastronomie… Savez-vous qu’il est possible de profiter de Lyon sans débourser un centime ? Suivez le guide. >> Réservez votre billet de train pour Lyon © Istock_RossHelen Pour commencer, voici nos bons plans pour visiter Lyon gratuitement : Les traboules Les Murs Peints Les quais de Saône Le zoo de la Tête d’Or Les jardins Lugdunum, musée et théâtres romains La Basilique de Fourvière L’Opéra de Lyon Les puces et des marchés Les festivals © Istock - Arssecreta Trabouler dans le Vieux Lyon et la Croix Rousse Au cœur de la vieille ville et dans les pentes de la Croix-Rousse se trouvent des ruelles cachées qui abritent des couloirs hors du temps : les traboules. On pousse une porte massive pour se retrouver dans un passage étroit qui nous entraîne entre les immeubles, dans des jolies cours intérieures et des chemins secrets pour passer d’une rue à l’autre. Bon à savoir : une quarantaine de traboules sont ouvertes au public, gratuitement. Il suffit de demander leur emplacement à l’Office du tourisme ou simplement partir à leur recherche en se promenant. >> Le top 10 des choses à faire à Lyon © Photononstop_Sime Visiter la ville par ses Murs peints L’histoire de Lyon se découvre grâce à ses bâtiments. On parle bien sûr d’architecture, mais pas uniquement ! Car à Lyon, les Murs Peints créent un véritable musée à ciel ouvert. Parmi toutes ces fresques, passez voir le Mur des Canuts (boul. des Canuts) , un immense trompe-l’œil actualisé régulièrement pour suivre l’évolution du quartier de la Croix Rousse ; la Fresque des Lyonnais ( rue de la Marinière ) et la Bibliothèque de la Cité (rue de la Platière) où des lyonnais célèbres sont représentés ; la Sarra (rue Paulne Jaricot) , le plus grand trompe l’œil du monde ; des murs peints lumineux, végétalisés… >> Découvrez notre balade architecturale à Lyon © iStock - RossHelen Longer les quais de Saône Chaussez vos baskets, voici une balade sympathique à faire aux beaux jours : longer les quais de Saône du Jardin des Confluences à l’Ile Barde. En chemin, les paysages sont variés ; le magnifique musée des Confluences ; le nouveau quartier qui l’entoure et ses immeubles designs et hangars réhabilités ; des péniches de différents styles ; la Cathédrale Saint Jean ; la Basilique Fourvière ; des bouquinistes… Mon conseil : prévoyez au moins une demi-journée pour faire des haltes régulières et profiter de la beauté des lieux. >> Découvrez Lyon par arrondissement © IStock_Uwe Zanker Découvrir le zoo de la Tête d’Or Le Parc de la Tête d’Or est réputé pour ses grands espaces verts, sa roseraie, ses serres tropicales mais aussi son parc zoologique gratuit ! On découvre des espèces menacées, différents oiseaux, mammifères, reptiles, un espace adapté aux besoins de certains animaux : la « plaine africaine »… et, plus surprenant, des animaux en semi-liberté qui se promènent dans le parc ! Parc de la Tête d’Or – Place du Général Leclerc - Tél : 04.72.69.47.60 – tous les jours de 9h à 17h/18h/18h30 selon la période – Gratuit. >> Le top 10 des activités à faire en famille à Lyon © Istock_ricochet64 Se promener dans les jardins Pour se mettre au vert, rien de plus simple ! Rendez-vous dans l’un des nombreux jardins et parcs de la ville pour une pause détente. La ville en compte plusieurs dizaines, très variés. Parmi les incontournables : le Jardin du Musée des Beaux-Arts (20 place des Terreaux) , dans l’ancien cloître de l’abbaye qui a laissé sa place au musée ;  le Jardin Rosa Mir (87 Grande rue de la Croix-Rousse) fait de pierres et de coquillages ; le Parc des Hauteurs et son Jardin de la Roseraie (Montée Nicolas de Lange) ; l’immanquable Parc de la Tête d’Or (Place du Général Leclerc) … et bien d’autres encore ! A noter : les périodes d’ouverture peuvent varier selon les saisons. >> Nos meilleures adresses green à Lyon © Istock_Julien Viry Plonger dans l’Histoire à Lugdunum - Musée et théâtres romains C’est sur les hauteurs de Lyon que l’on s’imprègne le mieux de l’histoire antique de la ville (alors appelée Lugdunum). Le Musée Gallo-romain abrite une collection exceptionnelle d’objet, de mosaïques et vestiges qui permettent de mieux comprendre comment les habitants vivaient à cette époque. Autour du Musée, le site archéologique a réussi à traverser les siècles avec notamment le théâtre et l’odéon où l’on peut se promener librement. Lugdunum – Musée et théâtres romains - 17 rue Cleberg ou par les théâtres 6 rue de l'Antiquaille – musée gratuit le premier dimanche du mois, le site archéologique est gratuit toute l’année. >> Nos bons plans pour un week-end romantique à Lyon © Istock_NOLIMITPICTURES Surplomber la ville de la Basilique de Fourvière Emblème de Lyon, la Basilique Notre Dame de Fourvière offre une vue superbe sur la ville, jusqu’au Mont Blanc. L’intérieur mérite également qu’on s’y arrête, car les décors sont somptueux. Vitraux, marbre, mosaïques… le mieux, c’est de le voir de ses propres yeux. Bon plan : pensez à télécharger l’audio-guide, gratuit, avant votre visite ! En environs 30 minutes, vous découvrez l’histoire du lieu, des explications sur les vitraux et mosaïques... Basilique Notre Dame de Fourvière – 8 place de Fourvière – tous les jours de 7h à 19h >> Shopping gourmand à Lyon : nos meilleures adresses © Franchelle Stofleth-Aderly Savourer la musique de l’Opéra de Lyon Qui a dit que l’Opéra, c’est forcément cher ? Sachez qu’à l’Opéra de Lyon , des concerts, conférences, spectacles etc. gratuits sont au programme tous les mois. Le Conservatoire supérieur de Musique et de Danse de Lyon, notamment, s’y produit régulièrement. Alors, pensez à vous renseigner lors de votre visite dans la ville aux deux collines ! Opéra de Lyon - Place de la comédie – Tél : 04 69 85 54 54 © Istock_lechatnoir Flâner dans les étals des puces et des marchés Nombreux sont les marchés à découvrir à Lyon . Il y a les traditionnels marchés alimentaires, les bouquinistes, les différentes brocantes hebdomadaires… Mais surtout, je vous conseille d’aller faire un tour aux Puces du Canal juste pour le plaisir d’observer les étals remplis d’objets en tous genres ou encore au Marché de la Création où des artistes, créateurs, peintres, sculpteurs… exposent leurs œuvres. Libre à vous de flâner gratuitement, ou de craquer et repartir avec un souvenir ! Les Puces du Canal – 3 Rue Eugène Pottier – Jeudi et dimanche : 7h-15h ; samedi : 8h-15h Le Marché de la Création – 3-4 Quai Romain Rolland – Dimanche : 8h-13h © Istock_Julien Viry Profiter des festivals Chaque année, autour du 8 décembre, la Fête des Lumières illumine la ville de Lyon. Au programme, 3 à 4 jours pour s’émerveiller devant les installations réparties sur une partie de la presqu’île et de Fourvière. Et c’est gratuit ! Aux beaux jours, le festival Tout l’monde dehors prend la relève de juin à septembre. Des centaines d’animations gratuites rythment l’été lyonnais. Théâtre, marionnettes, cirque, concerts, fêtes de quartier, ateliers…il y en a pour tous les goûts ! Comment y aller ? En OUIGO En 1h47 au départ de Paris gare de Lyon, de Paris Marne-La-Vallée ou Paris Aéroport Roissy CDG 2. Arrivée à la gare de Lyon Part-Dieu, Lyon Perrache ou à la gare de Lyon Saint-Exupéry. >> Allez-y en OUIGO En TGV >> Allez-y en TGV Cet article vous a plu ? Partagez-le ! Facebook WhatsApp X, formerly Twitter Pinterest Mail Coralie Salvi Rédaction SNCF Connect 18/04/2025 Préparez votre séjour : Lyon au départ de Paris Marseille Lille Bordeaux 31 / 07 Dès 25 € (1) 01 / 08 Dès 29 € (1) 02 / 08 Dès 25 € (1) 03 / 08 Dès 29 € (1) 04 / 08 Dès 19 € (1) 05 / 08 Dès 16 € (1) Le moins cher 06 / 08 Dès 19 € (1) Vous aimerez aussi Fermer Voir tout 10 activités à faire à Lyon cet été Week-end en famille : où partir avec des adolescents ? Marchés de Noël à Lyon : notre Top 5 Péniches à Lyon : croisières, restaurants et bars flottants Le top des Bouchons lyonnais Itinéraire en famille de Lyon à Valence Le top 10 des restaurants insolites à Lyon Le top 5 des rooftops à Lyon Spécialités lyonnaises : notre top 10 Lyon : les événements des 3 prochains mois Lyon par arrondissement OUIGO Train Classique : mode d'emploi Mentions légales (1) Voir les conditions des offres (1) Tarifs TTC, à partir de, pour une personne, pour un aller simple, en 2nd classe, sur une sélection de trains et de dates et sous réserve de disponibilité. Offres soumises à conditions d'échanges et de remboursement des transporteurs concernés à consulter lors de la commande. Paiement en ligne. Offres non cumulables avec d'autres promotions SNCF. Nos engagements Meilleurs prix garantis Paiement sécurisé Contact 7j/7 Service client de l'année 2025 Moyens de paiement Infos et conditions Paiement en Chèque-Vacances Connect Infos et conditions de paiement avec les cartes Ayvens, Betterway, Pluxee ou RoadMate Choix du pays Langue France Langue Belgique België Belgium Deutschland España France Italia Luxembourg Nederland Suisse Schweiz Switzerland Other regions and countries Nos partenaires Inscrivez-vous à notre newsletter et profitez des meilleurs bons plans Suivez-nous ! L'entreprise Conditions de présentation des offres sur le site Conditions générales de vente Droits des voyageurs ferroviaires et Règlement européen n°2021/782 Informations légales Charte de confidentialité et cookies Gestion des cookies Partenariat Régie publicitaire Devenir partenaire ou affilié Widget SNCF Connect Sites du groupe Site SNCF Connect & Tech Espace Presse SNCF Connect & Tech Carrières SNCF Connect & Tech Le compte des agents SNCF Groupe-sncf.com Emploi Groupe SNCF Vous informer Aide Contactez-nous Vos billets Communauté SNCF Connect Plan du site SNCF Connect Guide du voyageur Franchissement frontière Handicap & mobilité réduite Nos services pour les voyageurs PSH/PMR Tout savoir sur le service d'assistance en gare Accessibilité numérique : conformité partielle Fonctionnalités d'accessibilité de nos applications mobiles Les autres services d'assistance en Europe Transporteurs TGV INOUI OUIGO TER BlaBlaCar Bus FlixBus BlaBlaCar INTERCITES LYRIA EUROSTAR TGV INOUI vers Bruxelles DB SNCF Voyageurs en coopération TGV INOUI vers l'Espagne TGV INOUI vers l'Italie TGV INOUI vers le Luxembourg TGV INOUI vers Fribourg Itinéraires populaires Train Paris Bordeaux Train Paris Marseille Train Bordeaux Paris Train Paris Lyon Train Paris Bruxelles Train Paris Strasbourg Train Paris Toulouse Train Toulouse Paris Train Lyon Paris Train Paris Amsterdam Train Paris Lille Train Nantes Paris Train Paris Genève Train Paris Barcelone Train Paris Nantes Trajets Transporteurs TGV INOUI Lille-Paris TGV INOUI Lyon-Paris TGV INOUI Paris-Nice TGV INOUI Marseille-Paris TGV INOUI Paris-Nantes OUIGO Fleury-les-Aubrais-Paris OUIGO Paris-Fleury-les-Aubrais OUIGO Rennes-Paris OUIGO Marseille-Lyon OUIGO Nantes-Paris TER Paris-Trouville Deauville TER Trouville Deauville-Paris TER Paris-Le Mans TER Le Mans-Paris TER Nice-Cannes : horaires et billets Top destinations Train France Train Paris Train Lyon Train Bordeaux Train Strasbourg Train Nantes Train Marseille Train Lille Train Marne-la-Vallée Chessy (Disneyland® Paris) Train Amsterdam Train Londres Train Barcelone Train Rennes Train Italie Train Suisse Nos applications mobiles","Le top des bons plans gratuits à Lyon
Réserver un billet de train
Trabouler dans le Vieux Lyon et la Croix Rousse
Visiter la ville par ses Murs peints
Longer les quais de Saône
Découvrir le zoo de la Tête d’Or
Se promener dans les jardins
Plonger dans l’Histoire à Lugdunum - Musée et théâtres romains
Surplomber la ville de la Basilique de Fourvière
Savourer la musique de l’Opéra de Lyon
Flâner dans les étals des puces et des marchés
Profiter des festivals
Préparez votre séjour : Lyon au départ deParisMarseilleLilleBordeaux
Vous aimerez aussi
Mentions légales"
lieux insolites pays de la loire,"- Découvrez les lieux insolites des Pays de la Loire
- Expériences inédites dans les Pays de la Loire
- Les trésors cachés de la région des Pays de la Loire",pays loire (13) marais poitevin (10) clo clem (8) lire larticle (8) carte monde (5) savoir plus (5) châteaufort lassay (4) mont avaloirs (4) découverte muscadet (4) temps dun (4)tgv inoui (12) train paris (12) pays loire (8) sncf connect (8) expériences insolites (6) paris train (6) cartes abonnements (5) france 02 (5) inoui vers (5) dix expériences (4)capacité daccueil (61) offrir partir (57) accès escalier (28) daccueil 4 (25) 4 personnes (25) 50 5 (24) daccueil 2 (23) 2 personnes (23) personnes hauteur (20) pays loire (19)pays loire (4) sites visite (4) 49 localiser (4) 44 localiser (3) 85 localiser (3) visite incontournables (2) puy fou (2) jardin extraordinaire (2) nantes 44 (2) 53 localiser (2),temps dun weekend (4) lire larticle visiter (4) accueil vidéos tour (3) vidéos tour monde (3) tour monde guides (3) monde guides voyage (3) guides voyage sketchs (3) voyage sketchs faq (3) sketchs faq autres (3) faq autres voyages (3)tgv inoui vers (5) dix expériences insolites (4) expériences insolites tester (4) insolites tester pays (3) tester pays loire (3) soigneur danimaux sauvages (3) sncf connect tech (3) paris train paris (3) compensation cas retard (2) louer voiture réserver (2)capacité daccueil 4 (25) daccueil 4 personnes (25) capacité daccueil 2 (23) daccueil 2 personnes (23) 1 2 3 (17) accès escalier offrir (17) escalier offrir partir (17) ans offrir partir (16) personnes accès escalier (16) 2 3 4 (15)sites visite incontournables (2) nantes 44 localiser (2) adresse messagerie uniquement (2) messagerie uniquement utilisée (2) uniquement utilisée envoyer (2) utilisée envoyer lettre (2) envoyer lettre dinformation (2) lettre dinformation mensuelle (2) dinformation mensuelle pouvez (2) mensuelle pouvez tout (2),loire (0.35) château (0.33) visiter (0.32) plus (0.23) tour (0.21) end (0.19) https (0.19) pays (0.19) week (0.19) article (0.17) aussi (0.17) fr (0.17) histoire (0.17) jardin (0.17) voyage (0.17) marais (0.16) cette (0.15) france (0.15) siècle (0.15) cholet (0.13) domaine (0.13) poitevin (0.13) ville (0.13) belvédère (0.12) lire (0.12) muscadet (0.12) peut (0.12) www (0.12) europe (0.11) trouve (0.11)train (0.52) paris (0.43) nantes (0.30) france (0.23) sncf (0.20) inoui (0.17) tgv (0.17) voyage (0.17) offres (0.16) pays (0.14) ter (0.14) bord (0.13) connect (0.13) loire (0.12) réserver (0.12) voyager (0.12) billets (0.10) cartes (0.10) compte (0.10) insolites (0.10) services (0.10) vers (0.10) île (0.10) carte (0.09) informations (0.09) istock (0.09) ouigo (0.09) réseau (0.09) tous (0.09) voyages (0.09)nuit (0.41) loire (0.31) personnes (0.31) capacité (0.31) accueil (0.30) partir (0.30) offrir (0.29) accès (0.16) insolite (0.16) cabane (0.16) escalier (0.14) hauteur (0.12) spa (0.12) vendée (0.12) 85 (0.11) maine (0.11) 18 (0.10) pays (0.10) tiny (0.10) 49 (0.09) ans (0.09) minimum (0.09) âge (0.09) cœur (0.08) nature (0.08) séjour (0.08) 10 (0.08) 16 (0.08) atlantique (0.08) tente (0.08)localiser (0.59) incontournables (0.25) loire (0.25) sites (0.25) visite (0.25) 49 (0.20) fontevraud (0.20) pays (0.20) 44 (0.15) 85 (0.15) abbaye (0.15) art (0.15) lieux (0.15) musée (0.15) nantes (0.15) découvrir (0.10) dépaysants (0.10) désabonnement (0.10) enewsletter (0.10) exception (0.10) expériences (0.10) extraordinaire (0.10) fou (0.10) information (0.10) intégré (0.10) maulévrier (0.10) où (0.10) parc (0.10) pouvez (0.10) puy (0.10),"- Explorez les grottes de la Rochemenier, un réseau souterrain fascinant offrant un aperçu unique de la vie paysanne troglodyte.

- Découvrez le lac de Grand-Lieu, le plus grand lac naturel de France, idéal pour l'observation des oiseaux et les activités nautiques.

- Visitez le Château de la Guiche à Saumur, un exemple impressionnant d'architecture Renaissance avec ses jardins secrets et ses tunnels.

- Participez à une dégustation de muscadet directement chez les vignerons locaux pour une expérience authentique du terroir.

- Promenez-vous le long des sentiers côtiers du Golfe du Morbihan en Pays de la Loire, offrant des paysages marins préservés et des panoramas époustouflants.","- La tour Mélusine, construite au 13ème siècle, est une tour ronde.
- Un escalier en colimaçon nous mène au sommet de la tour à 45 mètres de hauteur pour admirer le panorama sur le village et les alentours.
- À partir du 13ème siècle, les moines des abbayes voisines de Nieul-sur-l’Autise, de Maillezais, de Saint-Maixent et de l’Absie ont façonné le Marais Poitevin tel qu’on le connait aujourd’hui.
- Construit au 17ème siècle, ce pont-aqueduc permettait en effet de faire croiser deux cours d’eau, la Jeune Autize et le canal de Vix, sans qu’elles ne se mélangent.
- Construit sur un promontoire rocheux à partir du 11ème siècle, le château de Laval domine la rivière la Mayenne à une hauteur de 34 mètres.
- Soixantaine de maisons à pans de bois construites entre les XIII ème et X ème siècles.
- Le château-fort de Lassay a été construit au 15ème siècle et il a très peu été modifié au fil des siècles.
- Le mont des Avaloirs, à une hauteur de 417 mètres, est considéré comme le point culminant de la région Ouest.
- A une vue imprenable à 360 degrés sur un périmètre de 50km à la ronde.
- Muscadet est une AOC de 1 300 hectares qu’on retrouve principalement en Loire-Atlantique d’Ancenis à Pornic.",lieux insolites pays de la loire,"Dix expériences insolites à tester en Pays de la Loire - SNCF Connect Aller au contenu principal Voyager Voyager Voyager Fermer Tout pour voyager Réserver Réserver Billets de train Voyages en bus Trajets en covoiturage Location de voiture Hôtels Taxi/VTC Bons plans Bons plans Voyages en groupe Voyages pro Enfant voyageant seul Informations Informations Horaires en gare Info trafic Handicap et accessibilité Tous les transporteurs Tous les services Nos réponses à vos questions Guide de voyage Guide de voyage Où voyager en France, en Europe Voyager selon vos envies Billets Billets Billets Fermer Voir vos billets et titres Vos voyages Vos voyages Tous vos voyages Importer un voyage Compensation en cas de retard Faire une réclamation Modifier un voyage Assurance Allianz Vos cartes et abonnements Vos cartes et abonnements Importer une carte ou abonnement Acheter une carte ou abonnement Compléter votre voyage Compléter votre voyage Louer une voiture Réserver un hôtel Réserver un Taxi/VTC Transports urbains Restauration à bord TGV INOUI Restauration à bord INTERCITES Tous les services Offres Offres Offres Fermer Parcourir toutes les offres Cartes et abonnements SNCF Cartes et abonnements SNCF Carte Avantage Jeune Carte Avantage Adulte Carte Avantage Senior Carte Liberté Abonnement MAX ACTIF Abonnement MAX JEUNE Toutes les cartes et abonnements Offres régionales Offres régionales TER Auvergne-Rhône-Alpes TER Hauts de France LiO Train Occitanie TER Nouvelle-Aquitaine Titres Île-de-France Mobilités Consulter les offres régionales Offres urbaines Offres urbaines Avignon – Réseau Orizo Caen – Réseau Twisto Montbéliard – Réseau évolitY Perpignan – Réseau Sankéo Sophia Antipolis – Réseau Envibus Tours – Réseau Fil Bleu Consulter les offres urbaines Services Services Louer une voiture Réserver un hôtel Réserver un Taxi/VTC Assurer votre voyage Livraison de bagages Transport de véhicules Restauration à bord Domicile + Train Tous les services Compte Compte Compte Fermer Accéder à votre compte Vos espaces Vos espaces Se connecter Se créer un compte Espace MAX JEUNE Espace MAX SENIOR Communauté SNCF Connect Vos informations Vos informations Vos informations personnelles Cartes et programmes de fidélité Vos achats Vos moyens de paiement Compagnons de voyage Aide et légal Aide et légal Charte de confidentialité Conditions générales d'utilisation Compensation en cas de retard Aide en ligne Contacts Dix expériences insolites à tester en Pays de la Loire Accueil A voir, à faire Pays de la Loire Dix expériences insolites à tester en Pays de la Loire Dotés d’un patrimoine historique et culturel omniprésent, d’une nature préservée, de sites remarquables et de 450 km de littoral, les Pays de la Loire réservent bien des surprises à ses visiteurs ! Découvrez dix expériences insolites à tester en famille. Réserver un billet de train Réserver un billet de train Rechercher Annuler Direction Nantes et les Pays de la Loire pour des expériences insolites en famille. Balade dans les airs, en draisine ou à dos d’éléphant, communion avec la nature, visites troglodytes… On vous donne nos 10 activités insolites préférées à tester absolument dans les Pays de la Loire ! >> Prenez le train jusqu’à Nantes Top 10 des expériences insolites en Pays de la Loire : Plonger dans un monde sous-terrain Communier avec la nature Voler en montgolfière Rencontrer un saunier Jouer les moussaillons Se balader en draisine Voyager à dos d'éléphant Embarquer à bord d'un paquebot Devenir soigneur d’animaux sauvages Cueillir et déguster des algues © Photononstop - Nicolas Thibaut Plonger dans un monde sous-terrain Vivez un voyage unique dans les profondeurs de la Terre ! Situé à 24 km de Saumur, Rochemenier est le village de plaine le plus typique des habitats troglodytes. Fascinant, ce site-musée compte vingt salles réparties sur un hectare : deux anciennes fermes avec habitations creusées dans la roche de falun abritant des centaines d’outils et meubles paysans, un ancien poulailler et une chapelle souterraine. Une visite captivante ! >> Découvrez également les habitations troglodytes de Saumur Village Troglodytique de Rochemenier 14 rue du Musée 49700 Louresse-Rochemenier France 02 41 59 18 15 Horaire d'ouverture : Ouvert tous les jours de 9h30 à 18h de mai à septembre, du mardi au dimanche le reste de l’année de 10h à 17h. Fermé en décembre et janvier et quelques dimanches en basse saison. pique nique en famille  - © PNS - Paul Bradbury - Caiaimages Communier avec la nature S’amuser tout en se sensibilisant à l’eau, à l’écologie et au patrimoine, c’est possible au parc de loisirs Echologia ! S’étendant sur 3 km et riche de 40 points stop, un parcours insolite invite à admirer des paysages inattendus évoquant la toundra ou un grand lac canadien, à faire un saut dans le passé pour découvrir d’anciennes carrières ou à s’adonner à une flopée d’activités : nourrissage de poissons sauvages, chasses au trésor … Echologia Bas Barbé 53950 Louverné France 09 80 80 53 53 Horaire d'ouverture : Les week-ends et jours feriés à partir d’avril, de 14h à 19h. Montgolfière - © Istock - DACowley Voler en montgolfière Qui n’a jamais rêvé de s’envoler vers les nuages ? Direction Fontenay le Comte pour réveiller ce vieux rêve d’enfant le temps d’un vol en montgolfière au-dessus du célèbre Marais Poitevin ! Libre comme l’air, avec pour seul bruit celui du vent et du brûleur, vous admirerez la petite brume sur le canal entre Coulon et Damvix, la Sèvre Niortaise au Mazeau et passerez au pied de l’Abbaye de Maillezais en survolant le canal de la Jeune Autise. Mongolfière du bocage L'Orfosse 79140 Cerizay France 05 49 80 10 45 Horaire d'ouverture : Vols en début de matinée et avant le coucher du soleil. © iStock - Lisa5201 Rencontrer un saunier Séparée du continent par le passage du Gois, l’île de Noirmoutier est recouverte au tiers par des marais salants ! Un patrimoine unique à l’atmosphère magique à découvrir lors d’une balade crépusculaire en compagnie de Patrice Rigoult. Durant 2h, ce passionné vous racontera l’histoire du sel sur l’île, parlera de son métier de saunier et nommera les oiseaux qui se cachent au marais. De quoi susciter quelques vocations ! Balade sur l’île de Noirmoutier Pont du Marais Neuf 85300 Noirmoutier-en-île France 06 63 32 86 66 Mat de voilier - © PNS - Danièle Schneider / Photononstop Jouer les moussaillons Envie de prendre le large ? Embarquez sans plus attendre à bord d’un voilier de 12 mètres au départ des Sables d’Olonne pour une croisière active en famille. En compagnie d’un chef de bord, vous dresserez le cap, en toute sécurité, vers les îles de Ré, d’Yeu ou d’Oléron au charme indéniable et découvrirez les joies de la navigation en participant aux manœuvres à bord. Sensations et dépaysement assurés ! Sport Nautiques Sablais 125, Place Jean-David Nau, Face au ponton A - Port-Olona 85100 Les Sables d'Olonne France 02 51 21 63 00 Balade en vélo-rail - © Photononstop - Alain Le Bot Se balader en draisine Rien de telle qu’une virée en draisine pour découvrir l’arrière-pays de Saint-Gilles Croix de Vie ! Semblable à un pédalo sur rail, mieux qu’une bicyclette, plus qu’un tandem, ce moyen de locomotion très original permet de parcourir, en pédalant à son rythme, les 10 km de voie de chemin de fer reliant Commequiers à Coëx. A portée de pédales : les demeures typiques du bas bocage ou le viaduc de la Vie. Une jolie échappée verte ! Vélo-rail Commequiers Route de St Gilles 85220 Commequiers France 02 51 54 79 99 Horaire d'ouverture : Ouvert d’avril à novembre. Horaires variables selon la période. Grand éléphant de Nantes - © Istock - DaLiu Voyager à dos d'éléphant Un éléphant sur l’île de Nantes ? Ce n’est pas une plaisanterie ! C’est bien à dos de pachyderme qu’on peut embarquer pour une étonnante balade sur le site des anciens chantiers navals. A bord de ce géant mécanique de 12 mètres de haut et constitué de 48,4 tonnes d’acier et de bois, on découvre les engrenages et les pattes en action et on s’amuse de voir les spectateurs se faire éclabousser à chaque barrissement de la monture ! Les Machines de l’île Parc des Chantiers, Boulevard Léon Bureau 44200 Nantes France 08 10 12 12 25 Enfant déguisé en pirate - © iStock-Mordolff Embarquer à bord d'un paquebot Lieu unique en Europe, Escal’Atlantic plonge ses visiteurs dans la passionnante histoire des paquebots transatlantiques. Ici, on parcourt les ponts et les coursives dans les traces des passagers d’hier, on découvre le fonctionnement du paquebot, on s’improvise directeur d’une compagnie maritime autour d’une grande mappemonde animée et on découvre près de 200 objets de collection provenant de navires de légende. >> Escal’Atlantic, à Saint Nazaire Escal’Atlantic Base sous-marine de St Nazaire, Boulevard de la Légion d'Honneur 44600 Saint-Nazaire France 02 28 54 06 40 © iStock - PeopleImages Devenir soigneur d’animaux sauvages Inspiré, Planète Sauvage invite les enfants à se glisser dans la peau d’un soigneur d’animaux sauvages pour découvrir les facettes d’un métier unique ! Au programme : nourrissage, découverte des coulisses du parc animalier, échanges avec les animaux et les soigneurs. L’occasion de côtoyer au plus près singes, tapirs, pélicans, bisons, ours, girafes, dauphins et autres rhinocéros… Sensations fortes garanties ! >> Les parcs animaliers à découvrir Planète Sauvage La Chevalerie 44710 Port Saint Père France 02 40 04 82 82 Un groupe d'ami s'amusent et se prend en selfie sur une plage - © istock - wunder visuals Cueillir et déguster des algues Riches en vertus nutritionnelles, les algues ont le vent en poupe !  Pour apprendre à les trouver, à les reconnaître, à les récolter et à les cuisiner, rendez-vous aux Jardins de la mer pour un atelier inattendu. La séance débute par une sortie sur l’estran et se poursuit à la ferme par un bilan de la pêche suivi de la préparation dégustation d’un caviar d’algues fraîches ou du haricot de mer en pickles dans une ambiance conviviale. Les Jardins de la Mer Saline Saint-Goustan, 5, rue Raymond Poincaré 44490 Le Croizic France 09 75 75 84 07 Cet article vous a plu ? Partagez-le ! Facebook WhatsApp X, formerly Twitter Pinterest Mail Valérie Nescop Journaliste 18/04/2025 Vous aimerez aussi Fermer Voir tout Quarante huit heures à Nantes Nantes, le Voyage Permanent Le Pass Nantes pour tout voir de la ville et autour Le Voyage à Nantes 2024 Le Musée d'arts de Nantes Le Château des ducs de Bretagne Nantes aux couleurs de Noël : le Voyage en hiver ! 5 bonnes raisons d'aller à Nantes cet été Esprit bohème pour manger à Nantes 3 micro-aventures au départ de Nantes Week-end vert et éco-responsable à Nantes 5 lieux secrets à visiter à moins d’une heure en TER de Nantes Nos engagements Meilleurs prix garantis Paiement sécurisé Contact 7j/7 Service client de l'année 2025 Moyens de paiement Infos et conditions Paiement en Chèque-Vacances Connect Infos et conditions de paiement avec les cartes Ayvens, Betterway, Pluxee ou RoadMate Choix du pays Langue France Langue Belgique België Belgium Deutschland España France Italia Luxembourg Nederland Suisse Schweiz Switzerland Other regions and countries Nos partenaires Inscrivez-vous à notre newsletter et profitez des meilleurs bons plans Suivez-nous ! L'entreprise Conditions de présentation des offres sur le site Conditions générales de vente Droits des voyageurs ferroviaires et Règlement européen n°2021/782 Informations légales Charte de confidentialité et cookies Gestion des cookies Partenariat Régie publicitaire Devenir partenaire ou affilié Widget SNCF Connect Sites du groupe Site SNCF Connect & Tech Espace Presse SNCF Connect & Tech Carrières SNCF Connect & Tech Le compte des agents SNCF Groupe-sncf.com Emploi Groupe SNCF Vous informer Aide Contactez-nous Vos billets Communauté SNCF Connect Plan du site SNCF Connect Guide du voyageur Franchissement frontière Handicap & mobilité réduite Nos services pour les voyageurs PSH/PMR Tout savoir sur le service d'assistance en gare Accessibilité numérique : conformité partielle Fonctionnalités d'accessibilité de nos applications mobiles Les autres services d'assistance en Europe Transporteurs TGV INOUI OUIGO TER BlaBlaCar Bus FlixBus BlaBlaCar INTERCITES LYRIA EUROSTAR TGV INOUI vers Bruxelles DB SNCF Voyageurs en coopération TGV INOUI vers l'Espagne TGV INOUI vers l'Italie TGV INOUI vers le Luxembourg TGV INOUI vers Fribourg Itinéraires populaires Train Paris Bordeaux Train Paris Marseille Train Bordeaux Paris Train Paris Lyon Train Paris Bruxelles Train Paris Strasbourg Train Paris Toulouse Train Toulouse Paris Train Lyon Paris Train Paris Amsterdam Train Paris Lille Train Nantes Paris Train Paris Genève Train Paris Barcelone Train Paris Nantes Trajets Transporteurs TGV INOUI Lille-Paris TGV INOUI Lyon-Paris TGV INOUI Paris-Nice TGV INOUI Marseille-Paris TGV INOUI Paris-Nantes OUIGO Fleury-les-Aubrais-Paris OUIGO Paris-Fleury-les-Aubrais OUIGO Rennes-Paris OUIGO Marseille-Lyon OUIGO Nantes-Paris TER Paris-Trouville Deauville TER Trouville Deauville-Paris TER Paris-Le Mans TER Le Mans-Paris TER Nice-Cannes : horaires et billets Top destinations Train France Train Paris Train Lyon Train Bordeaux Train Strasbourg Train Nantes Train Marseille Train Lille Train Marne-la-Vallée Chessy (Disneyland® Paris) Train Amsterdam Train Londres Train Barcelone Train Rennes Train Italie Train Suisse Nos applications mobiles","Dix expériences insolites à tester en Pays de la Loire
Réserver un billet de train
Top 10 des expériences insolites en Pays de la Loire :
Plonger dans un monde sous-terrain
Communier avec la nature
Voler en montgolfière
Rencontrer un saunier
Jouer les moussaillons
Se balader en draisine
Voyager à dos d'éléphant
Embarquer à bord d'un paquebot
Devenir soigneur d’animaux sauvages
Cueillir et déguster des algues
Vous aimerez aussi"
la ciotat que faire,"- Découvrez La Ciotat : les 10 activités essentielles à ne pas manquer
- Guide complet des meilleures attractions à La Ciotat (2025)
- Explorez La Ciotat : 15 expériences uniques à vivre",instagram destinationlaciotat (20) destinationlaciotat voir (10) voir instagram (10) instagram a (10) a 2 (10) 2 ans (10) ans instagram (10) parc national (9) national calanques (9) calanques ciotat (6)crédit photo (15) visiter ciotat (13) sélectionné meilleures (13) meilleures offres (13) photo shutterstock (9) faire ciotat (6) photo facebook (6) mot passe (6) construction navale (5) venez visiter (5)dune journe (54) groupe jusqu (45) 5 5bulles (42) 50 5 (38) excursions dune (36) journe partir (33) jusqu 8 (24) 8 pers (24) htels prs (20) ciotat htels (18)vieux port (11) stockage laccès (10) laccès technique (10) côte dazur (9) où dormir (8) faire ciotat (7) savoir plus (7) plus belles (6) plus beaux (5) construction navale (5),instagram destinationlaciotat voir (10) destinationlaciotat voir instagram (10) voir instagram a (10) instagram a 2 (10) a 2 ans (10) 2 ans instagram (10) ans instagram destinationlaciotat (10) parc national calanques (9) national calanques ciotat (6) calanques ciotat 3 (6)sélectionné meilleures offres (13) crédit photo shutterstock (9) crédit photo facebook (6) venez visiter ciotat (5) maison construction navale (4) parc national calanques (3) si venez visiter (3) quoi faire ciotat (3) visiter ciotat 10 (2) ciotat 10 choses (2)50 5 5bulles (38) excursions dune journe (36) dune journe partir (33) groupe jusqu 8 (24) jusqu 8 pers (24) htels prs site (17) prive dune journe (15) priv luxe partir (14) dune journe complte (13) cassis 50 5 (13)stockage laccès technique (10) voir article dédié (5) voir programme disponibilité (4) nécessaire finalité dintérêt (4) finalité dintérêt légitime (4) laccès technique nécessaire (4) statistiques stockage laccès (4) laccès technique utilisé (4) technique utilisé exclusivement (4) côte dazur plus (3),destinationlaciotat (0.49) instagram (0.48) juil (0.38) ciotat (0.32) ans (0.16) calanques (0.16) tourisme (0.16) voir (0.16) national (0.14) parc (0.14) southoffrance (0.13) plage (0.11) concert (0.10) france (0.10) provence (0.10) sea (0.10) agenda (0.08) exposition (0.08) festival (0.08) juin (0.08) laciotat (0.08) office (0.08) photo (0.08) 27 (0.06) août (0.06) laciotatgram (0.06) laciotatmaville (0.06) nature (0.06) où (0.06) unsplash (0.06)ciotat (0.75) meilleures (0.19) crédit (0.18) photo (0.18) visiter (0.18) ville (0.17) calanques (0.16) faire (0.16) offres (0.16) sélectionné (0.16) plus (0.15) parc (0.13) aussi (0.11) shutterstock (0.11) 10 (0.10) cinéma (0.10) activités (0.08) marseille (0.08) nombreux (0.08) plages (0.08) tous (0.08) tout (0.08) compte (0.07) découvrir (0.07) facebook (0.07) hôtels (0.07) mot (0.07) où (0.07) passe (0.07) toutes (0.07)ciotat (0.60) bulles (0.34) partir (0.28) journ (0.21) avis (0.20) groupe (0.19) priv (0.18) marseille (0.17) tripadvisor (0.17) jusqu (0.16) pers (0.15) cassis (0.15) pr (0.15) tels (0.15) excursions (0.14) visite (0.13) adulte (0.12) provence (0.10) 2024 (0.09) circuits (0.09) part (0.09) plus (0.09) site (0.08) luxe (0.07) faire (0.07) km (0.07) llc (0.05) mus (0.05) sports (0.05) tr (0.05)ciotat (0.52) plus (0.33) ville (0.31) voir (0.31) faire (0.27) port (0.19) où (0.18) vieux (0.15) accès (0.14) aussi (0.13) mer (0.13) plages (0.13) préférences (0.13) belles (0.12) provence (0.12) route (0.12) azur (0.11) cassis (0.11) photos (0.11) stockage (0.11) technique (0.11) côte (0.10) dormir (0.10) lumière (0.10) musée (0.10) île (0.10) article (0.09) cinéma (0.09) pouvez (0.09) statistiques (0.09),"- **Événements annuels et festivals** : Intégrer une section sur les événements culturels et festivals qui se déroulent à La Ciotat tout au long de l'année, tels que le Festival de Musique ou les fêtes locales.

- **Spécialités culinaires locales** : Ajouter des informations sur les plats typiques de La Ciotat et les restaurants recommandés pour les déguster.

- **Activités nocturnes** : Mentionner les options de vie nocturne, comme les bars, clubs et spectacles à La Ciotat.

- **Tours guidés** : Proposer des informations sur les visites guidées disponibles, que ce soit à pied, en vélo ou en bateau, pour découvrir la ville et ses alentours.

- **Conseils pratiques** : Fournir des astuces utiles pour les visiteurs, telles que les meilleurs moments pour visiter les plages, les options de transport public, et les recommandations pour éviter les foules.","- ""Du 1er avril au 30 juin""
- ""Du lundi au samedi 9h30 – 12h30 / 14h – 18h""
- ""Jours fériés 10h – 17h*""
- ""*sauf 1er mai : fermé""
- ""Dimanche fermé""
- ""Le 10 septembre, 2021 (mis à jour le 11 juin 2025)""
- ""27 Juin 4 Juil.""
- ""1 Juil. 6 Juil.""
- ""24 Juin 7 Juil.""
- ""26 Juin 10 Juil.""
- ""3 Juil. 4 Juil.""",la ciotat que faire,"Top 5 : Les incontournables de La Ciotat - SNCF Connect Aller au contenu principal Voyager Voyager Voyager Fermer Tout pour voyager Réserver Réserver Billets de train Voyages en bus Trajets en covoiturage Location de voiture Hôtels Taxi/VTC Bons plans Bons plans Voyages en groupe Voyages pro Enfant voyageant seul Informations Informations Horaires en gare Info trafic Handicap et accessibilité Tous les transporteurs Tous les services Nos réponses à vos questions Guide de voyage Guide de voyage Où voyager en France, en Europe Voyager selon vos envies Billets Billets Billets Fermer Voir vos billets et titres Vos voyages Vos voyages Tous vos voyages Importer un voyage Compensation en cas de retard Faire une réclamation Modifier un voyage Assurance Allianz Vos cartes et abonnements Vos cartes et abonnements Importer une carte ou abonnement Acheter une carte ou abonnement Compléter votre voyage Compléter votre voyage Louer une voiture Réserver un hôtel Réserver un Taxi/VTC Transports urbains Restauration à bord TGV INOUI Restauration à bord INTERCITES Tous les services Offres Offres Offres Fermer Parcourir toutes les offres Cartes et abonnements SNCF Cartes et abonnements SNCF Carte Avantage Jeune Carte Avantage Adulte Carte Avantage Senior Carte Liberté Abonnement MAX ACTIF Abonnement MAX JEUNE Toutes les cartes et abonnements Offres régionales Offres régionales TER Auvergne-Rhône-Alpes TER Hauts de France LiO Train Occitanie TER Nouvelle-Aquitaine Titres Île-de-France Mobilités Consulter les offres régionales Offres urbaines Offres urbaines Avignon – Réseau Orizo Caen – Réseau Twisto Montbéliard – Réseau évolitY Perpignan – Réseau Sankéo Sophia Antipolis – Réseau Envibus Tours – Réseau Fil Bleu Consulter les offres urbaines Services Services Louer une voiture Réserver un hôtel Réserver un Taxi/VTC Assurer votre voyage Livraison de bagages Transport de véhicules Restauration à bord Domicile + Train Tous les services Compte Compte Compte Fermer Accéder à votre compte Vos espaces Vos espaces Se connecter Se créer un compte Espace MAX JEUNE Espace MAX SENIOR Communauté SNCF Connect Vos informations Vos informations Vos informations personnelles Cartes et programmes de fidélité Vos achats Vos moyens de paiement Compagnons de voyage Aide et légal Aide et légal Charte de confidentialité Conditions générales d'utilisation Compensation en cas de retard Aide en ligne Contacts Top 5 : Les incontournables de La Ciotat Accueil A voir, à faire Top 5 : Les incontournables de La Ciotat Visiter La Ciotat, c’est goûter à ce que la Méditerranée fait de meilleur. Culture, nature et farniente sont au rendez-vous dans cette station balnéaire située à 30km de Marseille. Pour une journée ou pour un week-end, suivez le guide. Réserver un billet de train Réserver un billet de train Rechercher Annuler Vous rêvez de l’eau turquoise de la Méditerranée et de la nature sauvage des Calanques ? Alors, faîtes une halte en train à La Ciotat , à 25 min de TER de Marseille . Entre mer et collines, laissez-vous envoûter par cette ville authentique et chaleureuse située sur le golfe d’Amour. Port de La Ciotat - © Photonostop - Cornelia Dörr Sime Notre top 5 des incontournables à faire à La Ciotat Flâner dans le centre historique Se faire un film dans le plus ancien cinéma au monde S’émerveiller dans le parc Mugel Se dépayser dans les Calanques Faire une escapade sur l’Île Verte © iStock - Horst Gerlach 1- Flâner dans le centre historique Oubliez les stations balnéaires sans charme et partez explorer les ruelles du coeur historique de La Ciotat. Du vieux port à la rue des Poilus , de nombreux trésors se dévoilent à vous : des hôtels particuliers, des chapelles provençales et de magnifiques places ombragées. Ne manquez pas la visite de l’église Notre Dame de l’Assomption pour son autel, ses sculptures, ses vitraux et sa rosace. Cinéma Eden-Théâtre, La Ciotat - © iStock - Lucentius 2- Se faire un film dans le plus ancien cinéma au monde Saviez-vous que La Ciotat était le berceau du cinéma ? C’est dans cette ville méditerranéenne qu’a été tourné et projeté le premier film de l’histoire du septième art : « L’arrivée d’un train en gare de La Ciotat » par les Frères Lumières. Poussez les portes du cinéma historique de la ville et revivez l’émotion des premières images projetées sur ce grand écran en 1895. Magique ! Cinéma Eden-Théâtre, 25 rue Clémenceau, 13600 La Ciotat. 04 88 42 17 60 Parc Mugel, La Ciotat - © iStock - StevanZZ 3- S’émerveiller dans le parc Mugel La Ciotat, c’est la porte d’entrée du parc national des Calanques et tout commence dans le parc Mugel … À l’abri du célèbre massif du Bec de l’Aigle, ce parc botanique a élu domicile dans un site naturel exceptionnel : une calanque de roches rouges qui se jettent dans une eau bleu turquoise . Cela invite à la balade, n’est-ce pas ? Surtout qu’il y de belles plantes, de belles plages et de magnifiques vues à découvrir. Surtout celle du belvédère qui offre un panorama à couper le souffle sur la mer Méditerranée. Calanques, La Ciotat - © Photononstop - Gérard Labriet 4- Se dépayser dans les Calanques Ça y est, vous y êtes, dans ce décor dont vous avez rêvé : les doigts de pied en éventail sur une plage paradisiaque entre falaises calcaires et eau translucide. Et oui, le massif des Calanques s’étend sur les communes de Marseille, Cassis et… La Ciotat. Mon coup de cœur : la calanque encaissée de Figuerolles pour son décor de carte postale (accessible depuis le parking du même nom). Ile Verte, La Ciotat - © Photononstop - Werner Dietrich Westend61 5- Faire une escapade sur l’Île Verte Je vous le disais… La Ciotat, c’est une destination haute en couleur ! Après le bleu de la mer, le rouge des roches, découvrez le vert de l’île ""Verte"" située en face du vieux port. Une couleur qui fait référence à la forêt qui recouvre ce bout de terre en pleine mer. Partez explorer ses sentiers et les ruines de ses anciens forts . En récompense ? Des calanques avec une nouvelle fois cette eau si belle qui invite à la baignade. C’est aussi un endroit privilégié pour admirer La Ciotat et le Bec de l’Aigle . Navette de l’Île Verte, 12 Quai Général de Gaulle, 13600 La Ciotat. Tel. : 06 63 59 16 35. Office de tourisme de La Ciotat boulevard Anatole France 13600 La Ciota France 04 42 08 61 32 Cet article vous a plu ? Partagez-le ! Facebook WhatsApp X, formerly Twitter Pinterest Mail Philippe  Trzebiatowski Journaliste et blogueur 30/04/2025 Vous aimerez aussi Fermer Voir tout Les expositions du Musée des Civilisations de l'Europe et de la Méditerranée (Mucem) 5 lieux tendance à Marseille Shopping à Marseille dans le quartier du Panier Les îles du Frioul, face à Marseille Douceur de vivre à La Londe-Les-Maures 5 lieux secrets à visiter à moins d'une heure de TER de Toulon Quelles sont les plus belles plages de Toulon ? Marseille : les événements à venir Un week-end éco-responsable à Marseille Marseille et ses quartiers pittoresques Top 10 des choses à faire à Toulon 10 expériences pour visiter Marseille Nos engagements Meilleurs prix garantis Paiement sécurisé Contact 7j/7 Service client de l'année 2025 Moyens de paiement Infos et conditions Paiement en Chèque-Vacances Connect Infos et conditions de paiement avec les cartes Ayvens, Betterway, Pluxee ou RoadMate Choix du pays Langue France Langue Belgique België Belgium Deutschland España France Italia Luxembourg Nederland Suisse Schweiz Switzerland Other regions and countries Nos partenaires Inscrivez-vous à notre newsletter et profitez des meilleurs bons plans Suivez-nous ! L'entreprise Conditions de présentation des offres sur le site Conditions générales de vente Droits des voyageurs ferroviaires et Règlement européen n°2021/782 Informations légales Charte de confidentialité et cookies Gestion des cookies Partenariat Régie publicitaire Devenir partenaire ou affilié Widget SNCF Connect Sites du groupe Site SNCF Connect & Tech Espace Presse SNCF Connect & Tech Carrières SNCF Connect & Tech Le compte des agents SNCF Groupe-sncf.com Emploi Groupe SNCF Vous informer Aide Contactez-nous Vos billets Communauté SNCF Connect Plan du site SNCF Connect Guide du voyageur Franchissement frontière Handicap & mobilité réduite Nos services pour les voyageurs PSH/PMR Tout savoir sur le service d'assistance en gare Accessibilité numérique : conformité partielle Fonctionnalités d'accessibilité de nos applications mobiles Les autres services d'assistance en Europe Transporteurs TGV INOUI OUIGO TER BlaBlaCar Bus FlixBus BlaBlaCar INTERCITES LYRIA EUROSTAR TGV INOUI vers Bruxelles DB SNCF Voyageurs en coopération TGV INOUI vers l'Espagne TGV INOUI vers l'Italie TGV INOUI vers le Luxembourg TGV INOUI vers Fribourg Itinéraires populaires Train Paris Bordeaux Train Paris Marseille Train Bordeaux Paris Train Paris Lyon Train Paris Bruxelles Train Paris Strasbourg Train Paris Toulouse Train Toulouse Paris Train Lyon Paris Train Paris Amsterdam Train Paris Lille Train Nantes Paris Train Paris Genève Train Paris Barcelone Train Paris Nantes Trajets Transporteurs TGV INOUI Lille-Paris TGV INOUI Lyon-Paris TGV INOUI Paris-Nice TGV INOUI Marseille-Paris TGV INOUI Paris-Nantes OUIGO Fleury-les-Aubrais-Paris OUIGO Paris-Fleury-les-Aubrais OUIGO Rennes-Paris OUIGO Marseille-Lyon OUIGO Nantes-Paris TER Paris-Trouville Deauville TER Trouville Deauville-Paris TER Paris-Le Mans TER Le Mans-Paris TER Nice-Cannes : horaires et billets Top destinations Train France Train Paris Train Lyon Train Bordeaux Train Strasbourg Train Nantes Train Marseille Train Lille Train Marne-la-Vallée Chessy (Disneyland® Paris) Train Amsterdam Train Londres Train Barcelone Train Rennes Train Italie Train Suisse Nos applications mobiles","Top 5 : Les incontournables de La Ciotat
Réserver un billet de train
Notre top 5 des incontournables à faire à La Ciotat
1- Flâner dans le centre historique
2- Se faire un film dans le plus ancien cinéma au monde
3- S’émerveiller dans le parc Mugel
4- Se dépayser dans les Calanques
5- Faire une escapade sur l’Île Verte
Vous aimerez aussi"
visiter londres en 1 jour,"- ""Visite complète de Londres en 1 jour : itinéraire et conseils""
- ""Découvrez Londres en une journée : les incontournables à ne pas manquer""
- ""Guide ultime pour visiter Londres en 1 jour : bons plans et astuces""",nouveau prix (10) 1 chambre (10) chambre taxes (10) taxes frais (10) frais compris (10) carte afficher (9) afficher hébergements (9) hébergements voisins (9) afficher plus (7) plus dinfos (7)ouvre nouvel (11) nouvel onglet (11) mot passe (6) afficher tous (6) groupes 10 (6) onglet ouvre (5) train hôtel (4) 10 ven (4) ven 25 (4) 25 juil (4)londres 1 (13) 1 jour (13) visiter londres (12) labbaye westminster (5) jour palais (4) trafalgar square (4) visites guidées (3) centre londres (3) st jamess (3) jamess park (3)london eye (16) visite guidée (13) labbaye westminster (12) tour londres (12) londres billets (12) billets visites (12) avis partir (11) billets électroniques (10) électroniques acceptés (10) confirmation immédiate (9)voir tout (7) grande bretagne (7) asie centrale (6) voyageurs monde (6) faites créer (4) créer voyage (4) asie asie (4) inde himalaya (4) afrique nord (4) australie océanie (4),1 chambre taxes (10) chambre taxes frais (10) taxes frais compris (10) carte afficher hébergements (9) afficher hébergements voisins (9) afficher plus dinfos (7) choses faire londres (6) plus dinfos emplacement (6) park plaza london (6) 10 choses faire (4)ouvre nouvel onglet (11) nouvel onglet ouvre (5) groupes 10 ven (4) 10 ven 25 (4) ven 25 juil (4) 25 juil date (4) juil date départ (4) date départ 1 (4) départ 1 chambre (4) 1 chambre 2 (4)londres 1 jour (13) visiter londres 1 (12) 1 jour palais (4) st jamess park (3) comment visiter londres (2) dune journée londres (2) jour palais buckingham (2) 1 jour london (2) jour london eye (2) jour palais westminster (2)londres billets visites (12) billets électroniques acceptés (10) électroniques acceptés annulation (7) acceptés annulation gratuite (7) billets london eye (7) durée 2 heures (6) confirmation immédiate billets (6) immédiate billets électroniques (6) billet dentrée billets (5) visite dune journée (5)faites créer voyage (4) voir tout éditions (4) nouvellecalédonie nouvellezélande polynésie (4) voir tout édition (3) autour voyage librairie (2) voyage librairie voyageurs (2) europe amériques afrique (2) amériques afrique asie (2) afrique asie asie (2) asie asie centrale (2),comté (0.45) londres (0.44) 10 (0.34) plus (0.27) london (0.19) afficher (0.18) chambre (0.18) hotel (0.17) prix (0.17) frais (0.16) hôtels (0.16) royaume (0.14) uni (0.14) carte (0.12) compris (0.11) nouveau (0.11) si (0.11) taxes (0.11) faire (0.10) hébergements (0.10) meilleurs (0.10) recommandé (0.10) voisins (0.10) shopping (0.09) st (0.09) westminster (0.09) com (0.08) hotels (0.08) oxford (0.08) où (0.08)londres (0.58) eurostar (0.27) ouvre (0.27) nouvel (0.24) onglet (0.24) tous (0.24) plus (0.18) train (0.18) 10 (0.16) afficher (0.13) groupes (0.13) juil (0.13) mot (0.13) passe (0.13) rechercher (0.13) trains (0.13) avant (0.11) bus (0.11) restaurants (0.11) retour (0.11) st (0.11) voyageurs (0.11) date (0.09) destinations (0.09) départ (0.09) hôtel (0.09) hôtels (0.09) paris (0.09) pause (0.09) quartier (0.09)londres (0.73) visiter (0.32) jour (0.28) temps (0.19) fr (0.17) palais (0.17) westminster (0.17) plus (0.13) tout (0.13) abbaye (0.11) ville (0.11) commentaire (0.09) lieu (0.09) pouvez (0.09) square (0.09) trafalgar (0.09) centre (0.06) covent (0.06) eye (0.06) garden (0.06) guide (0.06) guidées (0.06) ici (0.06) james (0.06) journée (0.06) jours (0.06) passez (0.06) pendant (0.06) site (0.06) st (0.06)londres (0.58) billets (0.40) partir (0.29) visite (0.26) avis (0.23) westminster (0.22) plus (0.16) london (0.15) palais (0.15) eye (0.13) journée (0.12) visites (0.12) tour (0.11) guidée (0.11) abbaye (0.10) durée (0.10) voir (0.10) depuis (0.09) eur (0.09) personne (0.09) acceptés (0.08) cathédrale (0.08) faire (0.08) électroniques (0.08) buckingham (0.07) confirmation (0.07) heures (0.07) immédiate (0.07) meilleures (0.07) recommande (0.07)îles (0.42) voyageurs (0.32) afrique (0.25) monde (0.25) voyage (0.23) asie (0.21) sud (0.21) éditions (0.19) centrale (0.18) tout (0.18) australie (0.16) europe (0.16) londres (0.16) pays (0.16) voir (0.16) inde (0.14) nord (0.14) nouvelle (0.14) voyages (0.14) édition (0.14) bretagne (0.12) grande (0.12) où (0.12) saint (0.12) unis (0.12) com (0.11) lire (0.11) plus (0.11) polynésie (0.11) grèce (0.09),"- **Conseils de transport rapide** : Utilisez une Oyster Card ou une Travelcard pour un accès illimité aux transports en commun, facilitant ainsi vos déplacements entre les attractions principales.
- **Attractions moins connues** : Intégrez des lieux comme le Sky Garden ou le musée Sir John Soane pour enrichir votre itinéraire avec des expériences uniques et moins fréquentées.
- **Gestion du temps efficace** : Proposez un planning détaillé incluant les heures d'ouverture des sites et des recommandations pour éviter les foules, optimisant ainsi votre journée.
- **Options de repas express** : Ajoutez des suggestions de restaurants offrant des plats rapides et délicieux près des sites touristiques, permettant de gagner du temps sans sacrifier la qualité.
- **Astuces pour les visites nocturnes** : Mentionnez des activités nocturnes incontournables, comme une balade le long de la Tamise ou une visite du London Eye illuminé, pour profiter pleinement de la ville même en fin de journée.","- Les membres connectés économisent 10 % minimum sur plus de 100 000 hôtels dans le monde.
- Londres a une histoire à faire pâlir d’envie la plupart des villes du monde, mais elle est également à la pointe de l’innovation.
- Les horaires exacts de la relève de la garde sont variables, mais ils avoisinent généralement 11 h du matin tous les dimanches, lundis, mercredis et vendredis.
- Dans tous les cas, savourer une boisson tranquillement en admirant les artistes de rue sera un moment agréable.
- Oxford Street est la meilleure avenue commerçante d’Angleterre.
- Oxford Street est particulièrement charmante autour de la saison des fêtes, avec des milliers d’illuminations de Noël scintillantes et des décorations créatives aux fenêtres.
- Le palais de Buckingham est la résidence du roi et figure certainement sur toutes les listes de sites à voir des nouveaux visiteurs de Londres.
- Le palais de Buckingham contient 775 pièces, dont 52 chambres.
- The Shard mesure un peu plus de 300 mètres de haut, entièrement revêtu de verre et conçu en forme d’énorme glaçon.
- Vous pourrez explorer les statues de Parliament Square, puis passer sur le pont de Westminster pour prendre une photo mémorable face au Parlement.
- L’Aqua Shard et sa cuisine britannique contemporaine nous ont particulièrement plu.
- Le West End de Londres est synonyme de théâtre, et plus particulièrement de comédies musicales.
- Le coût des meilleures places pour les pièces les plus demandées de Londres dépasse souvent les 100 £.",visiter londres en 1 jour,"Une journée découverte à Londres en famille - SNCF Connect Aller au contenu principal Voyager Voyager Voyager Fermer Tout pour voyager Réserver Réserver Billets de train Voyages en bus Trajets en covoiturage Location de voiture Hôtels Taxi/VTC Bons plans Bons plans Voyages en groupe Voyages pro Enfant voyageant seul Informations Informations Horaires en gare Info trafic Handicap et accessibilité Tous les transporteurs Tous les services Nos réponses à vos questions Guide de voyage Guide de voyage Où voyager en France, en Europe Voyager selon vos envies Billets Billets Billets Fermer Voir vos billets et titres Vos voyages Vos voyages Tous vos voyages Importer un voyage Compensation en cas de retard Faire une réclamation Modifier un voyage Assurance Allianz Vos cartes et abonnements Vos cartes et abonnements Importer une carte ou abonnement Acheter une carte ou abonnement Compléter votre voyage Compléter votre voyage Louer une voiture Réserver un hôtel Réserver un Taxi/VTC Transports urbains Restauration à bord TGV INOUI Restauration à bord INTERCITES Tous les services Offres Offres Offres Fermer Parcourir toutes les offres Cartes et abonnements SNCF Cartes et abonnements SNCF Carte Avantage Jeune Carte Avantage Adulte Carte Avantage Senior Carte Liberté Abonnement MAX ACTIF Abonnement MAX JEUNE Toutes les cartes et abonnements Offres régionales Offres régionales TER Auvergne-Rhône-Alpes TER Hauts de France LiO Train Occitanie TER Nouvelle-Aquitaine Titres Île-de-France Mobilités Consulter les offres régionales Offres urbaines Offres urbaines Avignon – Réseau Orizo Caen – Réseau Twisto Montbéliard – Réseau évolitY Perpignan – Réseau Sankéo Sophia Antipolis – Réseau Envibus Tours – Réseau Fil Bleu Consulter les offres urbaines Services Services Louer une voiture Réserver un hôtel Réserver un Taxi/VTC Assurer votre voyage Livraison de bagages Transport de véhicules Restauration à bord Domicile + Train Tous les services Compte Compte Compte Fermer Accéder à votre compte Vos espaces Vos espaces Se connecter Se créer un compte Espace MAX JEUNE Espace MAX SENIOR Communauté SNCF Connect Vos informations Vos informations Vos informations personnelles Cartes et programmes de fidélité Vos achats Vos moyens de paiement Compagnons de voyage Aide et légal Aide et légal Charte de confidentialité Conditions générales d'utilisation Compensation en cas de retard Aide en ligne Contacts Une journée découverte à Londres en famille Accueil A voir, à faire Londres Une journée découverte à Londres en famille À la fois culturelle et dynamique, Londres est une capitale idéale pour une journée en famille. Au choix : les studios Harry Potter, Notting Hill, la Tour de Londres... Réserver un billet de train Réserver un billet de train Rechercher Annuler Sommaire Assister à la relève de la garde à Buckingham Palace Une session photo à Notting Hill Un trajet en bus à impériale Les curiosités de la Tour de Londres Prendre de la hauteur avec London Eye Découverte du British Museum Les studios Harry Potter Le Palais de Buckingham - Londres - © iStock - johnkellerman Assister à la relève de la garde à Buckingham Palace La relève de la garde Avec leurs fameuses tuniques rouges et leurs chapeaux en poils d'ours, les soldats du palais se relèvent et cela forme un spectacle atypique pour les touristes présents au Palais de Buckingham. Où voir la relève de la garde ? Rendez-vous à 11h à Buckingham Palace si vous ne voulez rien rater des débuts de cet événement quotidien, une institution à Londres. Beaucoup de monde sur place : nous vous conseillons d'attendre à l’angle de Constitution Hill et de The Mall, métro Green Park. Un site officiel permet de vérifier que la relève aura bien lieu (annulation en cas de météo défavorable). notting hill londres maisons colorees  - © Istock - AndreaAstes Une session photo à Notting Hill Photos souvenirs A Notting Hill, ce quartier dont les maisons ont des façades si reconnaissables, vous pouvez vous perdre dans les jolies rues colorées. C’est le lieu idéal pour faire quelques photos souvenirs de votre séjour à Londres. Le carnaval de Notting Hill Et si vous y allez le dernier week-end d'août, il ne faut surtout pas manquer son superbe carnaval dont une journée est d’ailleurs consacrée aux enfants. C’est aussi le jour où les prix des meilleurs costumes sont attribués. A vous de choisir le vôtre ! enfant dans un bus impérial a londres  - © Istock -  Tatyana Tomsickova Admirer la ville depuis un bus à impériale Bus à impériale Pour vraiment prendre le pouls de la ville avec vos enfants, vous devez absolument faire un trajet à bord d’un bus à impériale . Il est un des symboles les plus emblématiques de Londres. Ces bus à étage permettent de voir la ville différemment, pour prendre de la hauteur sur la capitale anglaise trépidante. la tour de londres  - © Istock - Texpan Les curiosités de la Tour de Londres La Tour de Londres Faites un stop culture à la Tour de Londres. Située au bord de la Tamise, la Tour de Londres fut un palais mais aussi une prison. Toute personne qui manquait de respect au monarque se retrouvait emprisonnée au sein de la Tour de Londres. Elle est inscrite au patrimoine mondial de l’UNESCO et les enfants adorent voir les bijoux de la Couronne britannique et les impressionnantes armures. Relève de la Garde Profitez de votre visite à la Tour de Londres pour assister à la relève de la Garde qui a lieu tous les jours à partir de 10h45. london eye  - © istock-MarcelloLand Prendre de la hauteur avec London Eye London Eye Partez d'abord vous promener le long de la tamise, rive gauche (South Bank), pour de jolis points de vue sur Londres, des animations de rue et un espace totalement piéton où les enfants peuvent se défouler sans danger. Admirez la vue superbe sur l’Abbaye de Westminster et sur Big Ben , avant de rejoindre le L ondon Eye , la grande roue emblématique de la capitale anglaise. De là-haut, vous pourrez faire contempler à vos p'tits bouts tous les monuments. Vous verrez, ils seront à coup sûr impressionnés ! Sky Garden A voir aussi : l'incroyable vue sur Londres depuis le gratte-ciel du Sky Garden , au 35e étage. N'hésitez pas à réserver votre table à la Brasserie Darwin, un bon plan à tarif raisonnable pour profiter de la vue un peu plus longtemps ! © Istock - gianliguori Découverte du British Museum Découvrir les musées Londoniens Après cette petite balade colorée, vous prendrez bien un bain de culture ? Le British Museum comme les autres musées londoniens, l’entrée  est gratuite , sauf pour les expositions temporaires qui sont payantes et pour lesquelles il faut parfois réserver un horaire précis en ligne. Pour rendre votre visite ludique, pensez à repérer à l’avance les œuvres susceptibles d'intéresser vos enfants pour les stimuler et éveiller leur curiosité. Le British Museum Il existe de nombreux musées à Londres mais on vous conseille de découvrir le British Museum qui est un musée d'histoire et de culture mondiale qui rassemble plusieurs cultures. Vous pourrez, par exemple, montrer à vos enfants le fameux buste de Ramses II , l’imposante statue de l’Ile de Pâques, l a Pierre de Rosette qui a permis à Champolion de traduire les hiéroglyphes ou encore le Fronton est du Parthénon de l'Acropole d'Athènes . Le Leadenhall Market à Londres, qui ressemble au Diagon Alley dans le film Harry Potter - © Istock - Starcevic Les studios Harry Potter Visiter les Studios Harry Potter à Londres en famille : une attraction devenue une des premières raisons pour un séjour dans la capitale anglaise ! Enfants ou adultes, ultra fans ou simples curieux : rendez-vous à Leavesden, à 30 kilomètres environ au nord-est de Londres. Découvrir les décors Les fans découvriront les coulisses des tournages des 8 films de la série Harry Potter . Les décors et les accessoires construits pour les besoins des films Harry Potter sont tous là : la Grande Salle à manger, le bureau de Dumbledore, la hutte de Hagrid, le dortoir de Gryffondor, la salle des potions, le Chemin de Traverse, la Forêt Interdite… La maquette de Poudlard On redécouvre ces univers féériques et le secret des effets spéciaux du film. Ne manquez pas l’immense maquette de Poudlard qui a été réalisée pour tourner tous les plans extérieurs du château… incroyable ! A savoir : les billets incluent souvent le transfert en bus de la Gare Victoria Station au Studio Harry Potter (1h30 de trajet). >> Réserver vos billets de train pour Londres Cet article vous a plu ? Partagez-le ! Facebook WhatsApp X, formerly Twitter Pinterest Mail La Rédaction SNCF Connect 26/05/2025 Préparez votre séjour : Londres au départ de Paris Lille 31 / 07 Dès 97 € (1) 01 / 08 Dès 121 € (1) 02 / 08 Dès 121 € (1) 03 / 08 Dès 156 € (1) 04 / 08 Dès 99 € (1) 05 / 08 Dès 98 € (1) 06 / 08 Dès 79 € (1) Le moins cher Vous aimerez aussi Fermer Voir tout Oxford Street : l'avenue shopping de Londres Top 5 des restaurants romantiques à Londres Brunch à Londres : les incontournables Voyage à Londres et aux Studios Harry Potter en train tout compris : le guide 5 bonnes raisons de voyager sur Eurostar Les incontournables d'un PRO à Londres avec Eurostar Top 7 des salons de thé incontournables à Londres Les visites incontournables de Londres Les palais royaux d’Angleterre Nos bons plans bars et restos à Londres Les plus beaux parcs et jardins de Londres Une journée à Londres en amoureux Mentions légales (1) Voir les conditions des offres (1) Tarifs TTC, à partir de, pour une personne, pour un aller simple, en 2nd classe, sur une sélection de trains et de dates et sous réserve de disponibilité. Offres soumises à conditions d'échanges et de remboursement des transporteurs concernés à consulter lors de la commande. Paiement en ligne. Offres non cumulables avec d'autres promotions SNCF. Nos engagements Meilleurs prix garantis Paiement sécurisé Contact 7j/7 Service client de l'année 2025 Moyens de paiement Infos et conditions Paiement en Chèque-Vacances Connect Infos et conditions de paiement avec les cartes Ayvens, Betterway, Pluxee ou RoadMate Choix du pays Langue France Langue Belgique België Belgium Deutschland España France Italia Luxembourg Nederland Suisse Schweiz Switzerland Other regions and countries Nos partenaires Inscrivez-vous à notre newsletter et profitez des meilleurs bons plans Suivez-nous ! L'entreprise Conditions de présentation des offres sur le site Conditions générales de vente Droits des voyageurs ferroviaires et Règlement européen n°2021/782 Informations légales Charte de confidentialité et cookies Gestion des cookies Partenariat Régie publicitaire Devenir partenaire ou affilié Widget SNCF Connect Sites du groupe Site SNCF Connect & Tech Espace Presse SNCF Connect & Tech Carrières SNCF Connect & Tech Le compte des agents SNCF Groupe-sncf.com Emploi Groupe SNCF Vous informer Aide Contactez-nous Vos billets Communauté SNCF Connect Plan du site SNCF Connect Guide du voyageur Franchissement frontière Handicap & mobilité réduite Nos services pour les voyageurs PSH/PMR Tout savoir sur le service d'assistance en gare Accessibilité numérique : conformité partielle Fonctionnalités d'accessibilité de nos applications mobiles Les autres services d'assistance en Europe Transporteurs TGV INOUI OUIGO TER BlaBlaCar Bus FlixBus BlaBlaCar INTERCITES LYRIA EUROSTAR TGV INOUI vers Bruxelles DB SNCF Voyageurs en coopération TGV INOUI vers l'Espagne TGV INOUI vers l'Italie TGV INOUI vers le Luxembourg TGV INOUI vers Fribourg Itinéraires populaires Train Paris Bordeaux Train Paris Marseille Train Bordeaux Paris Train Paris Lyon Train Paris Bruxelles Train Paris Strasbourg Train Paris Toulouse Train Toulouse Paris Train Lyon Paris Train Paris Amsterdam Train Paris Lille Train Nantes Paris Train Paris Genève Train Paris Barcelone Train Paris Nantes Trajets Transporteurs TGV INOUI Lille-Paris TGV INOUI Lyon-Paris TGV INOUI Paris-Nice TGV INOUI Marseille-Paris TGV INOUI Paris-Nantes OUIGO Fleury-les-Aubrais-Paris OUIGO Paris-Fleury-les-Aubrais OUIGO Rennes-Paris OUIGO Marseille-Lyon OUIGO Nantes-Paris TER Paris-Trouville Deauville TER Trouville Deauville-Paris TER Paris-Le Mans TER Le Mans-Paris TER Nice-Cannes : horaires et billets Top destinations Train France Train Paris Train Lyon Train Bordeaux Train Strasbourg Train Nantes Train Marseille Train Lille Train Marne-la-Vallée Chessy (Disneyland® Paris) Train Amsterdam Train Londres Train Barcelone Train Rennes Train Italie Train Suisse Nos applications mobiles","Une journée découverte à Londres en famille
Réserver un billet de train
Sommaire
Assister à la relève de la garde à Buckingham Palace
La relève de la garde
Où voir la relève de la garde ?
Une session photo à Notting Hill
Photos souvenirs
Le carnaval de Notting Hill
Admirer la ville depuis un bus à impériale
Bus à impériale
Les curiosités de la Tour de Londres
La Tour de Londres
Relève de la Garde
Prendre de la hauteur avec London Eye
London Eye
Sky Garden
Découverte du British Museum
Découvrir les musées Londoniens
Le British Museum
Les studios Harry Potter
Découvrir les décors
La maquette de Poudlard
Préparez votre séjour : Londres au départ deParisLille
Vous aimerez aussi
Mentions légales"
expo manga,"- Agenda Expo Manga 2025 - Prochains événements à ne pas manquer
- Toutes les expositions manga à Paris - Agenda complet
- Découvrez les festivals et salons manga à venir - Agenda spécialisé",juillet 2025 (12) festival manga (10) 2025 dimanche (7) septembre 2025 (6) site festival (5) octobre 2025 (5) édition japan (4) 25 octobre (4) festivals salons (3) manga cosplay (3)japan expo (15) voir plus (15) expo paris (6) ticketing information (6) share your (5) your japan (5) floor map (4) map schedule (4) pro media (4) the app (4)lofficiel spectacles (5) art contemporain (4) juillet 2025 (4) expositions paris (3) théâtre expositions (3) beauxarts art (3) architecture design (3) histoire civilisations (3) sciences techniques (3) galeries dart (3)fiche détaillée (12) france fiche (11) festival 05072025 (9) 20250705 t140000z (9) t140000z 20250705 (9) 20250705 t150000z (9) festival 2025 (9) japan expo (5) expo 24e (5) 24e impact (5),juillet 2025 dimanche (4) 25 octobre 2025 (4) 2025 3ème édition (3) 3ème édition salon (3) 2025 consultez site (3) site internet festival (3) festivals salons manga (2) salons manga cosplay (2) ajouter festival manga (2) 24ème édition japan (2)japan expo paris (6) share your japan (5) floor map schedule (4) at japan expo (4) exhibitors floor map (3) map schedule ticketing (3) schedule ticketing ticketing (3) ticketing ticketing information (3) ticketing information pro (3) information pro media (3)beauxarts art contemporain (3) manga toutes expositions (2) toutes expositions paris (2) paris lofficiel spectacles (2) cinéma théâtre expositions (2) théâtre expositions concerts (2) expositions concerts enfants (2) concerts enfants visites (2) enfants visites guidées (2) derniers jours prochainement (2)france fiche détaillée (11) 20250705 t140000z 20250705 (9) t140000z 20250705 t150000z (9) japan expo 24e (5) expo 24e impact (5) 24e impact 2025 (5) 2025 20250705 t140000z (5) édition limitée tome (4) game over festival (4) 2025 parc expositions (3),2025 (0.52) festival (0.42) manga (0.34) juillet (0.24) édition (0.22) france (0.20) informations (0.16) site (0.16) dimanche (0.14) samedi (0.14) www (0.14) bd (0.12) com (0.12) festivals (0.12) paris (0.12) plus (0.12) septembre (0.12) facebook (0.10) japan (0.10) octobre (0.10) pop (0.10) 25 (0.08) saint (0.08) 26 (0.06) 27 (0.06) auxois (0.06) cette (0.06) internet (0.06) semur (0.06) trouverez (0.06)japan (0.37) 2025 (0.35) the (0.28) guests (0.27) expo (0.25) june (0.25) plus (0.25) voir (0.25) information (0.18) of (0.17) ticketing (0.17) to (0.17) exhibitors (0.13) ticket (0.13) us (0.13) your (0.13) activities (0.12) faq (0.12) for (0.12) schedule (0.12) all (0.10) at (0.10) cosplay (0.10) guide (0.10) history (0.10) media (0.10) music (0.10) paris (0.10) signings (0.10) official (0.08)art (0.44) paris (0.42) expositions (0.34) 2025 (0.29) manga (0.26) 2026 (0.16) arts (0.16) musée (0.16) spectacles (0.16) architecture (0.13) beaux (0.13) design (0.13) jours (0.13) musées (0.13) officiel (0.13) plus (0.13) théâtre (0.13) tous (0.13) cinéma (0.10) contemporain (0.10) expos (0.10) galeries (0.10) histoire (0.10) juillet (0.10) mode (0.10) salons (0.10) sorties (0.10) toutes (0.10) concerts (0.08) prochains (0.08)2025 (0.53) festival (0.37) manga (0.35) actus (0.31) 20250705 (0.22) news (0.22) 07 (0.16) france (0.16) détaillée (0.14) fiche (0.14) t140000z (0.14) t150000z (0.14) anime (0.12) 05 (0.11) critiques (0.10) pokémon (0.10) tous (0.10) dossiers (0.08) jeux (0.08) méribel (0.08) vol (0.08) édition (0.08) bourse (0.07) editeurs (0.07) espace (0.07) impact (0.07) juillet (0.07) parc (0.07) saint (0.07) webtoon (0.07),"- La 24ᵉ édition de Japan Expo Paris se tiendra du 3 au 6 juillet 2025 à Paris.
- De nombreux festivals manga, cosplay et pop culture sont prévus en France, Belgique et Suisse dans les prochains mois.
- Les événements sont mis à jour régulièrement, il est conseillé de consulter fréquemment l'agenda des festivals manga.
- Des festivals comme le Salon Faeri Pop Festival et la Japan Breizh Con' offrent des expériences uniques pour les fans.
- L'Officiel des spectacles présente le calendrier des expositions manga à voir à Paris et dans les environs.","- 24ème édition du Japan Expo Paris 2025
- Festival Manga à Paris (75015) du jeudi 3 juillet 2025 au dimanche 6 juillet 2025.
- 3ème édition du Salon Faeri Pop Festival
- Festival Manga à Nègrepelisse (82800) du samedi 5 juillet 2025 au dimanche 6 juillet 2025.
- 2ème édition de La Japan Breizh Con’
- Festival Manga à Saint-Malo (35400) du samedi 12 juillet 2025 au dimanche 13 juillet 2025.
- 3ème édition du salon Gévaudan Pop Culture
- Festival Manga à Saint-Chély-d'Apcher (48200) du samedi 26 juillet 2025 au dimanche 27 juillet 2025.
- 2ème édition de l'événement Neko Neuv Geek
- Festival Manga à Neuves-Maisons (54230) du samedi 6 septembre 2025 au dimanche 7 septembre 2025.
- 7ème édition du festival Cherisy Manga
- Festival Manga à Chérisy (28500) du samedi 27 septembre 2025 au dimanche 28 septembre 2025.
- 4ème édition de la Semaine du Manga - Rassemblement de cosplayers et fans de culture POP
- Festival Manga à Roche-la-Molière (42230) le samedi 25 octobre 2025.
- 1ère édition du Manga Fest de Semur-en-Auxois
- Festival Manga à Semur-en-Auxois (21140) du samedi 25 octobre 2025 au dimanche 26 octobre 2025.",expo manga,"Les évènements manga en France - SNCF Connect Aller au contenu principal Voyager Voyager Voyager Fermer Tout pour voyager Réserver Réserver Billets de train Voyages en bus Trajets en covoiturage Location de voiture Hôtels Taxi/VTC Bons plans Bons plans Voyages en groupe Voyages pro Enfant voyageant seul Informations Informations Horaires en gare Info trafic Handicap et accessibilité Tous les transporteurs Tous les services Nos réponses à vos questions Guide de voyage Guide de voyage Où voyager en France, en Europe Voyager selon vos envies Billets Billets Billets Fermer Voir vos billets et titres Vos voyages Vos voyages Tous vos voyages Importer un voyage Compensation en cas de retard Faire une réclamation Modifier un voyage Assurance Allianz Vos cartes et abonnements Vos cartes et abonnements Importer une carte ou abonnement Acheter une carte ou abonnement Compléter votre voyage Compléter votre voyage Louer une voiture Réserver un hôtel Réserver un Taxi/VTC Transports urbains Restauration à bord TGV INOUI Restauration à bord INTERCITES Tous les services Offres Offres Offres Fermer Parcourir toutes les offres Cartes et abonnements SNCF Cartes et abonnements SNCF Carte Avantage Jeune Carte Avantage Adulte Carte Avantage Senior Carte Liberté Abonnement MAX ACTIF Abonnement MAX JEUNE Toutes les cartes et abonnements Offres régionales Offres régionales TER Auvergne-Rhône-Alpes TER Hauts de France LiO Train Occitanie TER Nouvelle-Aquitaine Titres Île-de-France Mobilités Consulter les offres régionales Offres urbaines Offres urbaines Avignon – Réseau Orizo Caen – Réseau Twisto Montbéliard – Réseau évolitY Perpignan – Réseau Sankéo Sophia Antipolis – Réseau Envibus Tours – Réseau Fil Bleu Consulter les offres urbaines Services Services Louer une voiture Réserver un hôtel Réserver un Taxi/VTC Assurer votre voyage Livraison de bagages Transport de véhicules Restauration à bord Domicile + Train Tous les services Compte Compte Compte Fermer Accéder à votre compte Vos espaces Vos espaces Se connecter Se créer un compte Espace MAX JEUNE Espace MAX SENIOR Communauté SNCF Connect Vos informations Vos informations Vos informations personnelles Cartes et programmes de fidélité Vos achats Vos moyens de paiement Compagnons de voyage Aide et légal Aide et légal Charte de confidentialité Conditions générales d'utilisation Compensation en cas de retard Aide en ligne Contacts Les évènements manga en France Accueil A voir, à faire Evènements Les évènements manga en France Les évènements dédiés à la culture japonaise et otaku se sont multipliés en France ces dernières années. Comment s’y retrouver et être sûr de ne pas manquer les meilleures conventions ? Mais en suivant notre top baka ! Réserver un billet de train Réserver un billet de train Rechercher Annuler Sommaire La Japan Expo Sud à Marseille Le Montpellier Anime Game Show Le Paris Manga Le Mang’Azur à Toulon Le Kamo Con à Dijon La Japan Touch à Lyon La Japan Addict à Strasbourg La Japan Expo à Paris Animasia à Bordeaux La Japan Vannes Matsuri à Vannes Chibi Rouen à Rouen Stand de mangas - © iStock-ColobusYeti La Japan Expo Sud à Marseille Japan Expo Sud Petite sœur sudiste de l’événement parisien, la Japan Expo Sud à Marseille existe depuis 2009 et fonctionne en tous points comme son aînée. C’est-à-dire avec des stands, des animations et des invités à la pelle (et beaucoup, beaucoup de cosplays ) ! Un salon réputé Le salon se tient sur deux jours au parc des expositions Chanot dans le VIII e arrondissement. Mieux vaut réserver à l’avance car il n'y a pas de billetterie sur place et les billets partent très vite ! Date de la Japan Expo Sud à Marseille : du 8 au 10 mars 2024 à Marseille Chanot >> Réserver vos billets de train pour Marseille Salon - © iStock-PatrikSlezak Le Montpellier Anime Game Show Le Montpellier Anime Game Show Le salon pop culture de la région montpelliéraine , le Montpellier Anime Game Show est un salon familial sur la pop culture, la culture asiatique, les jeux vidéo, la science fiction, le cinéma… Entre les animations des associations, des vendeurs de livres et de films de science-fiction et des éditeurs de mangas et de jeux vidéo, la découverte du cosplay et de la culture japonaise, votre journée est bien remplie ! Des rencontres enrichissantes Vous pouvez aussi y rencontrer des concepteurs de jeux vidéo, des auteurs de bandes dessinées et de manga, des acteurs de séries télévisées ou de cinéma. Date du Montpellier Anime Game Show : du 6 au 7 avril 2024 au Parc des Expositions de Montpellier >> Réserver vos billets de train pour Montpellier Stand de salon manga - © iStock-PatrikSlezak Le Paris Manga – Sci-Fi Show Le Paris Manga - Sci-Fi Show Les amateurs de mangas mais aussi de SF ou de fantasy se retrouvent pendant deux jours, deux fois par an, au Paris Manga – Sci-Fi Show . Les invités sont autant des réalisateurs cinéma, que des acteurs de séries télé, des comédiens de doublage, des créateurs d'animations, des auteurs de mangas, des youtubeurs et des représentants de sites web dédiés. On y trouve aussi des éditeurs de jeux vidéos, des groupes de musique, des fabricants de cosplays, des artistes... Dédicaces et conférences Au programme des conférences et des dédicaces, des animations et des jeux vidéos, des concours de cosplay et des exposants de toute la Pop culture. Date du Paris Manga – Sci-Fi Show : les 16 et 17 mars 2024 au Parc des Expositions - Paris Nord Villepinte >> Réserver vos billets de train pour Paris Salon de mangas - © iStock-PatrikSlezak Le Mang’Azur à Toulon Le Mang’Azur Le Mang’Azur fait partie des grands événements de la culture geek et otaku dans le sud de la France. Son originalité ? Faire découvrir la culture japonaise par-delà les clichés grâce notamment à un partenariat direct avec le Japon . Découverte de la culture Japonaise Dessin, musique, tradition… Il y en a pour tous les goûts et le succès est au rendez-vous. Cette édition fera toujours la promotion de la culture traditionnelle, de la culture populaire et vidéo-ludique, de la scène française : « Fanzine » et jeunes créateurs avec des invités attractifs. Date du Mang’Azur à Toulon : du 27 au 28 avril 2024 au Palais des Congrès de Toulon Neptune >> Réserver vos billets de train pour Toulon © iStock-PatrikSlezak Le Kamo Con à Dijon Le Kamo Con Depuis 2016, Dijon a son événement sur la culture geek et japonaise avec le Kamo Con . L’occasion de découvrir sur les 5000 m² du Palais des Congrès des pros mais aussi de jeunes créateurs de manga, de comics, de BD, de jeux vidéo, de culture geek et de science fiction. Le salon occupe 2 halls avec entre autres une grande scène cosplay et une deuxième scène gaming, un espace culturel & sportif, des expos.. . Le gaming Une place particulière est faite au gaming pour jouer et mieux comprendre les défis techniques du genre. Et beaucoup d'aminations sont prévues : Karaoké, Spectacles comiques et musicaux, Sports, Art floral... Bref, un événement bon esprit qui conquiert les fans. Date du Kamo Con : du 6 au 7 avril 2024 au Palais des Congrès de Dijon >> Réserver vos billets de train pour Dijon © Rolf Schulten-Buchcover-Photononstop La Japan Touch Haru à Lyon La Japan Touch Haru Miser sur le décalage au sein d’un milieu qui n’en manque déjà pas, ça donne la Japan Touch à Lyon ! Les visiteurs du parc Eurexpo en ont pour leur frais avec une explosion de couleurs kawaii sur près de 12000 m². Pop culture, manga, animation, mode, musique, gastronomie et jeux vidéo... tout y est ! La Geek Touch A Lyon toujours se déroule, une semaine après la Japan Touch, la Geek Touch événement dédié à l’univers geek avec de la science & high tech, des comics, des BD, des web-séries, des youtubeurs, des films de science-fiction, des séries TV, des jeux vidéos... Toute la pop culture en 2 évènements. Dates de la Japan Touch Haru : 4 et 5 mai 2024 à Lyon Eurexpo >> Réserver vos billets de train pour Lyon Cosplay - © iStock-icenando La Japan Addict Z à Strasbourg La Japan Addict Z Voilà l’événement qu’attendaient tous les geeks et otakus du Grand Est ! L’association strasbourgeoise Kakemono a fondé le Japan Addict Z en 2015 et la manifestation s’est depuis imposée dans la capitale d’Alsace. Rendez-vous au Zénith de Strasbourg A l’intérieur du Zénith de Strasbourg , on retrouve des stands autours des univers du manga, de la SF et de la fantasy avec beaucoup d’originalité. On peut même s’adonner aux arts martiaux ! Date de la Japan Addict Z : 1er et 2 juin 2024 au Zénith de Strasbourg >> Réserver vos billets de train pour Strasbourg Mangas - © iStock-ColobusYeti La Japan Expo à Paris La Japan Expo Sans aucun doute l’événement numéro 1 dédié à la culture nippone en France. La Japan Expo célèbre le manga , les jeux vidéo, les animes , la musique… Une multitude de fans et de curieux se réunissent pendant quatre jours au Parc des Expositions de Paris-Nord Villepinte. Un invité d'honneur L'invité d'honneur est cette année Yuji Kaida , un illustrateur spécialisé dans les ""kaiju"" qui sont des créatures et monstres géants dans les films comme par exemple Godzilla. Une fête exceptionnelle marquée par la présence de nombreux Youtubeurs , mangakas et autres créateurs d’animé. Bref, un rendez-vous immanquable ! Date de la Japan Expo : du 11 au 14 Juillet 2024 Parc des Expositions de Paris-Nord Villepinte. >> Réserver vos billets de train pour Paris © iStock-PatrikSlezak Animasia à Bordeaux Animasia La Chine, le Japon, la Corée… viennent à vous à Bordeaux ! Le Festival Animasia propose un tour complet de la culture asiatique. Kpop, gastronomie, traditions… Un saut en Asie Le 2ème festival sur les cultures et pop cultures asiatiques de France, propose de vivre pleinement dans le monde du gaming, cosplays, mangas et autres qui sont de la partie pour ces deux jours d’octobre, accompagnés de démonstrations de cuisine, de danse, d'art martiaux, de conférences et de dédicaces, des ateliers de musique, de calligraphie, de jeux... Date d'Animasia : 12 et 13 octobre 2024 au Parc des expositions de Bordeaux >> Réserver vos billets de train pour Bordeaux Cosplay - © iStock-ColobusYeti La Japan Vannes Matsuri à Vannes La Japan Vannes Matsuri La Bretagne aussi a droit à son moment 100 % nippon ! Cosplay, gastronomie, karaoke, gaming, mangas… La Japan Vannes Matsuri réunit près de 150 exposants pour aborder toutes les facettes de cette culture. Cette 5e édition devrait être plus tournée vers la musique avec plus de concerts. Date de la Japan Vannes Matsuri à Vannes : 19 et 20 octobre 2024 >> Réserver vos billets de train pour Vannes Univers Manga - © Istock - SeanPavonePhoto Chibi Rouen à Rouen Chibi Rouen En octobre, découvrez la pop culture japonaise au Parc des Expositions de Rouen . Le lieu est divisé en 3 parties : les scènes, le village cosplay et le Hall culture et tradition. Sur les deux jours de nombreuses activités sont proposées : des concerts, un atelier doublage, danse K-POP, Karaoké, quiz, blind test, défilé libre de cosplay ou encore peinture et initiation à la calligraphie japonaise. Dates de Chibi Rouen : 26 et 27 octobre 2024 >> Réserver vos billets de train pour Rouen Cet article vous a plu ? Partagez-le ! Facebook WhatsApp X, formerly Twitter Pinterest Mail La Rédaction SNCF Connect 26/05/2025 Vous aimerez aussi Fermer Voir tout Le Week-end Musées Télérama Le Festival Cinéma Télérama Aux Sables d'Olonne pour le Vendée Globe Strasbourg, mon amour Palavas-les-Flots : une échappée balnéaire aux portes de Montpellier Notre top 10 des choses à faire en famille à Montpellier Le top des lieux arty incontournables de Montpellier Guide de Montpellier : les incontournables à faire Le Musée Fabre de Montpellier Montpellier côté plages Nos engagements Meilleurs prix garantis Paiement sécurisé Contact 7j/7 Service client de l'année 2025 Moyens de paiement Infos et conditions Paiement en Chèque-Vacances Connect Infos et conditions de paiement avec les cartes Ayvens, Betterway, Pluxee ou RoadMate Choix du pays Langue France Langue Belgique België Belgium Deutschland España France Italia Luxembourg Nederland Suisse Schweiz Switzerland Other regions and countries Nos partenaires Inscrivez-vous à notre newsletter et profitez des meilleurs bons plans Suivez-nous ! L'entreprise Conditions de présentation des offres sur le site Conditions générales de vente Droits des voyageurs ferroviaires et Règlement européen n°2021/782 Informations légales Charte de confidentialité et cookies Gestion des cookies Partenariat Régie publicitaire Devenir partenaire ou affilié Widget SNCF Connect Sites du groupe Site SNCF Connect & Tech Espace Presse SNCF Connect & Tech Carrières SNCF Connect & Tech Le compte des agents SNCF Groupe-sncf.com Emploi Groupe SNCF Vous informer Aide Contactez-nous Vos billets Communauté SNCF Connect Plan du site SNCF Connect Guide du voyageur Franchissement frontière Handicap & mobilité réduite Nos services pour les voyageurs PSH/PMR Tout savoir sur le service d'assistance en gare Accessibilité numérique : conformité partielle Fonctionnalités d'accessibilité de nos applications mobiles Les autres services d'assistance en Europe Transporteurs TGV INOUI OUIGO TER BlaBlaCar Bus FlixBus BlaBlaCar INTERCITES LYRIA EUROSTAR TGV INOUI vers Bruxelles DB SNCF Voyageurs en coopération TGV INOUI vers l'Espagne TGV INOUI vers l'Italie TGV INOUI vers le Luxembourg TGV INOUI vers Fribourg Itinéraires populaires Train Paris Bordeaux Train Paris Marseille Train Bordeaux Paris Train Paris Lyon Train Paris Bruxelles Train Paris Strasbourg Train Paris Toulouse Train Toulouse Paris Train Lyon Paris Train Paris Amsterdam Train Paris Lille Train Nantes Paris Train Paris Genève Train Paris Barcelone Train Paris Nantes Trajets Transporteurs TGV INOUI Lille-Paris TGV INOUI Lyon-Paris TGV INOUI Paris-Nice TGV INOUI Marseille-Paris TGV INOUI Paris-Nantes OUIGO Fleury-les-Aubrais-Paris OUIGO Paris-Fleury-les-Aubrais OUIGO Rennes-Paris OUIGO Marseille-Lyon OUIGO Nantes-Paris TER Paris-Trouville Deauville TER Trouville Deauville-Paris TER Paris-Le Mans TER Le Mans-Paris TER Nice-Cannes : horaires et billets Top destinations Train France Train Paris Train Lyon Train Bordeaux Train Strasbourg Train Nantes Train Marseille Train Lille Train Marne-la-Vallée Chessy (Disneyland® Paris) Train Amsterdam Train Londres Train Barcelone Train Rennes Train Italie Train Suisse Nos applications mobiles","Les évènements manga en France
Réserver un billet de train
Sommaire
La Japan Expo Sud à Marseille
Japan Expo Sud
Un salon réputé
Le Montpellier Anime Game Show
Le Montpellier Anime Game Show
Des rencontres enrichissantes
Le Paris Manga – Sci-Fi Show
Le Paris Manga - Sci-Fi Show
Dédicaces et conférences
Le Mang’Azur à Toulon
Le Mang’Azur
Découverte de la culture Japonaise
Le Kamo Con à Dijon
Le Kamo Con
Le gaming
La Japan Touch Haru à Lyon
La Japan Touch Haru
La Geek Touch
La Japan Addict Z à Strasbourg
La Japan Addict Z
Rendez-vous au Zénith de Strasbourg
La Japan Expo à Paris
La Japan Expo
Un invité d'honneur
Animasia à Bordeaux
Animasia
Un saut en Asie
La Japan Vannes Matsuri à Vannes
La Japan Vannes Matsuri
Chibi Rouen à Rouen
Chibi Rouen
Vous aimerez aussi"
