Mot clé,Titres,Bigrams,Trigrams,TFIDF,importantfacts,important_numbers,Search Term,Body,Headings
paris vienne train de nuit,"- Train de nuit Paris-Vienne : réservez votre billet avec Nightjet
- Paris-Vienne en train de nuit : voyagez confortablement avec Nightjet
- Découvrez le trajet Paris-Vienne en train de nuit avec Nightjet",train nuit (8) nuit parisvienne (4) st pölten (4) nightjet train (3) parisvienne train (3) cœur vienne (3) activités citadines (3) pölten vienne (3) dune salle (3) salle bains (3)öbb nightjet (34) paris vienne (18) trains öbb (16) trains nuit (12) train nuit (11) billets train (10) paris paris (10) tgv inoui (8) entre paris (7) trains nightjet (7)paris vienne (1) vienne train (1) train nuit (1) nuit aller (1) aller autriche (1) autriche train (1)vue 360 (14) 360 degrés (14) transport véhicule (12) véhicule impossible (10) personnes vue (9) voiture couchette (8) naviguer vers (8) comfort 1 (8) 13 juillet (7) juillet 2025 (7)train nuit (17) tgv inoui (12) train paris (12) sncf connect (10) nuit parisvienne (6) paris train (6) cartes abonnements (5) inoui vers (5) prenez train (3) nuit lautriche (3),train nuit parisvienne (4) nightjet train nuit (3) st pölten vienne (3) dune salle bains (3) entre paris vienne (2) salle bains toilettes (2) dun petit déjeuner (2) horaires départ nightjet (2) départ nightjet 469 (2) nightjet 469 parisvienne (2)trains öbb nightjet (10) tgv inoui carte (6) billets öbb nightjet (6) entre paris vienne (6) inoui carte avantage (4) nightjet paris vienne (4) paris gare lest (4) ouverture ventes sncf (3) nuit öbb nightjet (3) réserver billets öbb (3)paris vienne train (1) vienne train nuit (1) train nuit aller (1) nuit aller autriche (1) aller autriche train (1)vue 360 degrés (14) transport véhicule impossible (10) personnes vue 360 (9) 13 juillet 2025 (7) comfort 1 4 (6) 1 4 personnes (6) 1 3 personnes (6) wagonlits comfort plus (5) öbb harald eisenberger (5) jusquau 13 juillet (4)train nuit parisvienne (6) tgv inoui vers (5) prenez train nuit (3) train nuit lautriche (3) nuit lautriche réveillezvous (3) lautriche réveillezvous vienne (3) sncf connect tech (3) paris train paris (3) compensation cas retard (2) louer voiture réserver (2),vienne (0.55) paris (0.38) train (0.33) nightjet (0.26) nuit (0.24) arrivée (0.17) autriche (0.17) compartiment (0.17) départ (0.17) salzbourg (0.14) cabines (0.12) découvrez (0.12) entre (0.12) jusqu (0.12) linz (0.12) voyager (0.12) accessibles (0.09) horaires (0.09) jours (0.09) personnes (0.09) plus (0.09) pölten (0.09) st (0.09) vacances (0.09) voiture (0.09) bains (0.07) boisson (0.07) informations (0.07) petit (0.07) être (0.07)paris (0.65) nightjet (0.42) trains (0.28) öbb (0.27) billets (0.19) train (0.18) vienne (0.18) billet (0.16) nuit (0.14) plus (0.12) voyager (0.10) bord (0.08) départ (0.08) lyon (0.08) entre (0.08) horaires (0.08) sncf (0.07) trainline (0.07) tgv (0.07) voyage (0.07) arrivée (0.06) marseille (0.06) prix (0.06) carte (0.06) 90 (0.05) acheter (0.05) pouvez (0.05) gare (0.04) partir (0.04) service (0.04)train (0.67) aller (0.33) autriche (0.33) nuit (0.33) paris (0.33) vienne (0.33)2025 (0.34) nj (0.28) voiture (0.27) 04 (0.24) personnes (0.22) istock (0.21) vue (0.21) nightjet (0.20) comfort (0.19) thinkstock (0.19) vienne (0.19) öbb (0.19) transport (0.17) sous (0.16) zurich (0.16) 360 (0.15) degrés (0.15) départ (0.15) menu (0.15) notamment (0.15) wagon (0.15) véhicule (0.14) 13 (0.13) lits (0.13) plus (0.12) suppression (0.12) train (0.12) vers (0.12) impossible (0.11) venise (0.11)train (0.63) paris (0.48) vienne (0.26) nuit (0.21) sncf (0.20) voyage (0.16) inoui (0.14) tgv (0.14) connect (0.13) offres (0.13) ter (0.11) petit (0.09) réserver (0.09) billets (0.08) carte (0.08) cartes (0.08) vers (0.08) voyager (0.08) compte (0.07) faire (0.07) france (0.07) gare (0.07) informations (0.07) ouigo (0.07) réseau (0.07) services (0.07) voyages (0.07) conditions (0.06) nantes (0.06) tous (0.06),"- Avantages écologiques du train de nuit par rapport aux voyages en avion ou en voiture, notamment en termes de réduction des émissions de CO₂.
- Description des paysages et points d'intérêt remarquables traversés lors du trajet Paris-Vienne en train de nuit.
- Informations sur les options de connectivité et divertissement disponibles à bord pour enrichir l'expérience de voyage.
- Conseils pratiques pour préparer son voyage en train de nuit, tels que la gestion des bagages et les équipements essentiels à emporter.
- Suggestions d'activités et de sites touristiques à visiter à Vienne pour profiter pleinement de l'arrivée après le voyage en train.","- plus de 1400 kms
- 14h30
- départ prévu à 19h30 depuis la gare Paris Est et arrivée à 10h00 le lendemain au cœur de Vienne
- places assises à partir de 29,90 €
- un trajet de 1400 km
- 6 sièges des compartiments à réservation obligatoire
- jusqu'à trois personnes peuvent réserver leur propre compartiment de voiture assise
- compartiments couchettes pour 4 personnes ou 6 personnes
- possibilité d'être accompagné d'un enfant gratuitement jusqu'à 5 ans
- jusqu'à 6 personnes, max. 5 enfants jusqu'à 14 ans
- départ à 19h30 les mardi, jeudi, samedi
- départ à 19h42 les lundi, mercredi, vendredi
- premier service partira le 14 décembre 2021
- réservation possible jusqu'à 180 jours avant la date de départ
- arrivée à 10h00
- départ à 19h30
- arrivée à 10 h
- départ à 19 h 42
- arrivée à 10h",paris vienne train de nuit,"Prenez le train de nuit pour l'Autriche et réveillez-vous à Vienne - SNCF Connect Aller au contenu principal Voyager Voyager Voyager Fermer Tout pour voyager Réserver Réserver Billets de train Voyages en bus Trajets en covoiturage Location de voiture Hôtels Bons plans Bons plans Voyages en groupe Voyages pro Enfant voyageant seul Informations Informations Horaires en gare Info trafic Handicap et accessibilité Tous les transporteurs Tous les services Nos réponses à vos questions Guide de voyage Guide de voyage Où voyager en France, en Europe Voyager selon vos envies Billets Billets Billets Fermer Voir vos billets et titres Vos voyages Vos voyages Tous vos voyages Importer un voyage Compensation en cas de retard Faire une réclamation Modifier un voyage Assurance Allianz Vos cartes et abonnements Vos cartes et abonnements Importer une carte ou abonnement Acheter une carte ou abonnement Compléter votre voyage Compléter votre voyage Louer une voiture Réserver un hôtel Transports urbains Restauration à bord TGV INOUI Restauration à bord INTERCITES Tous les services Offres Offres Offres Fermer Parcourir toutes les offres Cartes et abonnements SNCF Cartes et abonnements SNCF Carte Avantage Jeune Carte Avantage Adulte Carte Avantage Senior Carte Liberté Abonnement MAX ACTIF Abonnement MAX JEUNE Toutes les cartes et abonnements Offres régionales Offres régionales TER Auvergne-Rhône-Alpes TER Hauts de France LiO Train Occitanie TER Nouvelle-Aquitaine Titres Île-de-France Mobilités Consulter les offres régionales Offres urbaines Offres urbaines Avignon – Réseau Orizo Caen – Réseau Twisto Montbéliard – Réseau évolitY Perpignan – Réseau Sankéo Sophia Antipolis – Réseau Envibus Tours – Réseau Fil Bleu Consulter les offres urbaines Services Services Louer une voiture Réserver un hôtel Réserver un Taxi/VTC Assurer votre voyage Livraison de bagages Transport de véhicules Restauration à bord Domicile + Train Tous les services Compte Compte Compte Fermer Accéder à votre compte Vos espaces Vos espaces Se connecter Se créer un compte Espace MAX JEUNE Espace MAX SENIOR Communauté SNCF Connect Vos informations Vos informations Vos informations personnelles Cartes et programmes de fidélité Vos achats Vos moyens de paiement Compagnons de voyage Aide et légal Aide et légal Charte de confidentialité Conditions générales d'utilisation Compensation en cas de retard Aide en ligne Contacts Prenez le train de nuit pour l'Autriche et réveillez-vous à Vienne Accueil A voir, à faire Vienne Prenez le train de nuit pour l'Autriche et réveillez-vous à Vienne Que diriez-vous d'une promenade en bord de Danube, d'une soirée à l'Opéra ou d'un café viennois ? Rejoignez Vienne en train de nuit depuis Paris. Un voyage plus long certes, mais qui combine de nombreux avantages. On vous emmène ? Réserver un billet de train Réserver un billet de train Rechercher Annuler Sommaire La ligne de train de nuit Paris-Vienne Quelle formule choisir pour votre voyage en train de nuit ? Les horaires du train de nuit Paris-Vienne Que faire et voir à Vienne ? Rails de train la nuit - © Raulhudson1986 La ligne de train de nuit Paris-Vienne Au départ de Paris, vous pouvez aujourd'hui rejoindre la capitale autrichienne en train de nuit, grâce à un partenariat SNCF avec le transporteur autrichien OBB Nightjet. 3 allers-retours couvrent ce trajet ferroviaire de 1400km le mardi, le vendredi et le dimanche. Les avantages ? Economiser une nuit d'hôtel et se réveiller au petit matin à Vienne, puis aller savourer un café viennois et une pâtisserie dans un des nombreux cafés de la ville. Prenez le temps de voyager et profitez des nombreux avantages de l'offre. Couple dans le train de nuit Nightjet Paris-Vienne - © ÖBB | Harald Eisenberger Quelle formule choisir pour votre voyage en train de nuit ? Le train de nuit Paris-Vienne propose 3 niveaux de confort : Places assises à partir de 29,90€, pour les voyageurs à petit budget (compartiments de 6 places assises) Couchettes 4 ou 6 personnes à partir de 49,90€ Cabines Standard et Deluxe simple, double ou triple, pour une expérience Premium, à partir de 89,90€ Version petit budget Vous êtes étudiant, vous cherchez une escapade dans une capitale européenne à petit prix, tout en choisissant un mode de voyage responsable ? Optez pour une place assise pour obtenir le meilleur tarif possible, ou pourquoi pas en couchette si vous partez entre amis. Sachez que chaque voiture dispose d'une salle de bains et de toilettes, et que côté restauration, un menu est disponible à bord. Voyage en famille En famille, vous voulez faire découvrir l'aventure du train de nuit à vos enfants ? Optez pour un compartiment couchette 6 personnes que vous pourrez même privatiser si vous êtes 5 par exemple. Chaque couchette est équipée d'un set de draps, d'une couverture et d'un oreiller. De l'eau minérale et un petit-déjeuner viennois sont inclus. Info à connaître : le compartiment peut être verrouillé de l'intérieur. Escapade romantique En couple, vous rêvez d'une escapade en train , mais vous souhaitez du confort ? Choisissez la cabine Deluxe , avec petit-déjeuner offert, un vrai lit et une salle de bains individuelle (la cabine standard dispose quant à elle d'un lavabo). Profitez d'un verre d'arrivée et d'un petit sac de bienvenue avec nécessaire de toilette et linge de lit, d'un service de réveil, d'un petit-déjeuner à la carte avec boisson chaude à volonté et d'un service de restauration chaude et froide à la commande. Groupe d'amis dans le train de nuit Nightjet Paris-Vienne - © ÖBB | Harald Eisenberger Les horaires du train de nuit Paris-Vienne Le train de nuit Paris-Vienne part de la Gare de l'Est à Paris à 19h58 . Nous vous conseillons bien sûr d'arriver sur place bien à l'avance, au minimum 30mn. Le train file ensuite vers la gare de Strasbourg puis franchit la frontière vers l'Allemagne et les villes de Karlsrhue puis Munich, avant de rejoindre la gare de Salzbourg en Autriche pour arriver à la gare centrale de Vienne (Wien Hauptbahnhof) à 10h03. Ville de Vienne, Autriche - © CHUNYIP WONG Que faire et voir à Vienne ? Capitale européenne très agréable à visiter, Vienne se découvre en 3 jours minimum. Voici notre sélection d'incontournables à voir ou faire absolument lors de votre séjour viennois : Le centre historique classé à l'UNESCO et son dédale de rues pavées bordées de bâtiments baroques aux tons pastel, qu'on visite facilement à pied en croisant les célèbres calèches Le Château de Schönbrunn , le Versailles autrichien, un peu éloigné du centre-ville, lieu de naissance de François Joseph, un des derniers Habsbourg, était sa résidence privilégiée. Les appartements impériaux sont de toute beauté ! Ne manquez pas le zoo, l'un des plus vieux au monde. Le Palais Hofburg , siège de l’empire des Habsbourg pendant 650 ans, l'un des plus grands palais du monde, qui abrite désormais des musées, la bibliothèque nationale et l’école d’équitation espagnole. La Maison Hundertwasser , un bâtiment très étonnant de par son architecture colorée de bric et de broc, aux lignes inégales, qui tranche avec l'architecture classique de Vienne. Il est habité toute l'année. Passez y jeter un coup d'oeil. Le quartier des musées , complexe culturel viennois à deux pas du Palais impérial, qui accueille de prestigieux musées comme le Musée Leopold et ses nombreux tableaux de Schiele, le Musée d'Art moderne et la Kunsthalle Le Belvédère, lui aussi un ancien palais transformé en musée, surtout connu pour exposer un grand nombre de peintures de Klimt (dont le célèbre Baiser). Savourer un café et une pâtisserie dans l'un des nombreux cafés de Vienne Si vous aimez l'opéra, visiter l' Opéra de Vienne et assister à un spectacle (attention, réserver bien à l'avance et prévoir une tenue élégante) Cet article vous a plu ? Partagez-le ! Facebook WhatsApp X, formerly Twitter Pinterest Mail Marie Gustin Rédaction SNCF Connect 04/01/2024 Nos engagements Meilleurs prix garantis Paiement sécurisé Contact 7j/7 Service client de l'année 2025 Moyens de paiement Infos et conditions Paiement en Chèque-Vacances Connect Infos et conditions de paiement avec les cartes Ayvens, Betterway, Pluxee ou RoadMate Choix du pays Langue France Langue Belgique België Belgium Deutschland España France Italia Luxembourg Nederland Suisse Schweiz Switzerland Other regions and countries Nos partenaires Inscrivez-vous à notre newsletter et profitez des meilleurs bons plans Suivez-nous ! L'entreprise Conditions de présentation des offres sur le site Conditions générales de vente Droits des voyageurs ferroviaires et Règlement européen n°2021/782 Informations légales Charte de confidentialité et cookies Gestion des cookies Partenariat Régie publicitaire Devenir partenaire ou affilié Widget SNCF Connect Sites du groupe Site SNCF Connect & Tech Espace Presse SNCF Connect & Tech Carrières SNCF Connect & Tech Le compte des agents SNCF Groupe-sncf.com Emploi Groupe SNCF Vous informer Aide Contactez-nous Vos billets Communauté SNCF Connect Plan du site SNCF Connect Guide du voyageur Franchissement frontière Handicap & mobilité réduite Accessibilité numérique : conformité partielle Préparez votre voyage sur SNCF Connect Tout savoir sur le service d'assistance en gare Les autres services d'assistance en Europe Transporteurs TGV INOUI OUIGO TER BlaBlaCar Bus FlixBus BlaBlaCar INTERCITÉS LYRIA EUROSTAR TGV INOUI vers Bruxelles DB SNCF Voyageurs en coopération TGV INOUI vers l'Espagne TGV INOUI vers l'Italie TGV INOUI vers le Luxembourg TGV INOUI vers Fribourg Itinéraires populaires Train Paris Bordeaux Train Paris Marseille Train Bordeaux Paris Train Paris Lyon Train Paris Bruxelles Train Paris Strasbourg Train Paris Toulouse Train Toulouse Paris Train Lyon Paris Train Paris Amsterdam Train Paris Lille Train Nantes Paris Train Paris Genève Train Paris Barcelone Train Paris Nantes Trajets Transporteurs TGV INOUI Lille-Paris TGV INOUI Lyon-Paris TGV INOUI Paris-Nice TGV INOUI Marseille-Paris TGV INOUI Paris-Nantes OUIGO Fleury-les-Aubrais-Paris OUIGO Paris-Fleury-les-Aubrais OUIGO Rennes-Paris OUIGO Marseille-Lyon OUIGO Nantes-Paris TER Paris-Trouville Deauville TER Trouville Deauville-Paris TER Paris-Le Mans TER Le Mans-Paris TER Nice-Cannes : horaires et billets Top destinations Train France Train Paris Train Lyon Train Bordeaux Train Strasbourg Train Nantes Train Marseille Train Lille Train Marne-la-Vallée Chessy (Disneyland® Paris) Train Amsterdam Train Londres Train Barcelone Train Rennes Train Italie Train Suisse Nos applications mobiles","Prenez le train de nuit pour l'Autriche et réveillez-vous à Vienne
Réserver un billet de train
Sommaire
La ligne de train de nuit Paris-Vienne
Quelle formule choisir pour votre voyage en train de nuit ?
Version petit budget
Voyage en famille
Escapade romantique
Les horaires du train de nuit Paris-Vienne
Que faire et voir à Vienne ?"
rotterdam,"- Découvrez Rotterdam : entre architecture et culture sur les rives de la Meuse
- Explorez Rotterdam : guide touristique complet pour une escapade inoubliable
- Rotterdam incontournable : top 10 des lieux à ne pas manquer sur holland.com",2017 nl (172) modifier modifier (126) modifier code (126) lire ligne (121) septembre 2017 (101) octobre 2017 (85) e siècle (57) a b (43) novembre 2017 (42) nouvelle meuse (40)catégorie voir (15) plus dinfos (15) iris van (14) van den (14) den broek (14) voir site (14) broek catégorie (10) ville meuse (5) dinfos enrotterdaminfo (5) faire vélo (4)tgv inoui (12) train paris (12) sncf connect (9) paris train (6) cartes abonnements (5) inoui vers (5) top 10 (4) 10 incontournables (4) marché couvert (4) pont erasme (4)bien 1 (8) hoek van (6) van holland (6) étoiles excellent (6) grandes villes (5) grand port (5) où lon (4) rotterdam centrum (4) airways bien (4) airlines bien (4),modifier modifier code (126) septembre 2017 nl (63) octobre 2017 nl (58) p lire ligne (38) lire ligne pdf (34) lire ligne consulté (33) novembre 2017 nl (28) 2017 a b (26) a b nl (24) consulté 23 septembre (22)iris van den (14) van den broek (14) catégorie voir site (14) den broek catégorie (10) broek catégorie voir (10) plus dinfos enrotterdaminfo (5) paysbas 7 histoires (3) fenix food factory (3) dinfos enrotterdaminfo iris (3) enrotterdaminfo iris van (3)tgv inoui vers (5) top 10 incontournables (4) boijmans van beuningen (4) 10 incontournables rotterdam (3) maisons cubiques rotterdam (3) paquebot ss rotterdam (3) sncf connect tech (3) paris train paris (3) réserver billets train (2) compensation cas retard (2)hoek van holland (6) 4 étoiles excellent (4) guide touristique rotterdam (3) destination culturelle musées (3) 1 prendre bouffée (3) prendre bouffée dair (3) bouffée dair frais (3) dair frais jardin (3) frais jardin botanique (3) jardin botanique trompenburg (3),rotterdam (0.61) 2017 (0.34) nl (0.32) consulté (0.29) modifier (0.26) ville (0.19) van (0.17) site (0.16) port (0.16) ligne (0.14) code (0.13) lire (0.12) septembre (0.11) octobre (0.10) pays (0.09) plus (0.09) bas (0.07) siècle (0.07) cr (0.07) novembre (0.06) in (0.06) meuse (0.06) 10 (0.06) place (0.06) depuis (0.06) centre (0.05) pdf (0.05) 11 (0.05) entre (0.05) nouvelle (0.05)rotterdam (0.49) plus (0.42) ville (0.31) pays (0.29) bas (0.27) van (0.24) catégorie (0.19) site (0.18) infos (0.17) voir (0.16) broek (0.15) den (0.15) iris (0.15) découvrir (0.11) retour (0.09) eau (0.08) nature (0.08) parc (0.08) découvrez (0.07) faire (0.07) meuse (0.07) nl (0.07) architecture (0.06) aussi (0.06) comme (0.06) delfshaven (0.06) grande (0.06) magnifique (0.06) quartier (0.06) vélo (0.06)train (0.51) rotterdam (0.44) paris (0.42) sncf (0.21) inoui (0.17) tgv (0.17) offres (0.16) connect (0.14) voyage (0.14) faire (0.13) plus (0.13) port (0.13) ter (0.13) billets (0.11) réserver (0.11) cartes (0.10) tour (0.10) carte (0.08) compte (0.08) france (0.08) informations (0.08) ouigo (0.08) réseau (0.08) services (0.08) tous (0.08) vers (0.08) ville (0.08) voyager (0.08) voyages (0.08) paiement (0.07)rotterdam (0.76) plus (0.27) avis (0.25) ville (0.20) bien (0.17) eur (0.15) pourrez (0.15) excellent (0.12) van (0.12) où (0.11) quartier (0.10) voiture (0.10) bus (0.09) gare (0.09) nord (0.09) port (0.09) guide (0.08) prendre (0.08) villes (0.08) centrale (0.07) centre (0.07) cette (0.07) encore (0.07) hôtel (0.07) voir (0.07) église (0.07) étoiles (0.07) grand (0.07) holland (0.07) si (0.07),Pas de fait important,"- Gentilé Rotterdamois Population 634 253 hab. (juillet 2017 [ CBS 1 ])
- Densité 1 986 hab./km² Population de l'agglomération 1 424 662 hab. (juillet 2017 [ CBS 2 ])
- La ville actuelle lui rend de multiples hommages : le pont Érasme, l'Université Érasme de Rotterdam, le Centre médical Érasme et la bibliothèque municipale.
- L'orchestre philharmonique de Rotterdam accueille environ 150 000 à 200 000 auditeurs par an.
- En 1953, une statue commémorative portant la devise « Sterker door strijd » est érigée dans le centre de Rotterdam.
- Rotterdam compte 14 arrondissements définis en 2014.
- Le port de Rotterdam s'étend sur une distance de 42 km, occupant une superficie de 12 643 ha de Rotterdam à l'embouchure de la mer du Nord (Maasvlakte I et II).
- En 2016, le port de Rotterdam est le premier port d'Europe, se plaçant au 9e rang mondial.
- L'orchestre philharmonique de Rotterdam se classe globalement au 72e rang des universités mondiales selon le Times Higher Education World University Rankings, année 2018.
- Le centre médical Érasme accueille environ 28 000 étudiants et 3 600 employés en 2016.
- Le réseau cyclable de la ville est complété par 8 500 emplacements pour des vélos.
- La place d'eau Bellamyplein peut recueillir 1,7 million de litres d'eau lors de fortes précipitations.
- En 2017, le zoo de Rotterdam a attiré 1,130 000 visiteurs.
- La station métropolitaine de Rotterdam-Central traite 105 000 navires sur les eaux intérieures chaque année.
- En novembre 2017, Rotterdam a accompli plus de 52 000 arrêts lors des Razzia de Rotterdam.
- En 2015, la construction du Willemsbrug facilite la première liaison nord-sud.",rotterdam,"Top 10 des incontournables de Rotterdam - SNCF Connect Aller au contenu principal Voyager Voyager Voyager Fermer Tout pour voyager Réserver Réserver Billets de train Voyages en bus Trajets en covoiturage Location de voiture Hôtels Bons plans Bons plans Voyages en groupe Voyages pro Enfant voyageant seul Informations Informations Horaires en gare Info trafic Handicap et accessibilité Tous les transporteurs Tous les services Nos réponses à vos questions Guide de voyage Guide de voyage Où voyager en France, en Europe Voyager selon vos envies Billets Billets Billets Fermer Voir vos billets et titres Vos voyages Vos voyages Tous vos voyages Importer un voyage Compensation en cas de retard Faire une réclamation Modifier un voyage Assurance Allianz Vos cartes et abonnements Vos cartes et abonnements Importer une carte ou abonnement Acheter une carte ou abonnement Compléter votre voyage Compléter votre voyage Louer une voiture Réserver un hôtel Transports urbains Restauration à bord TGV INOUI Restauration à bord INTERCITES Tous les services Offres Offres Offres Fermer Parcourir toutes les offres Cartes et abonnements SNCF Cartes et abonnements SNCF Carte Avantage Jeune Carte Avantage Adulte Carte Avantage Senior Carte Liberté Abonnement MAX ACTIF Abonnement MAX JEUNE Toutes les cartes et abonnements Offres régionales Offres régionales TER Auvergne-Rhône-Alpes TER Hauts de France LiO Train Occitanie TER Nouvelle-Aquitaine Titres Île-de-France Mobilités Consulter les offres régionales Offres urbaines Offres urbaines Avignon – Réseau Orizo Caen – Réseau Twisto Montbéliard – Réseau évolitY Perpignan – Réseau Sankéo Sophia Antipolis – Réseau Envibus Tours – Réseau Fil Bleu Consulter les offres urbaines Services Services Louer une voiture Réserver un hôtel Réserver un Taxi/VTC Assurer votre voyage Livraison de bagages Transport de véhicules Restauration à bord Domicile + Train Tous les services Compte Compte Compte Fermer Accéder à votre compte Vos espaces Vos espaces Se connecter Se créer un compte Espace MAX JEUNE Espace MAX SENIOR Communauté SNCF Connect Vos informations Vos informations Vos informations personnelles Cartes et programmes de fidélité Vos achats Vos moyens de paiement Compagnons de voyage Aide et légal Aide et légal Charte de confidentialité Conditions générales d'utilisation Compensation en cas de retard Aide en ligne Contacts Top 10 des incontournables de Rotterdam Accueil A voir, à faire Top 10 des incontournables de Rotterdam Visiter Rotterdam, c’est s’offrir un véritable bain de culture et d’architecture. Le temps d’un week-end, seul, en couple, en famille ou entre amis, ne manquez pas de découvrir la deuxième ville des Pays-Bas. >> Réserver vos billets de train pour Rotterdam Réserver un billet de train Réserver un billet de train Rechercher Annuler Top 10 des incontournables à faire à Rotterdam Monter au sommet de la plus haute tour des Pays-bas Faire une croisière dans le premier port d’Europe Flâner dans le quartier typiquement hollandais de Delfshaven Visiter les célèbres maisons cubiques de Rotterdam Se régaler dans le marché couvert Markhal Traverser le Pont Erasme Faire du shopping dans la rue branchée de Witte de Withkwartier S’extasier devant les oeuvres du Museum Boijmans Van Beuningen Faire la fête jusqu’au petit matin Passer une nuit sur le paquebot SS Rotterdam tour euromat  - © SBWorldphotography 1. Monter au sommet de la plus haute tour de Rotterdam Être au septième ciel… dès votre arrivée à Rotterdam ! La tour Euromast culmine à 185 mètres de haut et offre une vue à 360 degrés sur la ville, le port et quelques bijoux d’architecture moderne.  Vous pourrez rejoindre le sommet de la tour Euromast en empruntant un ascenseur en verre. Si Amsterdam est connue pour ses canaux, Rotterdam est réputée pour ses gratte-ciel aux formes les plus folles. Pour les plus téméraires, sachez qu’il est possible de redescendre du sommet de la tour… en rappel ! Tour Euromast : Parkhaven 20-3016 GM-Rotterdam Port de Rotterdam  - © Sjo 2. Faire une croisière dans le premier port d’Europe Découvrez l'un des ports les plus innovants et l'un des plus grands au monde lors d'une croisière urbaine à Rotterdam de 75mn, découvrez les coulisses : ses docks, ses cargos, ses grues, ses containers, le mastodonte se dévoile sous vos yeux au fil de l’eau. Impressionnant… surtout quand on sait que 420 millions de tonnes de marchandises, 35 000 cargos et 133 000 navires fluviaux transitent ici chaque année. port de Delfshaven  - © mihaiulia 3. Flâner dans le quartier typiquement hollandais de Delfshaven Situé au sud-ouest du centre ville, un quartier épargné lors de la Seconde Guerre Mondiale, Rotterdam a été presque entièrement détruite. Seul le petit port de Delfshaven demeure ainsi le seul témoin du Rotterdam d’autrefois. Ce port autrefois rattaché à la ville de Delft (son nom signifie Port de Delft) est apprécié pour le charme de son bassin, le Voorhaven, bordé d’entrepôts et de vieilles bâtisses Ses maisons en brique, son moulin à vent, ses canaux et ses ponts vous offrent un voyage dans le temps dans cette ville résolument tournée vers l’avenir ! Maison cubique de Rotterdam vue du dessous - © eyewave 4. Visiter les célèbres maisons cubiques de Rotterdam Tout droit sorties de l’imaginaire de l’architecte Piet Blom à la fin des années 1970, les maisons cubiques de Rotterdam sont inclinées à 45 degrés et s'imbriquent pour former une drôle de forêt urbaine. Elles ont été conçues de façon asymétrique pour ressembler à une forêt abstraite, chaque toit triangulaire représentant un arbre. Quelques petits chanceux vivent dans ces nids douillets perchés au-dessus des passants… Et heureusement, l’une d’entre elles se visite ! La maison Kijk-Kubus : Overblaak 70- 3011 MH Rotterdam Marché Rotterdam  - © kievith 2 5. Se régaler dans le marché couvert Markthal Quand l’architecture se met au service de la bonne gastronomie (ou le contraire)… Situé juste en face des maison cubiques, le Markhal de Rotterdam est un chef d’oeuvre architectural qui abrite le plus grand marché couvert des Pays-Bas. Un régal pour les papilles et les pupilles ! L’endroit parfait pour tester toutes les spécialités locales. Du hareng frais, ça vous tente ? Le marché couvert: Ds. Jan Scharpstraat 298- 3011GZ Rotterdam pont erasme  - © RudyBalasko 6. Traverser le Pont Erasme C'est un lieu emblématique de Rotterdam, le Pont Erasme est surnommé le cygne. Construit en 1996 ce superbe pont à haubans surplombe la Meuse. Il est impressionnant avec ses 808 mètres de long et ses 139 mètres de haut. Chaque année il est traversé par des coureurs lors du marathon de Rotterdam, et utilisé lors de la fête nationale pour le feu d’artifice. Vous pourrez l’emprunter à vélo, évidemment ! Boutique shopping magasin - © AJ_Watt 7. Faire du shopping dans la rue branchée Witte de Withkwartier La rue Witte de Withkwartier , c’est « the place to be » pour les fashionistas… et pour les autres ! Ses boutiques, ses restaurants, ses galeries d’art, ses cafés en font un endroit très prisé. Le tout dans une ambiance jeune et cosmopolite. Musée boijman Rotterdam - © Olivier DJIANN 8. S’extasier devant les oeuvres du musée Boijmans Van Beuningen Un peu de culture, ça ne fait pas de mal… surtout quand il s’agit de visiter le prestigieux Museum Boijmans Van Beuningen ! Rembrandt, Van Gogh, Courbet, Picasso, Magritte, les oeuvres des plus grands artistes sont exposées dans ce temple de l’art occidental. Musée Boijmans Van Beuningen : Museumpark 18-20 -3015 CX Rotterdam Festival - © istock_PeopleImages 9. Faire la fête jusqu’au petit matin Rotterdam, c’est LA destination clubbing ! Berceau de la musique house aux Pays-Bas, la ville regorge de clubs et de bonnes soirées. Ambiance chic ou underground, à vous de choisir, il y en a pour tous les goûts, de l’apéro… jusqu’à l’aube ! Paquebot le SS Rotterdam - © ilya131266 10. Passer une nuit sur le paquebot SS Rotterdam Dormir dans le plus grand paquebot jamais construit sur le sol hollandais… en voilà une bonne idée ! Long de 238m, ce célèbre bateau traversait l’Atlantique avec à son bord près de 1500 passages. Il fut mit en service en 1959 puis consacré aux croisières et depuis février 2010 il est devenu un musée et hôtel flottant. Le SS Rotterdam vous accueille aujourd’hui dans le port du même nom pour une visite guidée, un verre ou même une nuit dans l’une de ses cabines (rénovées). Cet article vous a plu ? Partagez-le ! Facebook WhatsApp X, formerly Twitter Pinterest Mail Philippe  Trzebiatowski Journaliste et blogueur 29/09/2023 Nos engagements Meilleurs prix garantis Paiement sécurisé Contact 7j/7 Service client de l'année 2025 Moyens de paiement Infos et conditions Paiement en Chèque-Vacances Connect Infos et conditions de paiement avec les cartes Ayvens, Betterway, Pluxee ou RoadMate Choix du pays Langue France Langue Belgique België Belgium Deutschland España France Italia Luxembourg Nederland Suisse Schweiz Switzerland Other regions and countries Nos partenaires Inscrivez-vous à notre newsletter et profitez des meilleurs bons plans Suivez-nous ! L'entreprise Conditions de présentation des offres sur le site Conditions générales de vente Droits des voyageurs ferroviaires et Règlement européen n°2021/782 Informations légales Charte de confidentialité et cookies Gestion des cookies Partenariat Régie publicitaire Devenir partenaire ou affilié Widget SNCF Connect Sites du groupe Site SNCF Connect & Tech Espace Presse SNCF Connect & Tech Carrières SNCF Connect & Tech Le compte des agents SNCF Groupe-sncf.com Emploi Groupe SNCF Vous informer Aide Contactez-nous Vos billets Communauté SNCF Connect Plan du site SNCF Connect Guide du voyageur Franchissement frontière Handicap & mobilité réduite Accessibilité numérique : conformité partielle Préparez votre voyage sur SNCF Connect Tout savoir sur le service d'assistance en gare Les autres services d'assistance en Europe Transporteurs TGV INOUI OUIGO TER BlaBlaCar Bus FlixBus BlaBlaCar INTERCITÉS LYRIA EUROSTAR TGV INOUI vers Bruxelles DB SNCF Voyageurs en coopération TGV INOUI vers l'Espagne TGV INOUI vers l'Italie TGV INOUI vers le Luxembourg TGV INOUI vers Fribourg Itinéraires populaires Train Paris Bordeaux Train Paris Marseille Train Bordeaux Paris Train Paris Lyon Train Paris Bruxelles Train Paris Strasbourg Train Paris Toulouse Train Toulouse Paris Train Lyon Paris Train Paris Amsterdam Train Paris Lille Train Nantes Paris Train Paris Genève Train Paris Barcelone Train Paris Nantes Trajets Transporteurs TGV INOUI Lille-Paris TGV INOUI Lyon-Paris TGV INOUI Paris-Nice TGV INOUI Marseille-Paris TGV INOUI Paris-Nantes OUIGO Fleury-les-Aubrais-Paris OUIGO Paris-Fleury-les-Aubrais OUIGO Rennes-Paris OUIGO Marseille-Lyon OUIGO Nantes-Paris TER Paris-Trouville Deauville TER Trouville Deauville-Paris TER Paris-Le Mans TER Le Mans-Paris TER Nice-Cannes : horaires et billets Top destinations Train France Train Paris Train Lyon Train Bordeaux Train Strasbourg Train Nantes Train Marseille Train Lille Train Marne-la-Vallée Chessy (Disneyland® Paris) Train Amsterdam Train Londres Train Barcelone Train Rennes Train Italie Train Suisse Nos applications mobiles","Top 10 des incontournables de Rotterdam
Réserver un billet de train
Top 10 des incontournables à faire à Rotterdam
1. Monter au sommet de la plus haute tour de Rotterdam
2. Faire une croisière dans le premier port d’Europe
3. Flâner dans le quartier typiquement hollandais de Delfshaven
4. Visiter les célèbres maisons cubiques de Rotterdam
5. Se régaler dans le marché couvert Markthal
6. Traverser le Pont Erasme
7. Faire du shopping dans la rue branchée Witte de Withkwartier
8. S’extasier devant les oeuvres du musée Boijmans Van Beuningen
9. Faire la fête jusqu’au petit matin
10. Passer une nuit sur le paquebot SS Rotterdam"
,"- ""Guide complet des meilleurs restaurants de la ville""
- ""Découvrez les attractions touristiques incontournables""
- ""Conseils pratiques pour un séjour réussi""",,,,Pas de fait important,- Pas de chiffres importants,,,
marche de noel belgique,"- Marchés de Noël en Belgique : Top 10 des destinations incontournables
- Découvrez les plus beaux marchés de Noël en Belgique en 2024
- Guide complet des marchés de Noël et spectacles lumineux en Belgique",marché noël (19) tgv inoui (12) train paris (12) sncf connect (10) noël belgique (6) paris train (6) marchés noël (5) cartes abonnements (5) inoui vers (5) plus beaux (4)marché noël (48) marchés noël (15) noël belgique (12) error check_circle (9) star_rate star_rate (9) village noël (8) noël liège (8) père noël (8) winterland hasselt (8) pull moche (7)janvier 2025 (18) marché noël (15) 5 janvier (15) novembre 2024 (11) décembre 2024 (11) guide dachat (9) tous articles (8) 2024 5 (8) articles autour (7) 29 novembre (7)marché noël (95) marchés noël (51) noël belgique (22) noël bruxelles (10) immanquables marché (10) résumé dates (10) dates douverture (10) douverture 2024 (10) nombre marchés (10) a adoré (10),tgv inoui vers (5) plus beaux marchés (4) beaux marchés noël (4) marchés noël belgique (4) marché noël bruxelles (3) marché noël liège (3) marché noël gand (3) dates 24 novembre (3) 24 novembre 2023 (3) sncf connect tech (3)marchés noël belgique (8) star_rate star_rate star_rate (8) pull moche noël (7) fêtes fin dannée (6) village noël liège (6) date horaires 2024 (5) piste patin roulettes (4) marché noël danvers (4) marché noël bruges (4) place simon stevin (4)5 janvier 2025 (15) 2024 5 janvier (8) tous articles autour (7) novembre 2024 5 (6) 29 novembre 2024 (5) acheter vendre essais (4) décembre 5 janvier (4) 27 plus beaux (3) plus beaux marchés (3) beaux marchés noël (3)marchés noël belgique (19) marché noël bruxelles (10) immanquables marché noël (10) résumé dates douverture (10) dates douverture 2024 (10) nombre marchés noël (10) savoir plus site (10) marché noël bruges (9) 10 marchés noël (8) plus beaux marchés (7),train (0.49) paris (0.40) noël (0.39) marché (0.28) sncf (0.22) bruxelles (0.20) inoui (0.16) tgv (0.16) connect (0.15) offres (0.15) belgique (0.12) ter (0.12) voyage (0.12) 2023 (0.11) place (0.11) plus (0.11) billets (0.09) cartes (0.09) décembre (0.09) réserver (0.09) voyager (0.09) compte (0.08) france (0.08) informations (0.08) liège (0.08) nantes (0.08) réseau (0.08) services (0.08) tous (0.08) voyages (0.08)noël (0.79) marché (0.37) plus (0.21) ville (0.15) belgique (0.13) marchés (0.11) 2024 (0.10) liège (0.10) année (0.10) magie (0.10) fêtes (0.09) hasselt (0.09) décorations (0.08) festive (0.08) gand (0.08) grand (0.08) place (0.08) unique (0.07) durbuy (0.07) décembre (0.07) expérience (0.07) offre (0.07) piste (0.07) village (0.07) également (0.07) grande (0.06) pull (0.06) star_rate (0.06) error (0.05) fin (0.05)noël (0.43) vélo (0.31) 2024 (0.28) touring (0.28) 2025 (0.24) décembre (0.20) janvier (0.20) marché (0.19) plus (0.19) hiver (0.17) novembre (0.17) voiture (0.17) achat (0.14) articles (0.14) belgique (0.14) ville (0.14) dépannage (0.12) place (0.12) voyage (0.12) assistance (0.11) assurance (0.11) bruxelles (0.11) fr (0.11) guide (0.11) lumineux (0.11) panne (0.11) tous (0.11) camping (0.10) conseils (0.10) nouveau (0.10)noël (0.74) marché (0.47) marchés (0.26) plus (0.22) belgique (0.13) place (0.13) 2024 (0.11) ville (0.11) patinoire (0.07) bruges (0.07) bruxelles (0.06) chalets (0.05) résumé (0.05) 10 (0.04) adoré (0.04) ambiance (0.04) dates (0.04) grande (0.04) immanquables (0.04) nombre (0.04) ouverture (0.04) pourrez (0.04) savoir (0.04) site (0.04) novembre (0.04) cadeaux (0.04) liège (0.04) namur (0.04) si (0.04) spécialités (0.04),"- Ajouter des informations sur les traditions spécifiques des marchés de Noël en Belgique, telles que les chants et danses folkloriques.
- Inclure des conseils pratiques pour visiter les marchés, comme les meilleures heures pour éviter la foule et les options de transport public disponibles.
- Présenter les spécialités culinaires locales à déguster dans chaque marché, telles que les gaufres de Liège ou le vin chaud.
- Ajouter des détails sur les animations culturelles et artistiques uniques offertes dans chaque marché de Noël.
- Suggérer des activités complémentaires à proximité des marchés, comme des visites de sites historiques ou de musées.","- Élu troisième meilleur marché de Noël d’Europe en 2022 par l’association « Best European Destination ».
- Vous pourrez y voir 2,5 kms d'échoppes, de la Grand-Place au Marché aux Poissons, pour plus de 250 chalets et des animations pour petits et grands !
- Dates : du 24 novembre 2023 au 31 décembre 2023
- La Christmas Run, une course de 5 ou 10km dans Bruges illuminée
- Dates : du 24 novembre 2023 au 7 janvier 2024
- Le Village de Noël de Liège accueille les plus réputés artisans wallons et français, ainsi que de nombreuses attractions pour petits et grands !
- Flânez entre les 150 chalets en bois
- La grande roue vous monte à 30m du sol à l'espace Tivoli
- Lieu : Place du Marché, 4000 Liège
- Dates : du 24 novembre 2023 au 30 décembre 2023
- Le marché de Noël de Gand Le centre-ville de Gand se transforme en un monde hivernal féerique
- Le Château des Comtes se transforme en un palais hivernal enchanté
- Dates : du 7 au 31 décembre 2023
- La patinoire couverte est installée au cœur du marché
- La scène Captivante du marché de Noël de Mons avec une piste de roller de 645m²
- Dates d'ouverture en 2024 : du 29 novembre au 5 janvier.
- Nombre de marchés de Noël : 8 marchés de Noël Place Sainte-Catherine Place de la Bourse Place de la Monnaie Place de Brouckère Tour Noire
- Date 2024 Du 29 novembre 2024 au 05 janvier 2025
- Nombre de chalets : 240 chalets aux offres envoûtantes sur un parcours de plus de 2,5 km
- Le marché de Noël de Bruxelles compte plus de 250 chalets
- Le marché de Noël de Liège dispose d'une patinoire de plus de 540m2
- Le marché de Noël d'Hasselt offre une patinoire couverte de plus de 1000m²
- La grande roue de 55 mètres à Anvers
- Le marché de Noël de Namur propose pas moins de 100 chalets
- Le marché de Noël de Gent accueillera plus de 150 chalets
- Le marché de Noël de Durbuy est ouvert du 22 novembre 2024 au 5 janvier 2025
- Winterlicht au musée en plein air de Bokrijk du 26 au 30 décembre 2024
- Le tunnel lumineux dans la rue Adolf Buyl à Ostende avec quelque 230 000 lumières LED
- Winterlicht propose cinq soirées magiques
- La patinoire de Koksijde-Oostduinkerke ouverte du 27 décembre au 4 janvier 2025
- Dragons of the North à Planckendael jusqu’au 5 janvier 2025
- Le parcours lumineux à Bruges du 22 novembre au 19 décembre 2024
- Le Bright Festival à Bruxelles se déroule du 13 au 16 février 2025",marche de noel belgique,"Les plus beaux marchés de Noël de Belgique - SNCF Connect Aller au contenu principal Voyager Voyager Voyager Fermer Tout pour voyager Réserver Réserver Billets de train Voyages en bus Trajets en covoiturage Location de voiture Hôtels Bons plans Bons plans Voyages en groupe Voyages pro Enfant voyageant seul Informations Informations Horaires en gare Info trafic Handicap et accessibilité Tous les transporteurs Tous les services Nos réponses à vos questions Guide de voyage Guide de voyage Où voyager en France, en Europe Voyager selon vos envies Billets Billets Billets Fermer Voir vos billets et titres Vos voyages Vos voyages Tous vos voyages Importer un voyage Compensation en cas de retard Faire une réclamation Modifier un voyage Assurance Allianz Vos cartes et abonnements Vos cartes et abonnements Importer une carte ou abonnement Acheter une carte ou abonnement Compléter votre voyage Compléter votre voyage Louer une voiture Réserver un hôtel Transports urbains Restauration à bord TGV INOUI Restauration à bord INTERCITES Tous les services Offres Offres Offres Fermer Parcourir toutes les offres Cartes et abonnements SNCF Cartes et abonnements SNCF Carte Avantage Jeune Carte Avantage Adulte Carte Avantage Senior Carte Liberté Abonnement MAX ACTIF Abonnement MAX JEUNE Toutes les cartes et abonnements Offres régionales Offres régionales TER Auvergne-Rhône-Alpes TER Hauts de France LiO Train Occitanie TER Nouvelle-Aquitaine Titres Île-de-France Mobilités Consulter les offres régionales Offres urbaines Offres urbaines Avignon – Réseau Orizo Caen – Réseau Twisto Montbéliard – Réseau évolitY Perpignan – Réseau Sankéo Sophia Antipolis – Réseau Envibus Tours – Réseau Fil Bleu Consulter les offres urbaines Services Services Louer une voiture Réserver un hôtel Réserver un Taxi/VTC Assurer votre voyage Livraison de bagages Transport de véhicules Restauration à bord Domicile + Train Tous les services Compte Compte Compte Fermer Accéder à votre compte Vos espaces Vos espaces Se connecter Se créer un compte Espace MAX JEUNE Espace MAX SENIOR Communauté SNCF Connect Vos informations Vos informations Vos informations personnelles Cartes et programmes de fidélité Vos achats Vos moyens de paiement Compagnons de voyage Aide et légal Aide et légal Charte de confidentialité Conditions générales d'utilisation Compensation en cas de retard Aide en ligne Contacts Les plus beaux marchés de Noël de Belgique Accueil A voir, à faire Bruxelles Les plus beaux marchés de Noël de Belgique Partez pour un citybreak en Belgique en décembre ! Bruxelles , Bruges , Anvers , Liège ou Gand s'animent et s'illuminent : visites culturelles, spécialités gastronomiques, bonnes adresses shopping... et bien sûr, les traditionnels marchés de Noël ! Réserver un billet de train Réserver un billet de train Rechercher Annuler Les plus beaux marchés de Noël en Belgique : Le marché de Noël de Bruxelles Le marché de Noël de Bruges Le marché de Noël de Liège Le marché de Noël de Gand Le marché de Noël d'Anvers Marché de Noël en Belgique - © iStock-Poike Le marché de Noël de Bruxelles É lu troisième meilleur marché de Noël d’Europe en 2022 par l’association « Best European Destination » . Vous pourrez y voir 2,5 kms d'échoppes, de la Grand-Place au Marché aux Poissons, pour plus de 250 chalets et des animations pour petits et grands ! Autour du marché de Noël de Bruxelles, de très nombreuses animations et spectacles sont prévus : son et lumière sur la Grand-Place et la Place de la Bourse , patinoire, grande roue, slalom, Ice Monster, manèges... Dates : du 24 novembre 2023 au 31 décembre 2023 Décoration de noel à bruges - © iStock-KavalenkavaVolha Le marché de Noël de Bruges À Bruges, le marché de Noël et sa patinoire accueilleront les visiteurs . La Christmas Run, une course de 5 ou 10km dans Bruges illuminée, ou enfin, la procession de Noël dans le coeur de la ville... Lieux : Place du Markt, place Simon Stevin. Dates : du 24 novembre 2023 au 7 janvier 2024 Marché de noël à Liège - © iStock-benkrut Le marché de Noël de Liège À Liege, se tient le plus grande et le plus ancien marché de Noël de Belgique. Le Village de Noël de Liège accueille les plus réputés artisans wallons et français, ainsi que de nombreuses attractions pour petits et grands !  Flânez entre les 150 chalets en bois et trouvez vos idées de cadeaux (bijoux, santons, jouets, articles à déposer au pied du sapin, déco de Noël). Les animations sont nombreuses : la patinoire est sur la place Cathédrale, la grande roue vous monte à 30m du sol à l'espace Tivoli, tous les jeudis des concerts et autres animations sont organisés auxquels vous assistez tout en dégustant les spécialités comme les massepains , salaisons , boudins, vin chaud... Lieu : Place du Marché, 4000 Liège Dates : du 24 novembre 2023 au 30 décembre 2023 Marché de Noël à Gand en Belgique - © iStock-prosiaczeq Le marché de Noël de Gand Le centre-ville de Gand se transforme en un monde hivernal féerique . Une piste de patins à roulette est installée dans le centre-ville et la grande roue vous offrira une vue imprenable sur la ville. Venez flâner entre les stands du marché de Noël : de la Sint-Baafsplein au Groentenmarkt , venez découvrir ce que proposent les artisans de Gand. Le Château des Comtes se transforme en un palais hivernal enchanté, rempli de lumière, de tables festives, de chants de Noël et de délicieux plats chauds... Ne manquez pas bien sûr le feu d’artifice du 31 décembre à Portus Ganda ! Lieux : De la Sint-Baafsplein à l’extrémité du Korenmarkt, en passant par le Botermarkt et le long de Klein Turkije. Dates : du 7 au 31 décembre 2023 Cathédrale d'Anvers à Noël - © iStock-benkrut Le marché de Noël d'Anvers C 'est l’Hiver à Anvers ! Sur la grand-place, vous retrouverez le marché de Noël et son ambiance authentique. Les sportifs feront un tour côté patinoire ou sur la piste de tubing de la Steenplein . Un feu d'artifice éclaire traditionnellement le ciel du 31 décembre . Lieux : Le Grote markt, l'Handschoenmarkt, le Steenplein, le Suikerrui et le Groenplats Dates : du 8 décembre 2023 au 7 janvier 2024 Cet article vous a plu ? Partagez-le ! Facebook WhatsApp X, formerly Twitter Pinterest Mail Marie Gustin Rédaction SNCF Connect 29/09/2023 Vous aimerez aussi Fermer Voir tout Des lieux gourmands insolites en Flandre Plaisirs d’Hiver à Bruxelles du 29 novembre 2024 au 5 janvier 2025 Les expositions du moment à Bruxelles Les incontournables de Bruxelles Où bruncher à Bruxelles ? Sur les traces de Tintin et Milou à Bruxelles Le top 5 des brocantes de Bruxelles 2 jours à Bruxelles avec 100 € en poche, c’est possible ? 5 spécialités gastronomiques belges à (re)découvrir La Flandre, destination idéale entre amis ! Plongez dans l'univers des Maîtres flamands Voyager en train entre Nantes et Bruxelles ! Nos engagements Meilleurs prix garantis Paiement sécurisé Contact 7j/7 Service client de l'année 2025 Moyens de paiement Infos et conditions Paiement en Chèque-Vacances Connect Infos et conditions de paiement avec les cartes Ayvens, Betterway, Pluxee ou RoadMate Choix du pays Langue France Langue Belgique België Belgium Deutschland España France Italia Luxembourg Nederland Suisse Schweiz Switzerland Other regions and countries Nos partenaires Inscrivez-vous à notre newsletter et profitez des meilleurs bons plans Suivez-nous ! L'entreprise Conditions de présentation des offres sur le site Conditions générales de vente Droits des voyageurs ferroviaires et Règlement européen n°2021/782 Informations légales Charte de confidentialité et cookies Gestion des cookies Partenariat Régie publicitaire Devenir partenaire ou affilié Widget SNCF Connect Sites du groupe Site SNCF Connect & Tech Espace Presse SNCF Connect & Tech Carrières SNCF Connect & Tech Le compte des agents SNCF Groupe-sncf.com Emploi Groupe SNCF Vous informer Aide Contactez-nous Vos billets Communauté SNCF Connect Plan du site SNCF Connect Guide du voyageur Franchissement frontière Handicap & mobilité réduite Accessibilité numérique : conformité partielle Préparez votre voyage sur SNCF Connect Tout savoir sur le service d'assistance en gare Les autres services d'assistance en Europe Transporteurs TGV INOUI OUIGO TER BlaBlaCar Bus FlixBus BlaBlaCar INTERCITÉS LYRIA EUROSTAR TGV INOUI vers Bruxelles DB SNCF Voyageurs en coopération TGV INOUI vers l'Espagne TGV INOUI vers l'Italie TGV INOUI vers le Luxembourg TGV INOUI vers Fribourg Itinéraires populaires Train Paris Bordeaux Train Paris Marseille Train Bordeaux Paris Train Paris Lyon Train Paris Bruxelles Train Paris Strasbourg Train Paris Toulouse Train Toulouse Paris Train Lyon Paris Train Paris Amsterdam Train Paris Lille Train Nantes Paris Train Paris Genève Train Paris Barcelone Train Paris Nantes Trajets Transporteurs TGV INOUI Lille-Paris TGV INOUI Lyon-Paris TGV INOUI Paris-Nice TGV INOUI Marseille-Paris TGV INOUI Paris-Nantes OUIGO Fleury-les-Aubrais-Paris OUIGO Paris-Fleury-les-Aubrais OUIGO Rennes-Paris OUIGO Marseille-Lyon OUIGO Nantes-Paris TER Paris-Trouville Deauville TER Trouville Deauville-Paris TER Paris-Le Mans TER Le Mans-Paris TER Nice-Cannes : horaires et billets Top destinations Train France Train Paris Train Lyon Train Bordeaux Train Strasbourg Train Nantes Train Marseille Train Lille Train Marne-la-Vallée Chessy (Disneyland® Paris) Train Amsterdam Train Londres Train Barcelone Train Rennes Train Italie Train Suisse Nos applications mobiles","Les plus beaux marchés de Noël de Belgique
Réserver un billet de train
Les plus beaux marchés de Noël en Belgique :
Le marché de Noël de Bruxelles
Le marché de Noël de Bruges
Le marché de Noël de Liège
Le marché de Noël de Gand
Le marché de Noël d'Anvers
Vous aimerez aussi"
break room,"- Salle de casse et défoulement : Réservez votre session à la BREAK ROOM Paris
- Préparez-vous à tout casser à la Break in Room 83 - Session de casse garantie !
- Découvrez la Rage Room Paris - Évasion garantie dans une salle de casse unique",salle casse (41) break room (13) avis salle (13) reserver salle (7) tout casser (6) savigny orge (4) salle défoulement (4) 10 20 (4) 20 minutes (4) minutes équipement (4)fury room (14) fury executive (3) boissons sans (3) sans alcool (3) 75002 paris (3) of page (2) exemple bouteilles (2) bouteilles verres (2) fonction formule (2) formule choisirez (2)breakin room (3) room 83 (3) accueil breakin (2) breakin chef (2) chef formules (2) formules bon (2) bon cadeau (2) cadeau contact (2) contact faq (2) faq cgv (2)breakroom accueil (3) accueil avis (3) avis formules (3) formules cadeau (3) cadeau securite (3) securite contact (3) contact panier (3) panier reserver (3) salle casse (2) reserver breakroom (2)rage room (12) escape game (10) room paris (7) game paris (7) rage rooms (7) salles casse (6) fury room (6) paris escape (5) break room (4) paris city (4),avis salle casse (13) reserver salle casse (7) 10 20 minutes (4) 20 minutes équipement (4) minutes équipement protection (4) équipement protection materiel (4) protection materiel a (4) materiel a casser (4) a casser vaisselles (4) casser vaisselles bouteilles (4)boissons sans alcool (3) exemple bouteilles verres (2) fonction formule choisirez (2) fury room paris (1) room paris france (1) paris france fury (1) france fury room (1) fury room top (1) room top of (1) top of page (1)breakin room 83 (2) accueil breakin chef (2) breakin chef formules (2) chef formules bon (2) formules bon cadeau (2) bon cadeau contact (2) cadeau contact faq (2) contact faq cgv (2) room 83 break (1) 83 break in (1)breakroom accueil avis (3) accueil avis formules (3) avis formules cadeau (3) formules cadeau securite (3) cadeau securite contact (3) securite contact panier (3) contact panier reserver (3) panier reserver breakroom (2) reserver breakroom accueil (2) breakroom réservation salle (1)rage room paris (6) escape game paris (5) paris escape game (5) paris city game (4) game paris escape (3) brisant divers objets (3) room paris guide (2) paris guide salles (2) guide salles casse (2) salles casse paris (2),salle (0.57) casse (0.52) casser (0.25) tout (0.23) avis (0.19) très (0.19) break (0.13) défouloir (0.13) moment (0.13) room (0.13) cadeau (0.12) expérience (0.12) bien (0.11) plus (0.11) accueil (0.10) défouler (0.10) reserver (0.10) défoulement (0.09) objets (0.08) activité (0.07) fait (0.07) ça (0.07) bouteilles (0.06) breakroom (0.06) formule (0.06) peut (0.06) plusieurs (0.06) sécurité (0.06) vaisselles (0.06) besoin (0.05)fury (0.57) room (0.48) personnes (0.21) formule (0.18) formules (0.18) session (0.18) boissons (0.15) paris (0.15) personne (0.15) 25 (0.12) défouler (0.12) franchise (0.12) jusqu (0.12) nombre (0.12) objets (0.12) participant (0.12) peut (0.12) quelles (0.12) reserver (0.12) sans (0.12) sûr (0.12) tout (0.12) alcool (0.09) ans (0.09) avant (0.09) combien (0.09) pers (0.09) rue (0.09) ttc (0.09) être (0.09)break (0.42) in (0.42) fours (0.28) room (0.28) six (0.28) 83 (0.21) faq (0.21) formules (0.21) plages (0.21) 20h (0.14) accueil (0.14) bon (0.14) cadeau (0.14) casser (0.14) cgv (0.14) chef (0.14) conditions (0.14) contact (0.14) défouler (0.14) nerfs (0.07) permet (0.07) petit (0.07) place (0.07) plan (0.07) plusieurs (0.07) politique (0.07) seul (0.07) vendredi (0.07) venez (0.07) électroménager (0.07)très (0.34) accueil (0.27) avis (0.27) breakroom (0.27) cadeau (0.27) salle (0.27) site (0.27) casse (0.20) contact (0.20) expérience (0.20) formules (0.20) panier (0.20) reserver (0.20) securite (0.20) garanti (0.13) moment (0.13) plus (0.13) pression (0.13) rire (0.13) réservation (0.13) top (0.13) outils (0.07) parce (0.07) peut (0.07) rapidement (0.07) room (0.07) samedi (0.07) satisfait (0.07) selon (0.07) si (0.07)paris (0.73) room (0.31) rage (0.29) game (0.21) expérience (0.17) plus (0.17) salles (0.15) casse (0.13) escape (0.13) activité (0.11) défouler (0.11) tout (0.11) objets (0.09) pouvez (0.09) rooms (0.09) fury (0.08) salle (0.08) stress (0.08) casser (0.07) mail (0.07) sécurité (0.07) tous (0.07) unique (0.07) capitale (0.05) chaque (0.05) city (0.05) deux (0.05) faire (0.05) immersive (0.05) libérer (0.05),"- Les break rooms, aussi appelées salles de casse ou rage rooms, sont des espaces où l'on peut se défouler en brisant des objets en toute sécurité.
- Les participants portent un équipement de protection complet pour assurer leur sécurité pendant l'activité.
- On peut y casser divers objets tels que vaisselle, bouteilles, appareils électroniques hors d'usage et meubles.
- Cette activité convient pour se libérer du stress, célébrer un événement ou simplement s'amuser entre amis ou en famille.
- Les break rooms favorisent le recyclage en utilisant des objets destinés à la déchetterie et en recyclant les débris après les sessions.","- ""La Break Room est votre défouloir à Savigny sur Orge dans le 91 Essonne.""
- ""Formule 1 $ dès 29 € prix par personne 1 personne 10 – 20 minutes équipement de protection materiel à casser + Vaisselles & bouteilles""
- ""Formule 2 $ dès 54 € prix pour le groupe 1 à 2 personnes 10 – 20 minutes équipement de protection materiel à casser ++ Vaisselles & bouteilles + | petit électro | multimédia""
- ""Formule 3 $ dès 74 € prix pour le groupe 1 à 3 personnes 10 – 20 minutes équipement de protection materiel à casser +++ Vaisselles & bouteilles ++ | petit électro + | multimédia +""
- ""Formule 4 $ dès 100 € prix pour le groupe 1 à 4 personnes 10 – 20 minutes équipement de protection materiel à casser ++++ Vaisselles & bouteilles +++ | petit électro ++ | multimédia ++""
- ""Salle de casse 95 bld. Aristide Briand 91600 Savigny sur Orge 01 69 06 20 92""
- ""Horaires Lundi au Samedi De 11h a 21h""
- ""Les formules indiquent le nombre de participant maximum, en cas de Fury avéré privilégiez une formule supérieure au nombre de participants.""
- ""HOUSEBREAKER 1-4""
- ""MADHOUSE 1-4""
- ""FURY KIDS 2-6""
- ""25 € - 100 €""
- ""40 € - 140 €""
- ""25 € / pers""
- ""35€ TTC / personne""
- ""Vous devez avoir plus de 12 ans.""
- ""Entre 5 à 25 au sein même de la boutique Fury Room et de 26 à 100 personnes (au central)""
- ""Un rdv type : votre session commence à 15h15 : 15h-15h15 : Tenue de combat et explications des règles du jeu 15h15-15h25 : Destruction de votre Room 15h35-15h45 : Dépôt des armes, restitution de la tenue de combat, repos du Guerrier Fin de votre Session""
- ""2742 avenue John Kennedy 83140 SIX-FOURS-LES-PLAGES Tel : 06 87 95 10 47""
- ""lundi et mardi : fermé mercredi au vendredi : 14h-20h samedi et dimanche : 11h-20h""
- ""Tarifs: 35€ les 20mn Ouvert tous les jours""
- ""40€ les 20mn Ouvert du mardi au dimanche""
- ""Vous devez avoir plus de 12 ans. Si vous avez entre 12 et 18 ans, il vous faudra être accompagné d'un tuteur légal ou d'une autorisation signée et d'une photocopie de la pièce d'identité du tuteur et du participant.""
- ""Mardi au Vendredi : 16h00 à 23h00 Samedi : 10h00 à 23h00 Dimanche : 10h00 à 18h00""",break room,"Les endroits où tout casser pour décompresser en France - SNCF Connect Aller au contenu principal Voyager Voyager Voyager Fermer Tout pour voyager Réserver Réserver Billets de train Voyages en bus Trajets en covoiturage Location de voiture Hôtels Bons plans Bons plans Voyages en groupe Voyages pro Enfant voyageant seul Informations Informations Horaires en gare Info trafic Handicap et accessibilité Tous les transporteurs Tous les services Nos réponses à vos questions Guide de voyage Guide de voyage Où voyager en France, en Europe Voyager selon vos envies Billets Billets Billets Fermer Voir vos billets et titres Vos voyages Vos voyages Tous vos voyages Importer un voyage Compensation en cas de retard Faire une réclamation Modifier un voyage Assurance Allianz Vos cartes et abonnements Vos cartes et abonnements Importer une carte ou abonnement Acheter une carte ou abonnement Compléter votre voyage Compléter votre voyage Louer une voiture Réserver un hôtel Transports urbains Restauration à bord TGV INOUI Restauration à bord INTERCITES Tous les services Offres Offres Offres Fermer Parcourir toutes les offres Cartes et abonnements SNCF Cartes et abonnements SNCF Carte Avantage Jeune Carte Avantage Adulte Carte Avantage Senior Carte Liberté Abonnement MAX ACTIF Abonnement MAX JEUNE Toutes les cartes et abonnements Offres régionales Offres régionales TER Auvergne-Rhône-Alpes TER Hauts de France LiO Train Occitanie TER Nouvelle-Aquitaine Titres Île-de-France Mobilités Consulter les offres régionales Offres urbaines Offres urbaines Avignon – Réseau Orizo Caen – Réseau Twisto Montbéliard – Réseau évolitY Perpignan – Réseau Sankéo Sophia Antipolis – Réseau Envibus Tours – Réseau Fil Bleu Consulter les offres urbaines Services Services Louer une voiture Réserver un hôtel Réserver un Taxi/VTC Assurer votre voyage Livraison de bagages Transport de véhicules Restauration à bord Domicile + Train Tous les services Compte Compte Compte Fermer Accéder à votre compte Vos espaces Vos espaces Se connecter Se créer un compte Espace MAX JEUNE Espace MAX SENIOR Communauté SNCF Connect Vos informations Vos informations Vos informations personnelles Cartes et programmes de fidélité Vos achats Vos moyens de paiement Compagnons de voyage Aide et légal Aide et légal Charte de confidentialité Conditions générales d'utilisation Compensation en cas de retard Aide en ligne Contacts Les endroits où tout casser pour décompresser en France Accueil A voir, à faire Insolite Les endroits où tout casser pour décompresser en France Le meilleur moyen d’évacuer votre stress et vos frustrations ? Tout casser dans un lieu prévu pour ! Videz-vous l’esprit en explosant tout ce qu’il y a autour de vous, c’est autorisé. Réserver un billet de train Réserver un billet de train Rechercher Annuler Il y a des jours comme ça où vous avez envie de tout casser, de vous transformer en Hulk et de vous défouler en balançant tout ce qui vous tombe sous la main. Mais vous êtes civilisé alors vous vous contrôlez... Ce temps est révolu ! Voici les endroits en France dans lesquels vous pouvez tout casser (ou presque) , sans avoir de problèmes. © iStock - Gregory_DUBUS À chaque ville, son défouloir : La Fury Room pour les Parisiens Le Défouloir pour les Lillois La destruction virtuelle pour les Montpeliérains Le lancé de haches pour les Bordelais © istock - south agency La Fury Room pour les Parisiens En termes d’atelier de démolition, la salle parisienne représente un peu la crème de la crème. Seul ou accompagné de une à trois personnes, vous pourrez vous défouler en détruisant des objets à la carte . Ça part de simples bouteilles en verre et de vaisselle pour aller jusqu’à des écrans, voire même des meubles pour les plus énervés ! >> Embarquez en train pour Paris Ce qui est drôle, c’est que dans la Fury Room, vous pouvez même emmener vos propres objets . Marre de voir cette lampe horrible offerte par votre belle-mère ? C’est le moment de l’embarquer pour la jeter contre les murs en toute sécurité. Et oui, pour commencer à détruire ce qui vous entoure, vous devrez être équipé d’une combinaison complète de protection et d’un casque. Se défouler, oui, mais dans les règles de l’art ! D’ailleurs, tout ce qui est cassé, est ensuite recyclé. >> Après vous être défoulé(e)s, vous pouvez aussi vous faire peur avec nos 5 lieux où se faire peur à Paris Fury Room 23 Rue Blondel 75002 Paris France 01 73 71 39 27 Horaire d'ouverture : de 16h à 23h du mardi au jeudi, de 14h à 23h le vendredi et de 10h à 23h le samedi © istock - simonkr Le Défouloir pour les Lillois Dans le nord de la France, c’est le Défouloir qui accueillera les plus énervés d’entre vous. Avec ses cinq salles de destruction et son espace détente , c’est un lieu plein de contrastes qui vous attend ! C’est l’endroit parfait pour venir décompresser après une journée de travail stressante. Batte à la main, vous taperez de toutes vos forces sur des objets dans le but ultime de les détruire ! >> Partez à Lille en train En partenariat avec une entreprise de recyclage, tout le lieu est conçu avec du matériel de récupération . Les objets détruits ne fonctionnent plus et ne demandent qu’à être cassés ! Alors pourquoi les priver de ce plaisir ? >> Après vous être défoulé, pourquoi ne pas vous régaler avec une des spécialités gourmandes de Lille ? Défouloir 108 Rue de Cambrai 59000 Lille France 09 83 74 05 64 Horaire d'ouverture : Ouvert de 14h à 21h du mardi au vendredi et de 11h à 21h le samedi © istock - george peters Le lancé de haches pour les Bordelais Bordeaux non plus ne possède pas encore sa Fury Room. Mais chez Les Frères Jacks, vous pourrez tout de même vous défouler en lançant des haches . Donnez toute la force que vous avez et prenez vous pour un vikings, la hache à la main ! >> Trouvez vos billets de train pour Bordeaux Si vous avez les nerfs en pelote ou que vous voulez simplement faire un team building amusant avec vos collègues , ce lieu est fait pour vous ! >> Outre le lancé de hache, découvrez les 11 choses à faire absolument à Bordeaux Les Frères Jacks 152 Avenue Jean Jaurès 33600 Pessac France Horaire d'ouverture : de 18h à 22h du mardi au jeudi, de 11h à 23h le samedi et de 14h à 21h le dimanche Cet article vous a plu ? Partagez-le ! Facebook WhatsApp X, formerly Twitter Pinterest Mail Romane Saget Journaliste 18/06/2021 Vous aimerez aussi Fermer Voir tout 10 idées insolites pour passer un Nouvel An 100 % original Astrotourisme : 5 spots de rêve en Europe pour observer les étoiles Top 5 des lieux insolites pour les groupes de plus de 10 personnes Paris au fil des arrondissements Top 10 des incontournables à faire en famille à Paris et aux alentours Un week-end à Paris en amoureux Paris : Les évènements à venir pour les 3 prochains mois Le musée Jacquemart-André L’Atelier des Lumières à Paris Nos engagements Meilleurs prix garantis Paiement sécurisé Contact 7j/7 Service client de l'année 2025 Moyens de paiement Infos et conditions Paiement en Chèque-Vacances Connect Infos et conditions de paiement avec les cartes Ayvens, Betterway, Pluxee ou RoadMate Choix du pays Langue France Langue Belgique België Belgium Deutschland España France Italia Luxembourg Nederland Suisse Schweiz Switzerland Other regions and countries Nos partenaires Inscrivez-vous à notre newsletter et profitez des meilleurs bons plans Suivez-nous ! L'entreprise Conditions de présentation des offres sur le site Conditions générales de vente Droits des voyageurs ferroviaires et Règlement européen n°2021/782 Informations légales Charte de confidentialité et cookies Gestion des cookies Partenariat Régie publicitaire Devenir partenaire ou affilié Widget SNCF Connect Sites du groupe Site SNCF Connect & Tech Espace Presse SNCF Connect & Tech Carrières SNCF Connect & Tech Le compte des agents SNCF Groupe-sncf.com Emploi Groupe SNCF Vous informer Aide Contactez-nous Vos billets Communauté SNCF Connect Plan du site SNCF Connect Guide du voyageur Franchissement frontière Handicap & mobilité réduite Accessibilité numérique : conformité partielle Préparez votre voyage sur SNCF Connect Tout savoir sur le service d'assistance en gare Les autres services d'assistance en Europe Transporteurs TGV INOUI OUIGO TER BlaBlaCar Bus FlixBus BlaBlaCar INTERCITÉS LYRIA EUROSTAR TGV INOUI vers Bruxelles DB SNCF Voyageurs en coopération TGV INOUI vers l'Espagne TGV INOUI vers l'Italie TGV INOUI vers le Luxembourg TGV INOUI vers Fribourg Itinéraires populaires Train Paris Bordeaux Train Paris Marseille Train Bordeaux Paris Train Paris Lyon Train Paris Bruxelles Train Paris Strasbourg Train Paris Toulouse Train Toulouse Paris Train Lyon Paris Train Paris Amsterdam Train Paris Lille Train Nantes Paris Train Paris Genève Train Paris Barcelone Train Paris Nantes Trajets Transporteurs TGV INOUI Lille-Paris TGV INOUI Lyon-Paris TGV INOUI Paris-Nice TGV INOUI Marseille-Paris TGV INOUI Paris-Nantes OUIGO Fleury-les-Aubrais-Paris OUIGO Paris-Fleury-les-Aubrais OUIGO Rennes-Paris OUIGO Marseille-Lyon OUIGO Nantes-Paris TER Paris-Trouville Deauville TER Trouville Deauville-Paris TER Paris-Le Mans TER Le Mans-Paris TER Nice-Cannes : horaires et billets Top destinations Train France Train Paris Train Lyon Train Bordeaux Train Strasbourg Train Nantes Train Marseille Train Lille Train Marne-la-Vallée Chessy (Disneyland® Paris) Train Amsterdam Train Londres Train Barcelone Train Rennes Train Italie Train Suisse Nos applications mobiles","Les endroits où tout casser pour décompresser en France
Réserver un billet de train
À chaque ville, son défouloir :
La Fury Room pour les Parisiens
Le Défouloir pour les Lillois
Le lancé de haches pour les Bordelais
Vous aimerez aussi"
stutgart,"- Découvrez les incontournables de Stuttgart : nature et culture à portée de main
- Stuttgart, destination idéale pour une escapade en Allemagne : à ne pas manquer
- Explorez Stuttgart : des trésors cachés à chaque coin de rue",modifier modifier (47) modifier code (47) page utilisant (21) e siècle (12) stuttgart a (12) afficher masquer (9) masquer soussection (9) stuttgart 21 (9) 000 habitants (8) ville stuttgart (7)apprendre plus (6) villes culture (4) of the (3) 48 heures (3) heures stuttgart (3) the website (2) cookies for (2) use our (2) in order (2) order to (2)tgv inoui (13) train paris (12) sncf connect (10) 05 dès (7) stuttgart photononstop (6) paris train (6) cartes abonnements (5) dès 1 (5) inoui vers (5) 5 bonnes (4)jardin botanique (11) chaque année (10) bien plus (9) kunstmuseum stuttgart (7) neckar park (7) visiteurs tous (7) château stuttgart (6) plein air (6) plus quun (6) quun simple (6),modifier modifier code (47) afficher masquer soussection (9) page pointant vers (7) projet stuttgart 21 (6) pointant vers bases (6) vers bases relatives (5) déplacer vers barre (4) vers barre latérale (4) barre latérale masquer (4) xix e siècle (4)48 heures stuttgart (3) in order to (2) français english deutsch (2) english deutsch français (2) deutsch français español (2) stuttgartmarketing gmbh smg (2) classée monument historique (2) stuttgart agréable nature (1) agréable nature germany (1) nature germany travel (1)05 dès 1 (5) tgv inoui vers (5) 5 bonnes raisons (4) bonnes raisons daller (3) raisons daller stuttgart (3) sncf connect tech (3) paris train paris (3) réserver billets train (2) compensation cas retard (2) louer voiture réserver (2)bien plus quun (6) plus quun simple (6) jardin botanique luniversité (5) botanique luniversité hohenheim (5) parc vallée neckar (4) musée maison porsche (4) visiteurs chaque année (4) visiteurs tous âges (4) stuttgart top 10 (3) stuttgart kunstmuseum stuttgart (3),stuttgart (0.79) modifier (0.34) ville (0.24) plus (0.19) code (0.19) allemagne (0.13) page (0.13) wurtemberg (0.12) allemand (0.08) utilisant (0.08) article (0.08) depuis (0.07) 000 (0.07) centre (0.07) sous (0.07) 21 (0.06) vers (0.06) 2009 (0.05) habitants (0.05) villes (0.05) autres (0.05) région (0.05) section (0.05) siècle (0.05) 11 (0.05) bade (0.05) comme (0.05) masquer (0.05) après (0.04) cette (0.04)stuttgart (0.60) plus (0.34) the (0.26) ville (0.23) villes (0.20) apprendre (0.17) in (0.17) musée (0.17) châteaux (0.14) cookies (0.14) for (0.14) of (0.14) bade (0.11) corbusier (0.11) culture (0.11) cœur (0.11) français (0.11) germany (0.11) marketing (0.11) nature (0.11) our (0.11) quartier (0.11) use (0.11) wurtemberg (0.11) you (0.11) gmbh (0.09) heures (0.09) pouvez (0.09) to (0.09) voyage (0.09)train (0.54) paris (0.46) stuttgart (0.30) sncf (0.24) offres (0.20) inoui (0.18) tgv (0.18) connect (0.15) musée (0.13) plus (0.13) ter (0.13) voyage (0.13) billets (0.11) château (0.11) réserver (0.11) 05 (0.10) cartes (0.10) conditions (0.10) dès (0.10) ville (0.10) aller (0.08) france (0.08) informations (0.08) ouigo (0.08) photononstop (0.08) réseau (0.08) services (0.08) voir (0.08) voyager (0.08) voyages (0.08)stuttgart (0.45) plus (0.39) visiteurs (0.37) musée (0.34) histoire (0.19) ville (0.16) château (0.15) offre (0.15) art (0.15) expérience (0.15) également (0.15) chaque (0.14) lieu (0.14) tous (0.13) botanique (0.12) jardin (0.12) porsche (0.12) année (0.11) neckar (0.11) expositions (0.10) offrant (0.10) événements (0.10) benz (0.09) bien (0.09) monde (0.09) parc (0.09) place (0.09) simple (0.09) travers (0.09) automobile (0.08),{Pas de fait important},"- ""Population 626 275 hab. [ 1 ] (2021)""
- ""Densité 3 020 hab./km 2""
- ""Superficie 20 736 ha = 207,36 km 2""
- ""48° 46′ 36″ nord, 9° 10′ 40″ est""
- ""En moyenne, Stuttgart bénéficie de 1 693 heures d'ensoleillement par an, de 665 mm de précipitations annuelles et d'une température sur l'année de 9,4 °C [ 12 ] .""
- ""Le mois le plus froid est janvier, avec une température moyenne de 0 °C .""
- ""Les étés ont une température moyenne de 20 °C durant les plus chauds mois de juillet et d'août.""
- ""Le centre de Stuttgart, appelé par les habitants locaux le « Kessel » (« la cuvette »), connaît plus de chaleur en été et moins de neige en hiver que les banlieues.""
- ""La ville couvre une superficie de 207 km 2 .""
- ""En 2008 , il y avait 590 720 habitants dans la ville [ 30 ] .""
- ""En 2000, 22,8 % de la population n'a pas la nationalité allemande, en 2006, ce nombre a chuté à 21,7 %.""
- ""Le taux de chômage dans la région de Stuttgart se situait à 3,8 %, soit 0,1 % de moins que le taux de Bade-Wurtemberg , qui était de 4,7 % en février 2009.""
- ""Le taux de chômage dans la ville de Stuttgart au cours de la même période s'élevait à 5,2 % et 6 % (novembre 2008 et février 2009 respectivement).""
- ""En 2003, 8 535 infractions ont été relevées à Stuttgart pour 100 000 habitants (la moyenne de toutes les villes allemandes étant de 12 751).""
- ""60 % des crimes de Stuttgart ont été résolus en 2003, se classant deuxième derrière Nuremberg.""
- ""Frank Nopper devient maire de Stuttgart le 29 novembre 2020 élu avec 42,3 % des voix.""
- ""La ville a accueilli de nombreux grands événements.""
- ""En 2007 , le bourgmestre a présenté Stuttgart aux investisseurs étrangers comme « la puissance créatrice de l'Allemagne ».""
- ""Le projet Stuttgart 21 a été approuvé en octobre 2007.""
- ""Le projet Stuttgart 21 a été achevé en 2022.""
- ""Le VfB Stuttgart a remporté le titre de Champion d'Allemagne en 1950, 1952, 1984, 1992 et 2007.""
- ""Chaque année, la fête de la bière de Stuttgart (Cannstatter Volksfest) attire plusieurs millions de visiteurs [ 39 ] .""
- ""L' aéroport de Stuttgart (STR) a accueilli 7,6 millions de passagers en 2003, 8,8 en 2004 et 9,6 en 2005.""
- ""La capacité de l'aéroport atteint les 12 millions de passagers.""
- ""Stuttgart-Mitte Stuttgart-Nord Stuttgart-Ost Stuttgart-Süd Stuttgart-West.""
- ""23 arrondissements municipaux dont 152 quartiers.""
- ""Le premier habitat connu de Stuttgart date de la fin du I er siècle.""
- ""Le primul habitat consta în „Hugo de Stuokarten”, confirmând existența orașului Stuttgart.""
- ""La maisonnée Wilhelma , construite en tant que palais royal (1853).""",stutgart,"5 bonnes raisons d'aller à Stuttgart - SNCF Connect Aller au contenu principal Voyager Voyager Voyager Fermer Tout pour voyager Réserver Réserver Billets de train Voyages en bus Trajets en covoiturage Location de voiture Hôtels Bons plans Bons plans Voyages en groupe Voyages pro Enfant voyageant seul Informations Informations Horaires en gare Info trafic Handicap et accessibilité Tous les transporteurs Tous les services Nos réponses à vos questions Guide de voyage Guide de voyage Où voyager en France, en Europe Voyager selon vos envies Billets Billets Billets Fermer Voir vos billets et titres Vos voyages Vos voyages Tous vos voyages Importer un voyage Compensation en cas de retard Faire une réclamation Modifier un voyage Assurance Allianz Vos cartes et abonnements Vos cartes et abonnements Importer une carte ou abonnement Acheter une carte ou abonnement Compléter votre voyage Compléter votre voyage Louer une voiture Réserver un hôtel Transports urbains Restauration à bord TGV INOUI Restauration à bord INTERCITES Tous les services Offres Offres Offres Fermer Parcourir toutes les offres Cartes et abonnements SNCF Cartes et abonnements SNCF Carte Avantage Jeune Carte Avantage Adulte Carte Avantage Senior Carte Liberté Abonnement MAX ACTIF Abonnement MAX JEUNE Toutes les cartes et abonnements Offres régionales Offres régionales TER Auvergne-Rhône-Alpes TER Hauts de France LiO Train Occitanie TER Nouvelle-Aquitaine Titres Île-de-France Mobilités Consulter les offres régionales Offres urbaines Offres urbaines Avignon – Réseau Orizo Caen – Réseau Twisto Montbéliard – Réseau évolitY Perpignan – Réseau Sankéo Sophia Antipolis – Réseau Envibus Tours – Réseau Fil Bleu Consulter les offres urbaines Services Services Louer une voiture Réserver un hôtel Réserver un Taxi/VTC Assurer votre voyage Livraison de bagages Transport de véhicules Restauration à bord Domicile + Train Tous les services Compte Compte Compte Fermer Accéder à votre compte Vos espaces Vos espaces Se connecter Se créer un compte Espace MAX JEUNE Espace MAX SENIOR Communauté SNCF Connect Vos informations Vos informations Vos informations personnelles Cartes et programmes de fidélité Vos achats Vos moyens de paiement Compagnons de voyage Aide et légal Aide et légal Charte de confidentialité Conditions générales d'utilisation Compensation en cas de retard Aide en ligne Contacts 5 bonnes raisons d'aller à Stuttgart Accueil A voir, à faire Stuttgart 5 bonnes raisons d'aller à Stuttgart À environ 3h de TGV INOUI de Paris, Stuttgart mérite un citybreak. On vous donne 5 bonnes raisons de visiter la capitale historique du Bade-Wurtemberg, la région allemande la plus proche de l'Alsace. Réserver un billet de train Réserver un billet de train Rechercher Annuler Sommaire Vivre la vie de château Visiter les musées Mercedes et Porsche, à l'architecture futuriste Voir de belles collections d'art Déguster les vins des vignobles locaux Flâner dans les plus beaux parcs de la ville Place du Château, Stuttgart - © Photononstop - Sime Vivre la vie de château Commencer par la Place du Château Tout circuit qui se respecte à Stuttgart commence par la Place du Château , Schlossplatz. Au cœur de la ville, cette grande place très arborée, charmante avec sa fontaine, invite à la promenade. L’ancien palais de style Renaissance, un château fort aux majestueuses tours rondes, Altes Schloss, abrite le Musée Régional du Wurtemberg. Le Neues Schloss Traversez la place, vous êtes face au nouveau château, Neues Schloss, datant du XVIIIe siècle. De style baroque, il ressemble un peu au château de Versailles ! Musée Mercedes-Benz de Stuttgart - © Photononstop - Robertharding Visiter les musées Mercedes et Porsche, à l'architecture futuriste Même si vous n'êtes pas fan de voitures, allez visiter l'un de ces deux musées : le musée Mercedes-Benz et le musée Porsche. Les bâtiments sont spectaculaires de par leur architecture. Le musée Porsche est un grand bâtiment blanc reposant sur trois piliers de béton ; le musée Mercedes-Benz présente plus de 1500 pièces sur neuf étages, retraçant 130 ans d’histoire de l’automobile. Staatsgalerie, Stuttgart - © Photononstop - Cahir Davitt, John Warburton Lee Voir de belles collections d'art Staatsgalerie La Staatsgalerie abrite l’une des plus belles collections de peinture d’Allemagne du XIVe au XXe siècle. Vous pourrez notamment admirer des peintures de Rembrandt et Rubens. Le musée possède également le plus grand ensemble de toiles de Picasso d’Allemagne ! Musée d'art moderne et contemporain Rendez-vous au Kunstmuseum , un cube de verre géant. Ce musée consacré à l’art moderne et contemporain possède une collection de plus de 15000 œuvres , dont un fond remarquable de 250 peintures d’Otto Dix. Ne manquez pas de monter au dernier étage, pour une vue panoramique sur la Schlossplatz. Vignoble Diehl, Stuttgart - © Photononstop - Sime - Reinhard Schmid Déguster les vins des vignobles locaux Stuttgart est entourée de vignobles. Vous pouvez vous promener dans les vignes ou visiter des domaines. Chaque année, la ville fête le vin à la fin de l'été avec le Festival Weindorf. Pour goûter les vins locaux, allez au biergarten, bar à bières, de Karlshöhe . Il offre un joli point de vue sur les vignes plantées à flanc de colline. Jardin botanique et zoologique Wilhelma, Stuttgart - © Photononstop - Markus Lange/ Robertharding Flâner dans les plus beaux parcs de la ville Jardin zoologique et biologique Stuttgart est une ville très verte, réputée pour ses nombreux parcs. Premier site touristique de la ville, le jardin zoologique et biologique Wilhelma est à voir absolument : 6 000 espèces de plantes, plus de 9 000 animaux... S'arrêter au Höhenpark Killesberg Faites un détour jusqu'au Weissenburgpark , une petite colline verdoyante à deux pas du centre-ville, ou au Höhenpark Killesberg , un parc avec une mini-ferme et des jeux pour enfants, parfait en famille ! Foyer de l'Opéra de Stuttgart - © Photononstop - Michael Zegers - Look Le bonus... L'Opéra de Stuttgart Pour un soir de gala, offrez-vous une soirée à l'Opéra de Stuttgart, pour assister à un spectacle du Ballet de Stuttgart , l'une des plus célèbres compagnies de danse au monde. Nul besoin de parler allemand pour profiter de cette soirée : ouvrez simplement grands vos yeux et laissez-vous porter... Comment aller à Stuttgart en train ? Prendre le train depuis Paris jusqu'en gare de Stuttgart. >> Réserver vos billets de train pour Stuttgart Cet article vous a plu ? Partagez-le ! Facebook WhatsApp X, formerly Twitter Pinterest Mail La Rédaction SNCF Connect 19/04/2024 Préparez votre séjour : Stuttgart au départ de Paris 15 / 05 Dès 84 € (1) Le moins cher 16 / 05 Dès 128 € (1) 17 / 05 Dès - € (1) 18 / 05 Dès - € (1) 19 / 05 Dès - € (1) 20 / 05 Dès - € (1) 21 / 05 Dès - € (1) Mentions légales (1) Voir les conditions des offres (1) Tarifs TTC, à partir de, pour une personne, pour un aller simple, en 2nd classe, sur une sélection de trains et de dates et sous réserve de disponibilité. Offres soumises à conditions d'échanges et de remboursement des transporteurs concernés à consulter lors de la commande. Paiement en ligne. Offres non cumulables avec d'autres promotions SNCF. Nos engagements Meilleurs prix garantis Paiement sécurisé Contact 7j/7 Service client de l'année 2025 Moyens de paiement Infos et conditions Paiement en Chèque-Vacances Connect Infos et conditions de paiement avec les cartes Ayvens, Betterway, Pluxee ou RoadMate Choix du pays Langue France Langue Belgique België Belgium Deutschland España France Italia Luxembourg Nederland Suisse Schweiz Switzerland Other regions and countries Nos partenaires Inscrivez-vous à notre newsletter et profitez des meilleurs bons plans Suivez-nous ! L'entreprise Conditions de présentation des offres sur le site Conditions générales de vente Droits des voyageurs ferroviaires et Règlement européen n°2021/782 Informations légales Charte de confidentialité et cookies Gestion des cookies Partenariat Régie publicitaire Devenir partenaire ou affilié Widget SNCF Connect Sites du groupe Site SNCF Connect & Tech Espace Presse SNCF Connect & Tech Carrières SNCF Connect & Tech Le compte des agents SNCF Groupe-sncf.com Emploi Groupe SNCF Vous informer Aide Contactez-nous Vos billets Communauté SNCF Connect Plan du site SNCF Connect Guide du voyageur Franchissement frontière Handicap & mobilité réduite Accessibilité numérique : conformité partielle Préparez votre voyage sur SNCF Connect Tout savoir sur le service d'assistance en gare Les autres services d'assistance en Europe Transporteurs TGV INOUI OUIGO TER BlaBlaCar Bus FlixBus BlaBlaCar INTERCITÉS LYRIA EUROSTAR TGV INOUI vers Bruxelles DB SNCF Voyageurs en coopération TGV INOUI vers l'Espagne TGV INOUI vers l'Italie TGV INOUI vers le Luxembourg TGV INOUI vers Fribourg Itinéraires populaires Train Paris Bordeaux Train Paris Marseille Train Bordeaux Paris Train Paris Lyon Train Paris Bruxelles Train Paris Strasbourg Train Paris Toulouse Train Toulouse Paris Train Lyon Paris Train Paris Amsterdam Train Paris Lille Train Nantes Paris Train Paris Genève Train Paris Barcelone Train Paris Nantes Trajets Transporteurs TGV INOUI Lille-Paris TGV INOUI Lyon-Paris TGV INOUI Paris-Nice TGV INOUI Marseille-Paris TGV INOUI Paris-Nantes OUIGO Fleury-les-Aubrais-Paris OUIGO Paris-Fleury-les-Aubrais OUIGO Rennes-Paris OUIGO Marseille-Lyon OUIGO Nantes-Paris TER Paris-Trouville Deauville TER Trouville Deauville-Paris TER Paris-Le Mans TER Le Mans-Paris TER Nice-Cannes : horaires et billets Top destinations Train France Train Paris Train Lyon Train Bordeaux Train Strasbourg Train Nantes Train Marseille Train Lille Train Marne-la-Vallée Chessy (Disneyland® Paris) Train Amsterdam Train Londres Train Barcelone Train Rennes Train Italie Train Suisse Nos applications mobiles","5 bonnes raisons d'aller à Stuttgart
Réserver un billet de train
Sommaire
Vivre la vie de château
Commencer par la Place du Château
Le Neues Schloss
Visiter les musées Mercedes et Porsche, à l'architecture futuriste
Voir de belles collections d'art
Staatsgalerie
Musée d'art moderne et contemporain
Déguster les vins des vignobles locaux
Flâner dans les plus beaux parcs de la ville
Jardin zoologique et biologique
S'arrêter au Höhenpark Killesberg
Le bonus...
L'Opéra de Stuttgart
Comment aller à Stuttgart en train ?
Préparez votre séjour : Stuttgart au départ de Paris
Mentions légales"
saut elastique,"- Les meilleurs spots de saut à l'élastique en France
- Vivez l'expérience du saut à l'élastique dans les lieux les plus incroyables
- Réservez votre saut à l'élastique pour des sensations fortes",saut lélastique (85) lélastique depuis (37) depuis viaduc (28) avis viaduc (15) sensations fortes (10) viaduc souleuvre (8) avis pont (7) depuis pont (7) lélastique pont (7) mètres hauteur (6)saut lélastique (50) 9h30 13h (8) 13h 14h (8) lélastique près (7) adore dès (6) bon cadeau (5) cap adrénaline (5) lundi jeudi (4) jeudi 9h30 (4) vendredi 9h30 (4)saut lélastique (13) aj hackett (4) skypark normandie (3) bon cadeau (3) activités saut (3) lélastique saut (3) balançoire géante (3) géante tyrolienne (3) tyrolienne géante (3) lire suite (3)saut lélastique (25) elastique record (12) saint georges (11) georges gaultier (11) voir loffre (10) jour saut (7) saut élastique (6) premier saut (6) viaduc saint (6) alpes mancelles (5),saut lélastique depuis (32) lélastique depuis viaduc (24) saut lélastique pont (7) envie sensations fortes (4) elastic crocodil bungee (4) mètres audessus rivière (4) lélastique depuis pont (4) viaduc lisle jourdain (4) tous spots france (3) expérience hors commun (3)9h30 13h 14h (8) saut lélastique près (7) lundi jeudi 9h30 (4) jeudi 9h30 13h (4) vendredi 9h30 13h (4) 13h 14h 17h (4) dès 60 saut (4) 60 saut lélastique (4) 0892 233 616 (3) 233 616 035min (3)activités saut lélastique (3) saut lélastique saut (3) balançoire géante tyrolienne (3) géante tyrolienne géante (3) saut lélastique skypark (2) réserver activité offrir (2) activité offrir bon (2) offrir bon cadeau (2) lélastique saut pendulaire (2) saut pendulaire balançoire (2)saint georges gaultier (11) viaduc saint georges (5) bon cadeau chèque (4) voir loffre saut (4) loffre saut lélastique (4) pratique saut lélastique (3) produits bon cadeau (2) cadeau chèque paiement (2) chèque paiement jour (2) paiement jour saut (2),saut (0.60) élastique (0.50) viaduc (0.36) depuis (0.25) pont (0.21) avis (0.19) mètres (0.15) saint (0.11) france (0.10) expérience (0.08) sensations (0.08) situé (0.08) adrénaline (0.07) cœur (0.07) plus (0.07) unique (0.06) offre (0.06) fortes (0.05) aventure (0.05) bungee (0.05) elastique (0.05) envie (0.05) haut (0.05) cadre (0.04) chute (0.04) elastic (0.04) site (0.04) souleuvre (0.04) hackett (0.04) hauteur (0.04)saut (0.73) élastique (0.51) plus (0.16) stage (0.16) dès (0.13) viaduc (0.12) baptême (0.12) près (0.11) pilotage (0.10) end (0.08) pont (0.08) week (0.08) atelier (0.07) cours (0.07) sensations (0.07) 13h (0.07) 14h (0.07) 9h30 (0.07) adrénaline (0.07) france (0.07) bien (0.06) cadeau (0.06) être (0.06) adore (0.05) avant (0.05) cette (0.05) expérience (0.05) haut (0.05) massage (0.05) sauter (0.05)saut (0.58) activité (0.39) élastique (0.36) activités (0.19) géante (0.17) normandie (0.17) opérateur (0.17) sécurité (0.17) viaduc (0.17) conditions (0.14) skypark (0.14) accès (0.11) actualités (0.11) aj (0.11) faire (0.11) hackett (0.11) participant (0.11) plus (0.11) avoir (0.08) balançoire (0.08) bon (0.08) cadeau (0.08) cadeaux (0.08) cette (0.08) engage (0.08) record (0.08) souleuvre (0.08) sous (0.08) suite (0.08) être (0.08)saut (0.68) élastique (0.40) viaduc (0.27) plus (0.19) sauts (0.15) record (0.14) saint (0.14) voir (0.14) si (0.13) 00 (0.12) elastique (0.12) gaultier (0.12) georges (0.11) offre (0.11) sauter (0.10) bien (0.09) paiement (0.09) club (0.08) jour (0.08) mans (0.08) tout (0.08) alpes (0.07) haut (0.07) pouvez (0.07) situé (0.07) tous (0.07) vidéo (0.07) bas (0.06) prendre (0.06) venir (0.06),"- Ajouter une section sur les précautions de sécurité pré-saut, incluant les vérifications de l'équipement et les conseils pour se préparer mentalement.
- Intégrer des témoignages de participants pour illustrer les expériences vécues et renforcer la crédibilité du site.
- Fournir des informations sur l'impact environnemental du saut à l’élastique et les mesures prises pour le minimiser.
- Inclure une FAQ supplémentaire sur les assurances et les garanties offertes par les centres de saut.
- Ajouter des conseils sur les meilleures périodes de l'année pour pratiquer le saut à l’élastique en France, en fonction des conditions météorologiques.","- ""À Lloret de Mar, l’une des destinations les plus prisées de la Costa Brava, plongez dans l’adrénaline avec un saut à l’élastique depuis une tour haute de 70 mètres.""
- ""Bungee Jumping Lloret de Mar 17310 Lloret de Mar.""
- ""À Lloret de Mar, l’une des destinations les plus prisées de la Costa Brava, plongez dans l’adrénaline avec un saut à l’élastique depuis une tour haute de 70 mètres !""
- ""À Lloret de Mar, l’une des destinations les plus prisées de la Costa Brava, plongez dans l’adrénaline avec un saut à l’élastique depuis une tour haute de 70 mètres.""
- ""Saut à l’élastique depuis le téléphérique du Stockhorn en Suisse Téléphérique du Stockhorn 3762 Erlenbach im Simmental.""
- ""Situé dans les Alpes suisses, le saut à l’élastique depuis le téléphérique du Stockhorn offre une expérience hors du commun. Imaginez-vous suspendu à 134 mètres d’altitude, dans une télécabine qui surplombe le lac de montagne […]""
- ""Saut pendulaire dans les gorges de la Dourbie : Roc & Canyon 145 avis La Poujade 12100 Millau.""
- ""Suspendu à 35 mètres de hauteur, vivez une sensation exceptionnelle de balançoire géante tout en admirant les […]""
- ""Saut à l’élastique depuis le viaduc de la ravine Fontaine à Saint-Leu : Air Jump Réunion 3 avis pont de la fontaine 97436 Saint Leu.""
- ""Saut à l’élastique depuis le viaduc de la ravine Fontaine à Saint-Leu est l’activité idéale ! Ce […]""
- ""Saut à l’élastique à Saint-Pierre – La Réunion : Vertikal Jump 77 avis Pont du Bras de la Plaine (D26P) 97410 St Pierre.""
- ""Vertikal Jump vous invite à découvrir le saut à l’élastique depuis le majestueux Pont du Bras de la Plaine, situé sur la […]""
- ""Saut à l’élastique au Viaduc d’Arudy : Elastic Crocodil Bungee Pyrénées 30 avis Rue des Caou 64062 Arudy.""
- ""Ce spot unique, situé à seulement 30 minutes de Pau, propose une expérience exceptionnelle : le toucher d’eau.""
- ""Saut à l’élastique depuis le Viaduc de l’Auzon : Torrents et Granit 103 avis Viaduc de l’Auzon 07170 Lavilledieu.""
- ""Le saut pendulaire au Viaduc de l’Auzon est une aventure sensationnelle à vivre au cœur de l’Ardèche.""
- ""Le saut pendulaire offre une trajectoire […]""
- ""Saut à l’élastique dans les Gorges du Verdon du Pont de l’Artuby 338 avis Pont de l'Artuby 83630 Trigance.""
- ""Saut à 70 mètres de hauteur se réalise sous la voûte […]""
- ""Saut à l’élastique au Pont de Bézergue : Elastic Jump 48 avis pont de bézergue 81330 LACROUZETTE.""
- ""Le Pont de Bézergue, à Lacrouzette dans le Tarn, vous invite à un saut à l’élastique de 60 mètres.""
- ""Saut à l’élastique au Pont Tatal avec touché d’eau 72 avis Pont Tatal 88410 Claudon.""
- ""Adrénaline Elastic vous propose de frôler la surface d’un bassin de 3,5 mètres de profondeur au point bas de […]""
- ""Saut à l’élastique Viaduc de Saint Georges le Gaultier : Elastique record 150 avis Suivre panneaux Viaduc Saut à l'élastique 72130 Saint-Georges-le-Gaultier.""
- ""Le viaduc de Saint-Georges-le-Gaultier, près du Mans, vous propose un saut à l’élastique inoubliable depuis une hauteur de 45 mètres !""
- ""Saut à l’élastique depuis le Viaduc de le Blanc : Accroduc 73 avis le viaduc de le blanc 36300 Le Blanc.""
- ""Plongez dans une aventure inoubliable en sautant depuis le Viaduc du Blanc, perché à 38 mètres au-dessus de la rivière Creuse, dans un cadre naturel d’exception.""
- ""Saut à l’élastique depuis le Viaduc de Claudon : Adrenaline Elastique 87 avis pont de tatal 88410 Claudon.""
- ""Viaduc de Claudon, aussi appelé Pont de Tatal, est un spot exceptionnel situé dans les Vosges, offrant un saut de 43 mètres au cœur de paysages naturels […]""
- ""Saut à l’élastique depuis le Viaduc d’Exermont : Adrenaline Elastique 50 avis viaduc d'arietal 08250 Exermont.""
- ""Le Viaduc d’Exermont, situé dans les paisibles Ardennes, est l’un des spots de saut à l’élastique les plus impressionnants du nord de la France. Avec ses 40 mètres de hauteur, il offre aux amateurs d’adrénaline […]""
- ""Saut à l’élastique depuis le Viaduc de Druyes les Belles Fontaines : Adrenaline Elastique 98 avis viaduc de druyes les belles fontaines 89560 Druyes-les-Belles-Fontaines.""
- ""Adrénaline Elastique vous propose un saut de 30 mètres dans un cadre historique. Forts de plus de 25 […]""
- ""Tyrolienne géante depuis le Viaduc de la Souleuvre : AJ Hackett 1488 avis Le Viaduc de la Souleuvre 14350 Carville.""
- ""Longue de 400 mètres, cette tyrolienne vous propulse à plus de 100 […]""
- ""Saut à l’élastique depuis le Viaduc de la Souleuvre : AJ Hackett 1630 avis Le Viaduc de la Souleuvre 14350 Carville.""
- ""Avec 61 […]""
- ""Saut à l’élastique sur tremplin à Tignes : Bun-J-Ride 11 avis Snowpark 73320 Tignes.""
- ""Une exclusivité mondiale, sur le domaine skiable de Tignes – Val d’Isère !""
- ""une tyrolienne vous propulse à plus de 100 […]""
- ""Saut à l’élastique depuis le Viaduc de Saint Gervais : Bungee Mont-Blanc 32 avis Viaduc de Saint Gervais 74170 Saint-Gervais-les-Bains.""
- ""Haut de 90 mètres, ce pont offre un site spectaculaire pour un saut à l’élastique unique, surplombant les majestueuses […]""
- ""Saut à l’élastique au Pont Napoléon : Elastic Crocodil Bungee 236 avis 74 Avenue de l’Impératrice Eugénie 65120 Luz-Saint-Sauveur.""
- ""Perché à 90 mètres au-dessus de la vallée du Gave, ce pont […]""
- ""Saut à l’élastique depuis le Viaduc de Banne : Elastic Crocodil Bungee 186 avis Viaduc de la Banne 07460 Banne.""
- ""Perché à 50 mètres de hauteur, ce viaduc ferroviaire, avec ses 7 arches surplombant […]""
- ""Le pont le plus haut d’Europe proposait des sauts jusqu’à 145 mètres.""
- ""Le pont de l’Artuby, dans le Var (83), le plus haut d’Europe praticable pour le saut à l’élastique.""
- ""Depuis 1980, cette pratique s’est démocratisée avec la mise au point d’élastiques en latex pour amortir la chute.""
- ""Les prix du saut à l’élastique varient entre 60 et 100€ , selon les sites et options.""
- ""Saut à l’élastique depuis le Viaduc de Saint Georges le Gaultier, près du Mans, vous propose un saut à l’élastique inoubliable depuis une hauteur de 45 mètres !""
- ""Le viaduc de Saint-Georges-le-Gaultier, près du Mans, vous propose un saut à l’élastique inoubliable depuis une hauteur de 45 mètres !""",saut elastique,"Les 5 plus hauts sauts à l'élastique de France - SNCF Connect Aller au contenu principal Voyager Voyager Voyager Fermer Tout pour voyager Réserver Réserver Billets de train Voyages en bus Trajets en covoiturage Location de voiture Hôtels Bons plans Bons plans Voyages en groupe Voyages pro Enfant voyageant seul Informations Informations Horaires en gare Info trafic Handicap et accessibilité Tous les transporteurs Tous les services Nos réponses à vos questions Guide de voyage Guide de voyage Où voyager en France, en Europe Voyager selon vos envies Billets Billets Billets Fermer Voir vos billets et titres Vos voyages Vos voyages Tous vos voyages Importer un voyage Compensation en cas de retard Faire une réclamation Modifier un voyage Assurance Allianz Vos cartes et abonnements Vos cartes et abonnements Importer une carte ou abonnement Acheter une carte ou abonnement Compléter votre voyage Compléter votre voyage Louer une voiture Réserver un hôtel Transports urbains Restauration à bord TGV INOUI Restauration à bord INTERCITES Tous les services Offres Offres Offres Fermer Parcourir toutes les offres Cartes et abonnements SNCF Cartes et abonnements SNCF Carte Avantage Jeune Carte Avantage Adulte Carte Avantage Senior Carte Liberté Abonnement MAX ACTIF Abonnement MAX JEUNE Toutes les cartes et abonnements Offres régionales Offres régionales TER Auvergne-Rhône-Alpes TER Hauts de France LiO Train Occitanie TER Nouvelle-Aquitaine Titres Île-de-France Mobilités Consulter les offres régionales Offres urbaines Offres urbaines Avignon – Réseau Orizo Caen – Réseau Twisto Montbéliard – Réseau évolitY Perpignan – Réseau Sankéo Sophia Antipolis – Réseau Envibus Tours – Réseau Fil Bleu Consulter les offres urbaines Services Services Louer une voiture Réserver un hôtel Réserver un Taxi/VTC Assurer votre voyage Livraison de bagages Transport de véhicules Restauration à bord Domicile + Train Tous les services Compte Compte Compte Fermer Accéder à votre compte Vos espaces Vos espaces Se connecter Se créer un compte Espace MAX JEUNE Espace MAX SENIOR Communauté SNCF Connect Vos informations Vos informations Vos informations personnelles Cartes et programmes de fidélité Vos achats Vos moyens de paiement Compagnons de voyage Aide et légal Aide et légal Charte de confidentialité Conditions générales d'utilisation Compensation en cas de retard Aide en ligne Contacts Les 5 plus hauts sauts à l'élastique de France Accueil A voir, à faire pour oser Les 5 plus hauts sauts à l'élastique de France Envie de tester vos limites et de vivre le grand frisson ? C’est décidé, cette année vous allez tenter l’expérience riche en émotions du saut à l’élastique. Si vous n’avez pas encore trouvé le lieu pour faire le grand saut, nous avons quelques idées à vous donner parmi les plus beaux et plus hauts ponts de France. Voici les 5 meilleurs endroits en France pour faire du saut à l’élastique. Réserver un billet de train Réserver un billet de train Rechercher Annuler Voici les 5 meilleurs endroits en France pour faire du saut à l’élastique : Le pont de l’Artuby, ou pont de la Chaulière ( 182 mètres) La Malène au Cirque des Baumes (107 mètres) Le pont de Ponsonnas (103 mètres) Le Pont de la Mariée (80 mètres) Le viaduc de Saint Gervais Mont-Blanc (65 mètres) Pont de l'Artuby, Var - © Istock - bruev Le pont de l’Artuby (182 mètres) Appelé également le pont de Chaulière, il s’élève à 182 mètres de hauteur au-dessus de la rivière éponyme de l’Artuby. C’est un pont en arc situé dans le Var, en région Provence-Alpes-Côte d’Azur, tout près des fameuses et très touristiques Gorges du Verdon. Il s’agit là du plus haut spot de France, et aussi d’ Europe ! Idéal pour le grand frisson , tous les passionnés de sensations fortes s’y donnent rendez-vous chaque année ! Et rien que d’être sur le pont, dominant la nature verdoyante tout autour, un frisson vous traversera de la tête aux pieds… 3, 2, 1… Sautez ! >> Vos billets de train pour Cavaillon Pont de l'Artuby . 83840 Comps sur Artuby France © istock-malhrovitz La Malène au Cirque des Baumes (107 mètres) Amateurs de sensations fortes, le saut à l’élastique de la Malène est fait pour vous ! C’est le 2e plus haut saut de France. Il se situe dans les Cévennes . Petite particularité, dans les Gorges du Tarn, le saut s’effectue depuis une falaise , c’est une première mondiale ! C’est dans ce cadre magnifique que vous vous élancerez dans le vide, les eaux du Tarn en contrebas. Adrénaline garantie ! >> Vos billets de train pour Villeneuve-sur-Lot Le Cirques des Baumes . 48500 MASSEGROS CAUSSES GORGES France © istock-Vitalalp Le pont de Ponsonnas (103 mètres) A côté de Grenoble, en Isère, le pont de Ponsonnas permet de s’élancer de 103 mètres de hauteur . Totalement aménagé et sécurisé pour le saut, il s’agit du premier centre européen de saut à l’élastique. Il est possible d’y sauter en tandem . Le cadre pour découvrir le bungy jump offre une vue fabuleuse sur une végétation luxuriante, dominée par l’Oisans, le Vercors et le Dévoluy. >> Vos billets de train pour Grenoble Pont de Ponsonnas . 38350 Ponsonnas France Comment s'y rendre ? Situé à 45 min. depuis Grenoble © istock-Hailshadow Le Pont de la Mariée (80 mètres) Dans les gorges du Daluis à Guillaumes, à quelques kilomètres de Digne et Castellane. Ce pont était à l’origine le lieu de passage d’un tramway appelé « Le Train du Sud » , en bordure du Parc National du Mercantour, dans l'arrière-pays de Nice. Vous pourrez sauter depuis un pont situé à 80 mètres de hauteur dans un cadre magnifique, où roches et verdure se côtoient pour vous offrir un spectacle éblouissant. Après la chute, vous effleurerez les eaux du Var qui passent sous ce pont en Arc. >> Vos billets de train pour Nice Pont de la Mariée . 06470 Guillaumes France © istock-Eshma Le viaduc de Saint Gervais Mont-Blanc (65 mètres) Découvrez la Savoie autrement ! Du haut du Pont Saint-Gervais, vous aurez une vue imprenable sur toute la vallée du Bonnant, au pied du Mont-Blanc. Vous expérimenterez le grand saut dans un cadre incroyable et vous jetterez dans 90 mètres de vide tout droit vers le torrent du Bonnant. La base est protégée des intempéries, ce qui fait que même par temps de pluie , vous aurez la possibilité de vous élancer. >> Vos billets de train pour Saint-Gervais Viaduc de Saint Gervais . 74170 Saint-Gervais-les-Bains France Cet article vous a plu ? Partagez-le ! Facebook WhatsApp X, formerly Twitter Pinterest Mail Romane Saget Journaliste 02/11/2023 Vous aimerez aussi Fermer Voir tout Les plus beaux parcours de via ferrata à faire entre amis Passez la nuit… au milieu des animaux en famille Les meilleurs spots pour faire du parapente en Auvergne La randonnée pieds nus : où la pratiquer en France ? Où être à l'aise dans son plus simple appareil en France ? Pause fraîcheur à la cascade de Sillans Nos engagements Meilleurs prix garantis Paiement sécurisé Contact 7j/7 Service client de l'année 2025 Moyens de paiement Infos et conditions Paiement en Chèque-Vacances Connect Infos et conditions de paiement avec les cartes Ayvens, Betterway, Pluxee ou RoadMate Choix du pays Langue France Langue Belgique België Belgium Deutschland España France Italia Luxembourg Nederland Suisse Schweiz Switzerland Other regions and countries Nos partenaires Inscrivez-vous à notre newsletter et profitez des meilleurs bons plans Suivez-nous ! L'entreprise Conditions de présentation des offres sur le site Conditions générales de vente Droits des voyageurs ferroviaires et Règlement européen n°2021/782 Informations légales Charte de confidentialité et cookies Gestion des cookies Partenariat Régie publicitaire Devenir partenaire ou affilié Widget SNCF Connect Sites du groupe Site SNCF Connect & Tech Espace Presse SNCF Connect & Tech Carrières SNCF Connect & Tech Le compte des agents SNCF Groupe-sncf.com Emploi Groupe SNCF Vous informer Aide Contactez-nous Vos billets Communauté SNCF Connect Plan du site SNCF Connect Guide du voyageur Franchissement frontière Handicap & mobilité réduite Accessibilité numérique : conformité partielle Préparez votre voyage sur SNCF Connect Tout savoir sur le service d'assistance en gare Les autres services d'assistance en Europe Transporteurs TGV INOUI OUIGO TER BlaBlaCar Bus FlixBus BlaBlaCar INTERCITÉS LYRIA EUROSTAR TGV INOUI vers Bruxelles DB SNCF Voyageurs en coopération TGV INOUI vers l'Espagne TGV INOUI vers l'Italie TGV INOUI vers le Luxembourg TGV INOUI vers Fribourg Itinéraires populaires Train Paris Bordeaux Train Paris Marseille Train Bordeaux Paris Train Paris Lyon Train Paris Bruxelles Train Paris Strasbourg Train Paris Toulouse Train Toulouse Paris Train Lyon Paris Train Paris Amsterdam Train Paris Lille Train Nantes Paris Train Paris Genève Train Paris Barcelone Train Paris Nantes Trajets Transporteurs TGV INOUI Lille-Paris TGV INOUI Lyon-Paris TGV INOUI Paris-Nice TGV INOUI Marseille-Paris TGV INOUI Paris-Nantes OUIGO Fleury-les-Aubrais-Paris OUIGO Paris-Fleury-les-Aubrais OUIGO Rennes-Paris OUIGO Marseille-Lyon OUIGO Nantes-Paris TER Paris-Trouville Deauville TER Trouville Deauville-Paris TER Paris-Le Mans TER Le Mans-Paris TER Nice-Cannes : horaires et billets Top destinations Train France Train Paris Train Lyon Train Bordeaux Train Strasbourg Train Nantes Train Marseille Train Lille Train Marne-la-Vallée Chessy (Disneyland® Paris) Train Amsterdam Train Londres Train Barcelone Train Rennes Train Italie Train Suisse Nos applications mobiles","Les 5 plus hauts sauts à l'élastique de France
Réserver un billet de train
Voici les 5 meilleurs endroits en France pour faire du saut à l’élastique :
Le pont de l’Artuby (182 mètres)
La Malène au Cirque des Baumes (107 mètres)
Le pont de Ponsonnas (103 mètres)
Le Pont de la Mariée (80 mètres)
Le viaduc de Saint Gervais Mont-Blanc (65 mètres)
Vous aimerez aussi"
francfort allemagne,"- Découvrez Francfort en une journée : 9 activités incontournables
- Guide de voyage à Francfort en Allemagne : conseils et astuces
- Explorez les trésors de Francfort : que faire en une journée",modifier modifier (43) modifier code (43) né francfort (31) e siècle (15) allemand né (15) née francfort (13) page utilisant (13) mort francfort (10) afficher masquer (8) masquer soussection (8)choses faire (17) frankfurt airport (15) 10 h (10) nouveau prix (10) 1 chambre (10) chambre taxes (10) taxes frais (10) frais compris (10) allemagne 10 (9) airport hotel (9)francfort accueil (4) découvrir francfort (4) francfort lallemagne (4) présentation francfort (3) vivre francfort (3) calendrier rencontres (2) réseaux sociaux (2) francfort sinstaller (2) sinstaller vie (2) vie pratique (2),modifier modifier code (43) allemand né francfort (10) afficher masquer soussection (8) page pointant vers (7) pointant vers bases (6) frankfurt am main (5) né mort francfort (5) allemande née francfort (5) vers bases relatives (5) déplacer vers barre (4)1 chambre taxes (10) chambre taxes frais (10) taxes frais compris (10) 10 choses faire (8) allemagne 10 choses (6) frankfurt airport hotel (6) carte afficher hébergements (5) afficher hébergements voisins (5) h 18 h (5) 10 villes villages (4)découvrir francfort lallemagne (4) vivre francfort sinstaller (2) francfort sinstaller vie (2) sinstaller vie pratique (2) vie pratique présence (2) pratique présence française (2) présence française culture (2) française culture loisirs (2) culture loisirs découvrir (2) loisirs découvrir francfort (2),francfort (0.76) modifier (0.31) ville (0.29) main (0.23) code (0.17) plus (0.17) allemand (0.15) né (0.14) allemagne (0.12) page (0.10) article (0.08) depuis (0.08) 000 (0.06) frankfurt (0.06) née (0.06) aéroport (0.06) siècle (0.06) allemande (0.06) europe (0.05) peintre (0.05) sous (0.05) villes (0.05) mort (0.05) musée (0.05) utilisant (0.05) européenne (0.05) paris (0.05) hesse (0.04) masquer (0.04) place (0.04)10 (0.51) francfort (0.36) frankfurt (0.31) allemagne (0.22) faire (0.22) airport (0.20) choses (0.19) chambre (0.18) plus (0.17) frais (0.16) main (0.16) hôtels (0.15) hotel (0.14) carte (0.12) où (0.12) prix (0.12) compris (0.11) histoire (0.11) journée (0.11) nouveau (0.11) taxes (0.11) emplacement (0.10) recommandé (0.10) également (0.10) 49 (0.09) 69 (0.09) site (0.09) téléphone (0.09) dimanche (0.08) ouverture (0.08)francfort (0.78) ville (0.39) allemagne (0.20) plus (0.17) activités (0.13) centre (0.13) accueil (0.11) pendant (0.11) rencontres (0.11) découvrir (0.09) présentation (0.09) allemands (0.07) association (0.07) capitale (0.07) celle (0.07) cette (0.07) devenir (0.07) empereurs (0.07) fiafe (0.07) foires (0.07) française (0.07) guerre (0.07) moderne (0.07) partenaires (0.07) premier (0.07) siècle (0.07) sponsors (0.07) vivre (0.07) économique (0.07) présence (0.04),"- Francfort-sur-le-Main est la cinquième ville d'Allemagne par sa population, avec environ 800 000 habitants, et la plus grande du Land de Hesse.
- La ville abrite la Banque centrale européenne, la Deutsche Bundesbank et la Bourse de Francfort, faisant de Francfort la quatrième place financière d'Europe.
- Son aéroport est le quatrième d'Europe en termes de trafic de passagers et le premier pour le fret, desservi par plus de 110 compagnies aériennes.
- Francfort est surnommée le Manhattan européen ou Mainhattan en raison de sa skyline composée de nombreux gratte-ciels, dont la Commerzbank Tower.
- La ville possède une riche offre culturelle avec de nombreux musées renommés, tels que le musée Städel et le muséum Senckenberg.","- ""Population 749 596 hab. (2023 [ 1 ])""
- ""son aire urbaine appelée Rhin-Main – ou Région métropolitaine de Francfort-sur-le-Main – compte plus de 5,5 millions d'habitants [ 4 ], ce qui en fait la dixième aire urbaine d'Europe, la sixième de l'Union européenne et la seconde d'Allemagne après celle de Cologne - Düsseldorf appelée Rhin-Rhur.""
- ""Francfort est la quatrième place financière d'Europe ainsi que la ville la plus riche d'Allemagne avec un PIB par habitant de 85 300 euros.""
- ""Elle accueille notamment le siège de la Banque centrale européenne (BCE), le siège de l'Autorité européenne des assurances (AEAPP), le siège de la Banque fédérale d'Allemagne (Deutsche Bundesbank) et celui de la Bourse de Francfort.""
- ""Son aéroport est le quatrième d'Europe après l'aéroport international de Londres Heathrow, l'aéroport Paris-Charles-de-Gaulle et l'aéroport d'Amsterdam-Schiphol.""
- ""La Commerzbank Tower, siège social du groupe bancaire Commerzbank, culminant hors antenne à 259 mètres, qui a été construit par le cabinet de l'architecte britannique Norman Foster.""
- ""En 2012, The Economist classe Francfort première de son classement des 140 villes les plus chères en Allemagne pour un expatrié et dixième au monde [ 5 ].""
- ""Selon un classement effectué en 2001 par l'université de Liverpool, elle est la ville la plus riche d'Europe quant au PIB par habitant [ 12 ].""
- ""plus de 80 % des employés travaillent pour des entreprises du service (commerces, trafic et communication, finances et autres services)""
- ""Frankfurt am Main Hauptbahnhof, avec 35 000 passagers et environ 700 mouvements de trains par jour""
- ""la gare de l'aéroport (Frankfurt (Main) Flughafen Fernbahnhof) qui a été inaugurée en 1999.""
- ""le 53e étage pour profiter d’une vue plaisante sur la ville""
- ""3 EUR sont demandés pour y accéder.""
- ""Le muséum Senckenberg est le plus grand musée d’Allemagne, proche de l’université Johann Wolfgang Goethe.""
- ""La Main Tower de Francfort est un gratte-ciel de 56 étages doté d’une plate-forme d’observation à ciel ouvert""
- ""Environ 5 500 citoyens sont morts lors des bombardements et plus de 10 000 de ses habitants juifs sont morts dans les camps.""",francfort allemagne,"5 bonnes raisons d’aller à Francfort - SNCF Connect Aller au contenu principal Voyager Voyager Voyager Fermer Tout pour voyager Réserver Réserver Billets de train Voyages en bus Trajets en covoiturage Location de voiture Hôtels Bons plans Bons plans Voyages en groupe Voyages pro Enfant voyageant seul Informations Informations Horaires en gare Info trafic Handicap et accessibilité Tous les transporteurs Tous les services Nos réponses à vos questions Guide de voyage Guide de voyage Où voyager en France, en Europe Voyager selon vos envies Billets Billets Billets Fermer Voir vos billets et titres Vos voyages Vos voyages Tous vos voyages Importer un voyage Compensation en cas de retard Faire une réclamation Modifier un voyage Assurance Allianz Vos cartes et abonnements Vos cartes et abonnements Importer une carte ou abonnement Acheter une carte ou abonnement Compléter votre voyage Compléter votre voyage Louer une voiture Réserver un hôtel Transports urbains Restauration à bord TGV INOUI Restauration à bord INTERCITES Tous les services Offres Offres Offres Fermer Parcourir toutes les offres Cartes et abonnements SNCF Cartes et abonnements SNCF Carte Avantage Jeune Carte Avantage Adulte Carte Avantage Senior Carte Liberté Abonnement MAX ACTIF Abonnement MAX JEUNE Toutes les cartes et abonnements Offres régionales Offres régionales TER Auvergne-Rhône-Alpes TER Hauts de France LiO Train Occitanie TER Nouvelle-Aquitaine Titres Île-de-France Mobilités Consulter les offres régionales Offres urbaines Offres urbaines Avignon – Réseau Orizo Caen – Réseau Twisto Montbéliard – Réseau évolitY Perpignan – Réseau Sankéo Sophia Antipolis – Réseau Envibus Tours – Réseau Fil Bleu Consulter les offres urbaines Services Services Louer une voiture Réserver un hôtel Réserver un Taxi/VTC Assurer votre voyage Livraison de bagages Transport de véhicules Restauration à bord Domicile + Train Tous les services Compte Compte Compte Fermer Accéder à votre compte Vos espaces Vos espaces Se connecter Se créer un compte Espace MAX JEUNE Espace MAX SENIOR Communauté SNCF Connect Vos informations Vos informations Vos informations personnelles Cartes et programmes de fidélité Vos achats Vos moyens de paiement Compagnons de voyage Aide et légal Aide et légal Charte de confidentialité Conditions générales d'utilisation Compensation en cas de retard Aide en ligne Contacts 5 bonnes raisons d’aller à Francfort Accueil A voir, à faire 5 bonnes raisons d’aller à Francfort Francfort est une ville qui bouge, avec d'excellentes adresses où sortir, manger et boire un verre. Moderne, elle est célèbre pour sa skyline à la newyorkaise. Prêts pour un citybreak en Allemagne ? Réserver un billet de train Réserver un billet de train Rechercher Annuler Francfort est la nouvelle destination branchée . Longtemps boudée au profit de Berlin ou Munich, la ville attire de plus en plus de touristes. À portée de TGV INOUI et ICE, la 5e ville d’ Allemagne mérite toute notre attention. Destination idéale pour un city-trip au dépaysement garanti ! >> Réserver vos billets de train pour Francfort Coucher de soleil sur Francfort - © Istock - MissPassionPhotography Voici nos 5 bonnes raisons de découvrir Francfort : Arpenter les plus beaux quartiers de la ville Rassasier l’artiste qui sommeille en vous Les bons plans pour sortir entre amis Les vues à couper le souffle Pour bien manger © Istock - Nikada Arpenter les plus beaux quartiers de la ville Francfort a été presque entièrement détruite durant la 2ème Guerre Mondiale, ce qui explique l’ architecture ultramoderne d’une grande partie de la ville. C’est aussi le deuxième centre financier de l’Union Européenne (après Londres). Son quartier des affaires et ses buildings rivalisent de hauteur et impressionnent. À quelques rues seulement de ce « Mainhattan » ultramoderne, référence à la rivière Main qui traverse la ville et à sa ressemblance avec New York , se dresse la vieille ville. Le centre historique de Francfort est reconnaissable grâce à ses rues pavées et ses maisons typiques à colombages, ainsi que ses façades colorées . C’est un véritable saut dans le temps à l’époque médiévale ! Incontournable : la Römerplatz où se situe l’hôtel de ville, véritable carte postale de l’architecture allemande. >> Pour un citybreak romantique à Francfort © Istock - Juergen Sack Rassasier l’artiste qui sommeille en vous Les férus de culture seront comblés, l’art est omniprésent dans la ville . Direction la rive des musées appelée « Museumsufer » (dans la partie Sud du Main) où se trouve une multitude de musées à la réputation mondiale : le Städelmuseum l’un des plus célèbres d’Allemagne, le Schrin , le musée d’art contemporain, MMK, le musée du cinéma , de l’architecture ou encore des télécommunications. On aime également le supermarché de l’art « Kunst Supermarkt » où les œuvres de jeunes artistes prometteurs côtoient des grandes figures de l’art. © Istock - boggy22 Les bons plans pour sortir entre amis L’Allemagne est réputée pour ses Biergarten (brasseries à ciel ouvert) et Francfort ne fait pas exception. On y trouve donc une multitude de Biergarten où l’on peut épancher sa soif et manger des plats locaux dans une ambiance ultra conviviale . Si le Biergarten est un passe-temps populaire , on peut trouver à Francfort des sorties plus branchées. Pour cela direction l’immanquable quartier de Sachsenhausen où vous pourrez goûter le typique vin de pommes autrement appelé cidre, spécialité locale. Le « Bahnhofsviertel » quartier rouge en phase de devenir le quartier « in » de la ville, regorge de bars et restaurants. L’ancienne prison reconvertie en lieu culturel et résidence d’artistes, vaut le détour. Avec un peu de chance vous pourrez même assister à un concert. On vous l’avait dit que Francfort était une ville cosmopolite et branchée ! >> Le top 5 des restaurants végétariens à Francfort Coucher de soleil sur Francfort - © Istock - MissPassionPhotography Les vues à couper le souffle Quoi de mieux que de prendre de la hauteur pour admirer une ville ? Symbole emblématique de Francfort avec sa plateforme hissée à 200 mètres d’altitude , la Main Tower offre une vue imprenable sur toute la ville. L’entrée coûte 7,50 euros. Autre option belle vue, depuis la cathédrale Saint-Barthélémy. Ce spot offre également une vue d’ensemble sur la ville et le centre historique. L’entrée coûte seulement 3 euros . L’ascension se mérite, il faut monter les 90 mètres par les escaliers . Mais no pain no gain , une fois là-haut, la vue magique vous fait oublier illico, les efforts fournis pour atteindre le sommet. © Istock - Sami Sert Pour bien manger Que serait Francfort sans sa fameuse saucisse fumée ? Un incontournable de votre city-trip que vous n’aurez pas de problème à trouver tant elle est vendue partout. Le cidre, spécialité francfortoise est à tester alors rendez-vous dans le vieux quartier de « Shachsenhausen » sur la rive gauche du Main. Là-bas, les bars à cidres vous attendent pour déguster leurs recettes originales. On aime également le « Mark Im Hof », un marché qui regorge de stands de streetfood du monde entier, le tout dans une ambiance cool, décontractée. Attention, ouvert uniquement le samedi ! >> Où bruncher à Francfort ? Cet article vous a plu ? Partagez-le ! Facebook WhatsApp X, formerly Twitter Pinterest Mail Diane Delmas Journaliste 20/08/2021 Préparez votre séjour : Francfort-sur-le-Main au départ de Paris Marseille Lyon 15 / 05 Dès 69 € (1) 16 / 05 Dès 94 € (1) 17 / 05 Dès 89 € (1) 18 / 05 Dès 99 € (1) 19 / 05 Dès 84 € (1) 20 / 05 Dès 64 € (1) Le moins cher 21 / 05 Dès 64 € (1) Le moins cher Mentions légales (1) Voir les conditions des offres (1) Tarifs TTC, à partir de, pour une personne, pour un aller simple, en 2nd classe, sur une sélection de trains et de dates et sous réserve de disponibilité. Offres soumises à conditions d'échanges et de remboursement des transporteurs concernés à consulter lors de la commande. Paiement en ligne. Offres non cumulables avec d'autres promotions SNCF. Nos engagements Meilleurs prix garantis Paiement sécurisé Contact 7j/7 Service client de l'année 2025 Moyens de paiement Infos et conditions Paiement en Chèque-Vacances Connect Infos et conditions de paiement avec les cartes Ayvens, Betterway, Pluxee ou RoadMate Choix du pays Langue France Langue Belgique België Belgium Deutschland España France Italia Luxembourg Nederland Suisse Schweiz Switzerland Other regions and countries Nos partenaires Inscrivez-vous à notre newsletter et profitez des meilleurs bons plans Suivez-nous ! L'entreprise Conditions de présentation des offres sur le site Conditions générales de vente Droits des voyageurs ferroviaires et Règlement européen n°2021/782 Informations légales Charte de confidentialité et cookies Gestion des cookies Partenariat Régie publicitaire Devenir partenaire ou affilié Widget SNCF Connect Sites du groupe Site SNCF Connect & Tech Espace Presse SNCF Connect & Tech Carrières SNCF Connect & Tech Le compte des agents SNCF Groupe-sncf.com Emploi Groupe SNCF Vous informer Aide Contactez-nous Vos billets Communauté SNCF Connect Plan du site SNCF Connect Guide du voyageur Franchissement frontière Handicap & mobilité réduite Accessibilité numérique : conformité partielle Préparez votre voyage sur SNCF Connect Tout savoir sur le service d'assistance en gare Les autres services d'assistance en Europe Transporteurs TGV INOUI OUIGO TER BlaBlaCar Bus FlixBus BlaBlaCar INTERCITÉS LYRIA EUROSTAR TGV INOUI vers Bruxelles DB SNCF Voyageurs en coopération TGV INOUI vers l'Espagne TGV INOUI vers l'Italie TGV INOUI vers le Luxembourg TGV INOUI vers Fribourg Itinéraires populaires Train Paris Bordeaux Train Paris Marseille Train Bordeaux Paris Train Paris Lyon Train Paris Bruxelles Train Paris Strasbourg Train Paris Toulouse Train Toulouse Paris Train Lyon Paris Train Paris Amsterdam Train Paris Lille Train Nantes Paris Train Paris Genève Train Paris Barcelone Train Paris Nantes Trajets Transporteurs TGV INOUI Lille-Paris TGV INOUI Lyon-Paris TGV INOUI Paris-Nice TGV INOUI Marseille-Paris TGV INOUI Paris-Nantes OUIGO Fleury-les-Aubrais-Paris OUIGO Paris-Fleury-les-Aubrais OUIGO Rennes-Paris OUIGO Marseille-Lyon OUIGO Nantes-Paris TER Paris-Trouville Deauville TER Trouville Deauville-Paris TER Paris-Le Mans TER Le Mans-Paris TER Nice-Cannes : horaires et billets Top destinations Train France Train Paris Train Lyon Train Bordeaux Train Strasbourg Train Nantes Train Marseille Train Lille Train Marne-la-Vallée Chessy (Disneyland® Paris) Train Amsterdam Train Londres Train Barcelone Train Rennes Train Italie Train Suisse Nos applications mobiles","5 bonnes raisons d’aller à Francfort
Réserver un billet de train
Voici nos 5 bonnes raisons de découvrir Francfort :
Arpenter les plus beaux quartiers de la ville
Rassasier l’artiste qui sommeille en vous
Les bons plans pour sortir entre amis
Les vues à couper le souffle
Pour bien manger
Préparez votre séjour : Francfort-sur-le-Main au départ deParisMarseilleLyon
Mentions légales"
colorado provencal,"- Découvrez les sentiers du Colorado Provençal à Rustrel, Luberon
- Explorez le Colorado Provençal du Rustrel, joyau du Luberon
- Randonnez au cœur du Colorado Provençal à Rustrel, Luberon",colorado provençal (27) mille couleurs (11) site classé (10) village rustrel (10) dégradations vols (10) classé colorado (9) parking mille (9) colorado situe (8) situe bordure (8) bordure rd22 (8)colorado provençal (19) dernière entrée (9) pays dapt (7) dapt luberon (7) oti pays (6) ocres luberon (4) réserver visite (4) luberon oti (4) 9h30 dernière (4) sentier belvédères (3)modifier modifier (13) modifier code (13) colorado provençal (12) rustrel rustrel (9) déplacer vers (4) vers barre (4) barre latérale (4) latérale masquer (4) colorado rustrel (4) massif ocres (3)colorado provençal (21) tous jours (10) provençal rustrel (6) cheminées fées (4) site internet (3) couleurs éclatantes (3) combes étroites (3) sentier ocres (3) ocres roussillon (3) février 2026 (3),site classé colorado (9) parking mille couleurs (9) classé colorado situe (8) colorado situe bordure (8) situe bordure rd22 (8) bordure rd22 aptbanon (8) rd22 aptbanon proximité (8) aptbanon proximité village (8) proximité village rustrel (8) mille couleurs colorado (8)pays dapt luberon (7) oti pays dapt (6) dapt luberon oti (4) luberon oti pays (4) 9h30 dernière entrée (4) dernière entrée 16h30 (3) ouverture 9h dernière (3) 9h dernière entrée (3) colorado provençal rustrel (2) visite colorado provençal (2)modifier modifier code (13) rustrel rustrel rustrel (8) déplacer vers barre (4) vers barre latérale (4) barre latérale masquer (4) faire don créer (2) don créer compte (2) créer compte connecter (2) massif ocres luberon (2) géologie géochimie origine (2)colorado provençal rustrel (6) sentier ocres roussillon (3) sahara cheminées fées (3) personnes mobilité réduite (3) tous jours 9h (3) ocres rustrel colorado (2) rustrel colorado provençal (2) histoire colorado provençal (2) idéal balade famille (2) offre expérience inoubliable (2),colorado (0.45) apt (0.38) site (0.28) provençal (0.24) parking (0.23) proximité (0.23) rustrel (0.21) stationner (0.20) banon (0.18) village (0.18) km (0.15) accès (0.13) dégradations (0.13) peuvent (0.13) plus (0.13) cas (0.12) www (0.12) être (0.12) partir (0.12) régulièrement (0.12) couleurs (0.11) https (0.11) accueil (0.10) classé (0.10) proches (0.10) sans (0.10) situent (0.10) véhicules (0.10) attention (0.09) sentiers (0.09)colorado (0.50) site (0.37) luberon (0.35) provençal (0.32) ouverture (0.22) visite (0.22) ocres (0.17) dernière (0.15) entrée (0.15) réservation (0.15) uniquement (0.15) apt (0.13) accès (0.12) oti (0.12) pays (0.12) sentier (0.12) août (0.10) fr (0.10) mai (0.10) ocre (0.10) plus (0.10) réserver (0.10) nature (0.08) parking (0.08) rustrel (0.08) vélo (0.08) 9h30 (0.07) activités (0.07) villages (0.07) visiter (0.07)modifier (0.48) rustrel (0.42) colorado (0.33) code (0.28) site (0.25) provençal (0.23) ocres (0.21) portail (0.18) articles (0.16) ocre (0.16) couleurs (0.12) liés (0.12) origine (0.12) plus (0.11) apt (0.09) association (0.09) luberon (0.09) masquer (0.09) massif (0.09) page (0.09) paysages (0.09) vaucluse (0.09) vers (0.09) voir (0.09) cette (0.07) géologie (0.07) latérale (0.07) rouge (0.07) roussillon (0.07) tourisme (0.07)colorado (0.42) provençal (0.37) site (0.35) sentiers (0.24) accès (0.23) rustrel (0.23) tous (0.23) jours (0.19) découvrir (0.17) 01 (0.16) visites (0.16) parking (0.14) sortie (0.14) 10 (0.12) couleurs (0.12) février (0.12) ocres (0.12) réservation (0.12) sentier (0.12) 12 (0.10) août (0.10) km (0.10) ocre (0.10) paiement (0.10) paysages (0.10) 2025 (0.09) 31 (0.09) exploitation (0.09) glauconite (0.09) être (0.09),"- **Biodiversité Unique** : Le Colorado Provençal abrite une végétation spécifique adaptée aux sols riches en ocre, incluant des espèces rares et endémiques.
- **Éducation et Sensibilisation** : Des programmes éducatifs sont proposés pour les écoles et les groupes, approfondissant la géologie et l'histoire industrielle du site.
- **Conservation et Protection** : L'association gère des initiatives de préservation pour maintenir l'intégrité géologique et écologique du Colorado Provençal.
- **Événements Spéciaux** : Le site organise régulièrement des événements culturels et des ateliers thématiques liés à l'ocre et au patrimoine local.
- **Accessibilité Technologique** : L'application mobile offre des visites audio-guidées, améliorant l'expérience des visiteurs avec des informations interactives en temps réel.","- OUVERT DE 9h00 à 17h30 * AVRIL accès sans réservation
- Les RÉSERVATIONS pour les matinées de MAI-JUIN sont ouvertes
- *Dernière entrée au parking, sortie des massifs forestiers 18h30
- le parking des Mille couleurs – Colorado provençal (payant)
- Les stations-services les plus proches se situent sur la ville d’Apt (12 km), au village de Banon (24 km).
- La borne de recharge électrique la plus proche se situe à Gignac (6 km).
- Le site classé des anciennes carrières d’ocres de Rustrel OUVERT DE 9h00 à 17h30
- Du 12 novembre 2025 au 6 février 2026 inclus – réouverture le 7 février 2026.
- Le tarif d’entrée piéton vous permet d’accéder au plan du site et à l’application mobile de découverte.
- Si vous venez visiter à pied à partir du village (20 mn)
- Tarifs 2025 • Voiture ............................................................ 6 à 8 € • Moto ........................................................... ... 4 à 6 € • Camping-car .................................................. 10 à 12 € • Minibus (9 à 12 places) ................................. 13 à 15 € • Bus (sur réservation uniquement) .................. 2 € /passager • Plan (piéton et vélo)........................................ 2 à 3 €
- Réservation conseillée de mai à août de l'ouverture du site jusqu'à 13h.
- Du 08/02 au 28/02, tous les jours de 9h30 à 16h30. Du 01/03 au 31/03, tous les jours de 10h30 à 16h30. Du 01/04 au 30/04, tous les jours de 9h à 17h. Du 01/05 au 31/05, tous les jours de 9h à 18h. Du 01/06 au 30/06, tous les jours de 8h30 à 18h30. Du 01/07 au 31/08, tous les jours de 8h à 19h. Du 01/09 au 30/09, tous les jours de 9h à 18h. Du 01/10 au 31/10, tous les jours de 9h30 à 17h. Du 01/12 au 31/12, tous les jours de 10h à 16h.
- Tarifs pour les véhicules (incluant le stationnement et l'accès des passagers) : Voitures : 6 €​, Motos : 3 €​, Camping-cars et minibus : 8 €​, Autocars : 25 €​
- Le Colorado de Rustrel se situe dans le département du Vaucluse (84) en plein cœur du Luberon.
- Plus de 20 teintes.
- Trois sites principaux : Rustrel, Roussillon et Gargas.",colorado provencal,"Balade dans le Colorado de Rustrel - SNCF Connect Aller au contenu principal Voyager Voyager Voyager Fermer Tout pour voyager Réserver Réserver Billets de train Voyages en bus Trajets en covoiturage Location de voiture Hôtels Bons plans Bons plans Voyages en groupe Voyages pro Enfant voyageant seul Informations Informations Horaires en gare Info trafic Handicap et accessibilité Tous les transporteurs Tous les services Nos réponses à vos questions Guide de voyage Guide de voyage Où voyager en France, en Europe Voyager selon vos envies Billets Billets Billets Fermer Voir vos billets et titres Vos voyages Vos voyages Tous vos voyages Importer un voyage Compensation en cas de retard Faire une réclamation Modifier un voyage Assurance Allianz Vos cartes et abonnements Vos cartes et abonnements Importer une carte ou abonnement Acheter une carte ou abonnement Compléter votre voyage Compléter votre voyage Louer une voiture Réserver un hôtel Transports urbains Restauration à bord TGV INOUI Restauration à bord INTERCITES Tous les services Offres Offres Offres Fermer Parcourir toutes les offres Cartes et abonnements SNCF Cartes et abonnements SNCF Carte Avantage Jeune Carte Avantage Adulte Carte Avantage Senior Carte Liberté Abonnement MAX ACTIF Abonnement MAX JEUNE Toutes les cartes et abonnements Offres régionales Offres régionales TER Auvergne-Rhône-Alpes TER Hauts de France LiO Train Occitanie TER Nouvelle-Aquitaine Titres Île-de-France Mobilités Consulter les offres régionales Offres urbaines Offres urbaines Avignon – Réseau Orizo Caen – Réseau Twisto Montbéliard – Réseau évolitY Perpignan – Réseau Sankéo Sophia Antipolis – Réseau Envibus Tours – Réseau Fil Bleu Consulter les offres urbaines Services Services Louer une voiture Réserver un hôtel Réserver un Taxi/VTC Assurer votre voyage Livraison de bagages Transport de véhicules Restauration à bord Domicile + Train Tous les services Compte Compte Compte Fermer Accéder à votre compte Vos espaces Vos espaces Se connecter Se créer un compte Espace MAX JEUNE Espace MAX SENIOR Communauté SNCF Connect Vos informations Vos informations Vos informations personnelles Cartes et programmes de fidélité Vos achats Vos moyens de paiement Compagnons de voyage Aide et légal Aide et légal Charte de confidentialité Conditions générales d'utilisation Compensation en cas de retard Aide en ligne Contacts Balade dans le Colorado de Rustrel Accueil A voir, à faire Vaucluse Balade dans le Colorado de Rustrel Bienvenue dans le Colorado, au cœur du Luberon ! C’est à deux pas du village de Rustrel que s’élancent de grands massifs d’ocres, nous rappelant les incontournables paysages qu’offrent le Grand Canyon. Dans ce petit village provençal au cœur du Lubéron, la randonnée dans les ocres donne l’impression d'avoir traverser l’Atlantique et de se retrouver en plein cœur du Colorado . Réserver un billet de train Réserver un billet de train Rechercher Annuler Sommaire Le Colorado provençal Promenade nature Meilleur selfie Rustrel De l’ocre en veux-tu en voilà Colorado provençal, Vaucluse - © iStock - kavram Le Colorado provençal C’est sur plus de 30 hectares que s’étendent ces flamboyantes teintes ocre. Véritable contraste avec le massif forestier du Luberon verdoyant, le Colorado Provençal a été façonné par la main de l’homme, lorsque ce dernier exploitait les carrières d’ocre pour en récupérer ses propriétés colorantes. Vingt-quatre teintes sont recensées ici, allant du gris au vert en passant par le jaune et le rouge… Le Colorado Provençal - © Photononstop - Nicolas Thibaut Promenade nature Pour s’imprégner du lieu, il existe plusieurs sentiers de randonnée , sans grande difficulté. Les deux sentiers les plus célèbres sont celui du Sahara et celui des Cheminées des Fées. Avec ce dernier, vous en prenez plein la vue en arrivant à la grande Cheminée, fragilement dressée. Pendant deux heures, voguez entre arbres et roches, l’occasion de prendre de belles photos et de profiter de l’air pur. Rando dans le Colorado provençal - © Danièle Schneider / Photononstop Meilleur selfie Grottes, galeries, tunnels, falaises, vestiges d’une industrialisation révolue… Avec toute la diversité de cette mine d’ocre, les photographes vont s’en donner à cœur joie. Mais pour le selfie parfait, prenez de la hauteur. Les cheminées font la particularité de ce paysage, alors posez-vous au pied de l’une d’entre elles et le tour est joué ! Rustrel, Vaucluse - © istock-Hadi Hashem Rustrel Après un tour les pieds dans l’ocre, direction le petit village de Rustrel . Baladez-vous dans ses petites ruelles ombragées, et grimpez jusqu’à son château du XVIe siècle d’où l’on a un superbe point de vue sur le Colorado Provençal. Suivez ensuite la Promenade de l’Eau qui permet de découvrir les fontaines, le lavoir de la Marquise et l’église. Coucher de soleil sur le Colorado provençal - © istock-Marcobarone De l’ocre en veux-tu en voilà L’ocre est très présent dans le Luberon. Alors si vous souhaitez découvrir d’autres sites ocrés dans la région, le Sentier des Ocres à côté de Roussillon est un incontournable. Bien plus célèbre que le Colorado de Rustrel, il est très fréquenté à la haute saison, mais permet de passer une journée entre l’ocre et le célèbre village de Roussillon. Cet article vous a plu ? Partagez-le ! Facebook WhatsApp X, formerly Twitter Pinterest Mail Juliette Bassine Rédaction SNCF Connect 02/02/2024 Nos engagements Meilleurs prix garantis Paiement sécurisé Contact 7j/7 Service client de l'année 2025 Moyens de paiement Infos et conditions Paiement en Chèque-Vacances Connect Infos et conditions de paiement avec les cartes Ayvens, Betterway, Pluxee ou RoadMate Choix du pays Langue France Langue Belgique België Belgium Deutschland España France Italia Luxembourg Nederland Suisse Schweiz Switzerland Other regions and countries Nos partenaires Inscrivez-vous à notre newsletter et profitez des meilleurs bons plans Suivez-nous ! L'entreprise Conditions de présentation des offres sur le site Conditions générales de vente Droits des voyageurs ferroviaires et Règlement européen n°2021/782 Informations légales Charte de confidentialité et cookies Gestion des cookies Partenariat Régie publicitaire Devenir partenaire ou affilié Widget SNCF Connect Sites du groupe Site SNCF Connect & Tech Espace Presse SNCF Connect & Tech Carrières SNCF Connect & Tech Le compte des agents SNCF Groupe-sncf.com Emploi Groupe SNCF Vous informer Aide Contactez-nous Vos billets Communauté SNCF Connect Plan du site SNCF Connect Guide du voyageur Franchissement frontière Handicap & mobilité réduite Accessibilité numérique : conformité partielle Préparez votre voyage sur SNCF Connect Tout savoir sur le service d'assistance en gare Les autres services d'assistance en Europe Transporteurs TGV INOUI OUIGO TER BlaBlaCar Bus FlixBus BlaBlaCar INTERCITÉS LYRIA EUROSTAR TGV INOUI vers Bruxelles DB SNCF Voyageurs en coopération TGV INOUI vers l'Espagne TGV INOUI vers l'Italie TGV INOUI vers le Luxembourg TGV INOUI vers Fribourg Itinéraires populaires Train Paris Bordeaux Train Paris Marseille Train Bordeaux Paris Train Paris Lyon Train Paris Bruxelles Train Paris Strasbourg Train Paris Toulouse Train Toulouse Paris Train Lyon Paris Train Paris Amsterdam Train Paris Lille Train Nantes Paris Train Paris Genève Train Paris Barcelone Train Paris Nantes Trajets Transporteurs TGV INOUI Lille-Paris TGV INOUI Lyon-Paris TGV INOUI Paris-Nice TGV INOUI Marseille-Paris TGV INOUI Paris-Nantes OUIGO Fleury-les-Aubrais-Paris OUIGO Paris-Fleury-les-Aubrais OUIGO Rennes-Paris OUIGO Marseille-Lyon OUIGO Nantes-Paris TER Paris-Trouville Deauville TER Trouville Deauville-Paris TER Paris-Le Mans TER Le Mans-Paris TER Nice-Cannes : horaires et billets Top destinations Train France Train Paris Train Lyon Train Bordeaux Train Strasbourg Train Nantes Train Marseille Train Lille Train Marne-la-Vallée Chessy (Disneyland® Paris) Train Amsterdam Train Londres Train Barcelone Train Rennes Train Italie Train Suisse Nos applications mobiles","Balade dans le Colorado de Rustrel
Réserver un billet de train
Sommaire
Le Colorado provençal
Promenade nature
Meilleur selfie
Rustrel
De l’ocre en veux-tu en voilà"
marche de noel allemagne,"
- Découvrez les Marchés de Noël Traditionnels d'Allemagne
- Guide des Marchés de Noël en Allemagne : Quoi Visiter en 2024 ?
- Excursion dans les Marchés de Noël Allemands : Itinéraires Incontournables",marché noël (18) marchés noël (11) vin chaud (7) apprendre plus (6) calendrier lavent (6) pain dépices (5) chants noël (4) christstollen dresde (4) punch enfants (4) noël allemagne (3)tgv inoui (14) train paris (12) marché noël (11) sncf connect (10) marchés noël (8) réserver billets (7) billets train (7) comment aller (6) paris train (6) cartes abonnements (5)4 plus (1) plus beaux (1) beaux marchés (1) marchés noël (1) noël allemagne (1) allemagne accessibles (1) accessibles train (1)marché noël (28) 0 0 (15) 0 shares (12) shares 0 (12) décembre 2024 (10) lire larticle (10) dates marché (9) larticle 0 (9) marchés noël (8) visiteurs peuvent (7),dzt jens wegener (3) in order to (2) english deutsch français (2) deutsch français español (2) marché noël dzt (2) pain dépices nuremberg (2) nuremberg pain dépice (2) dr michael fraas (2) christian tänzler visit (2) tänzler visit berlin (2)réserver billets train (7) tgv inoui vers (5) marchés noël découvrir (3) noël découvrir allemagne (3) train prenez train (3) novembre 23 décembre (3) 23 décembre 2023 (3) sncf connect tech (3) paris train paris (3) compensation cas retard (2)4 plus beaux (1) plus beaux marchés (1) beaux marchés noël (1) marchés noël allemagne (1) noël allemagne accessibles (1) allemagne accessibles train (1)0 shares 0 (11) shares 0 0 (11) dates marché noël (9) lire larticle 0 (9) larticle 0 shares (9) lundi 25 novembre (5) 0 0 0 (4) novembre lundi 23 (4) lundi 23 décembre (4) 23 décembre 2024 (4),noël (0.74) plus (0.29) marché (0.28) allemagne (0.17) avent (0.17) marchés (0.17) comme (0.14) dresde (0.14) enfants (0.14) the (0.13) nuremberg (0.11) forêt (0.10) pain (0.10) berlin (0.09) chaud (0.09) homme (0.09) vin (0.09) épices (0.09) apprendre (0.08) aussi (0.08) calendrier (0.08) chaque (0.08) découvrir (0.08) pommes (0.08) ski (0.08) tourismus (0.08) ville (0.08) christstollen (0.06) for (0.06) place (0.06)train (0.60) paris (0.35) noël (0.33) marché (0.30) sncf (0.18) inoui (0.16) tgv (0.16) billets (0.15) réserver (0.15) baden (0.14) connect (0.13) offres (0.13) plus (0.12) allemagne (0.10) stuttgart (0.10) ter (0.10) voyage (0.10) gare (0.09) marchés (0.09) 2023 (0.08) aller (0.08) cartes (0.08) france (0.08) francfort (0.08) heidelberg (0.08) tous (0.08) karlsruhe (0.07) novembre (0.07) ouigo (0.07) voyages (0.07)accessibles (0.38) allemagne (0.38) beaux (0.38) marchés (0.38) noël (0.38) plus (0.38) train (0.38)noël (0.62) marché (0.45) 2024 (0.25) ville (0.24) plus (0.20) allemagne (0.15) shares (0.15) article (0.14) dates (0.13) novembre (0.13) décembre (0.12) lire (0.12) lundi (0.12) marchés (0.12) visiteurs (0.11) offre (0.09) peuvent (0.09) berlin (0.08) cologne (0.08) dresde (0.08) nuremberg (0.08) spécialités (0.08) 25 (0.07) chaque (0.07) décorations (0.07) découvrir (0.07) période (0.07) train (0.07) visite (0.07) véritable (0.07),{Pas de fait important},"- Dates : du 27 novembre au 21 décembre 2023
- Dates : du 23 novembre 2023 au 6 janvier 2024
- Dates : du 28 novembre au 23 décembre 2023
- Dates : du 27 novembre 2023 au 7 janvier 2024
- Dates : du 29 novembre au mardi 24 décembre 2024
- Dates du marché de Noël de Berlin : les dates d’ouvertures varient en fonction des quartiers.
- Dates du marché de Noël de Cologne : du lundi 18 novembre au lundi 23 décembre 2024
- Dates du marché de Noël de Stuttgart : du mercredi 27 novembre au lundi 23 décembre 2024
- Dates du marché de Noël de Munich : du lundi 25 novembre au mardi 24 décembre 2024
- Dates du marché de Noël de Breme : du lundi 25 novembre au lundi 23 décembre 2024
- Dates du marché de Noël de Sarrebruck : du lundi 25 novembre au lundi 23 décembre 2024
- Du 11e siècle
- Plus de 500 km de pistes
- Plus de 24 fenêtres
- 2 500 lumières
- Plus de 150 stands
- Plus de 280 stands
- 26,5 mètres de haut
- Plus de 500 km de pistes
- Plus de 280 stands",marche de noel allemagne,"Les marchés de Noël à découvrir en Allemagne - SNCF Connect Aller au contenu principal Voyager Voyager Voyager Fermer Tout pour voyager Réserver Réserver Billets de train Voyages en bus Trajets en covoiturage Location de voiture Hôtels Bons plans Bons plans Voyages en groupe Voyages pro Enfant voyageant seul Informations Informations Horaires en gare Info trafic Handicap et accessibilité Tous les transporteurs Tous les services Nos réponses à vos questions Guide de voyage Guide de voyage Où voyager en France, en Europe Voyager selon vos envies Billets Billets Billets Fermer Voir vos billets et titres Vos voyages Vos voyages Tous vos voyages Importer un voyage Compensation en cas de retard Faire une réclamation Modifier un voyage Assurance Allianz Vos cartes et abonnements Vos cartes et abonnements Importer une carte ou abonnement Acheter une carte ou abonnement Compléter votre voyage Compléter votre voyage Louer une voiture Réserver un hôtel Transports urbains Restauration à bord TGV INOUI Restauration à bord INTERCITES Tous les services Offres Offres Offres Fermer Parcourir toutes les offres Cartes et abonnements SNCF Cartes et abonnements SNCF Carte Avantage Jeune Carte Avantage Adulte Carte Avantage Senior Carte Liberté Abonnement MAX ACTIF Abonnement MAX JEUNE Toutes les cartes et abonnements Offres régionales Offres régionales TER Auvergne-Rhône-Alpes TER Hauts de France LiO Train Occitanie TER Nouvelle-Aquitaine Titres Île-de-France Mobilités Consulter les offres régionales Offres urbaines Offres urbaines Avignon – Réseau Orizo Caen – Réseau Twisto Montbéliard – Réseau évolitY Perpignan – Réseau Sankéo Sophia Antipolis – Réseau Envibus Tours – Réseau Fil Bleu Consulter les offres urbaines Services Services Louer une voiture Réserver un hôtel Réserver un Taxi/VTC Assurer votre voyage Livraison de bagages Transport de véhicules Restauration à bord Domicile + Train Tous les services Compte Compte Compte Fermer Accéder à votre compte Vos espaces Vos espaces Se connecter Se créer un compte Espace MAX JEUNE Espace MAX SENIOR Communauté SNCF Connect Vos informations Vos informations Vos informations personnelles Cartes et programmes de fidélité Vos achats Vos moyens de paiement Compagnons de voyage Aide et légal Aide et légal Charte de confidentialité Conditions générales d'utilisation Compensation en cas de retard Aide en ligne Contacts Les marchés de Noël à découvrir en Allemagne Accueil A voir, à faire Allemagne Les marchés de Noël à découvrir en Allemagne Entre traditions et féérie, les nombreux marchés de Noël illuminent les villes allemandes. La période de l'Avent en Allemagne est incontournable. Voici les marchés de Noël les plus emblématiques d'outre-Rhin. Réserver un billet de train Réserver un billet de train Rechercher Annuler Sommaire Le marché de Francfort Le marché de Baden-Baden Le marché de Karlsruhe Le marché d'Heidelberg Le marché de Stuttgart Le marché de Sarrebruck Marché de Noël de Francfort, Allemagne - © iStock - sborisov Le marché de Francfort A Francfort, au cœur du centre-ville, a lieu un marché de Noël splendide, l'un des plus anciens et des plus grands marchés de Noël en Allemagne. Quelque 200 chalets en bois, autour de la place Römerberg, sur la ""Paulsplatz"" et sur les rives du Main , regorgent de quoi déguster produits locaux et plats typiques , ainsi que de nombreuses déco de Noël et un sapin de Noël géant . Dates : du 27 novembre au 21 décembre 2023 Horaires : du lundi au samedi de 10h à 21h et dimanche de 11h à 21h Comment aller à Francfort en train ? Prenez un train direct ICE en direction de la gare de Francfort. >> Réserver vos billets de train pour Francfort marchés de noël visiteurs  - © iStock - querbeet Le marché de Baden-Baden Lichtentaler Allee Niché entre les montagnes de la Forêt-Noire, le marché de Noël traditionnel de Baden-Baden se tient à l’entrée des splendides parcs et jardins de “Lichtentaler Allee” , scintillant de mille feux. Il invite les visiteurs à plonger dans un merveilleux conte d'hiver ! Les stands Dans un parfum de vin chaud et d'amandes fraîchement grillées, une centaine de stands aux décorations festives vous convie au shopping de Noël. Les vitrines illuminées des boutiques dans les jolies ruelles donnent une atmosphère de Noël romantique et chic. Chaque jour, un programme de spectacles se succède sur la « scène céleste ». Une crèche vivante et la visite de Saint Nicolas animent la ville. Dates : du 23 novembre 2023 au 6 janvier 2024 Horaires : de 11h à 21h 24 décembre fermeture à 15h Comment aller à Baden-Baden en train ? Prenez le train jusqu'en gare de Baden-Baden avec une correspondance à Strasbourg. >> Réserver vos billets de train pour Baden-Baden Vin chaud au marché de Noël - © iStock - AlexRaths Le marché de Karlsruhe Décoration et barbe à papa À la période de l' Avent , une atmosphère magique envahit les rues de Karlsruhe : le centre-ville resplendit de mille lumières, une calèche bat le pavé, les décorations inventives des vitrines invitent à flâner en faisant ses achats et un doux parfum de barbe à papa flotte dans l'air. Le Père Noël volant Installé sur la Friedrichsplatz , le marché de Noël attire les visiteurs, avec l'une des attractions les plus spectaculaires : le « Père Noël volant », qui plane au-dessus des stands avec son traîneau ! La patinoire de la place du Château, au pied de la statue du grand-duc Karl Friedrich, est l'une des plus grandes du sud de l' Allemagne . Dates : du 28 novembre au 23 décembre 2023 Horaires : de 11h à 21h (22h du jeudi au samedi) Comment aller à Karlsruhe en train ? Prenez le TGV INOUI direct jusqu'en gare de Karlsruhe. >> Réserver vos billets de train pour Karlsruhe marche de noël pain d'épices décoration  - © iStock - Karl-Friedrich Hohl Le marché d'Heidelberg Découverte de la ville Le marché de Noël d'Heidelberg , est organisé à 6 endroits différents de la ville ! Environ 140 stands proposent gourmandises, plats de Noël, vin chaud, artisanat...* Manège et patinoire L'environnement est merveilleux, bien décoré et illuminé, ce qu'on préfère c'est la décoration soignée des cabanons... mais les enfants, eux, penchent pour les manèges ou la patinoire sur la Karlsplatz . A savoir : Le marché de Noël d’Heidelberg serait le plus romantique d’Allemagne ! Dates : du 27 novembre 2023 au 7 janvier 2024 Fermé le 24 décembre Comment aller à Heidelberg en train ? Prenez le train en direction de Heidelberg avec une correspondance en gare de Basel. >> Réserver vos billets de train pour Heidelberg marché de noël de stuggart  - © iStock - klug-photo Le marché de Stuttgart Stuttgart Le marché de Noël de Stuttgart remonte à plus de 300 ans. Il est l'un des plus anciens et des plus grands d'Europe. Environ 300 stands abondamment décorés s'étendent du Nouveau château à la place du Marché, en passant par la Schillerplatz avec l'Ancien château. Le concert de Noël gratuit, donné tous les soirs dans la cour intérieure Renaissance de l'Ancien château , est à voir absolument ! Dates : du 29 novembre au 23 décembre 2023 Et autour de Stuttgart : Ludwigsburg Dans la région de Stuttgart, ne manquez pas non plus le marché de Noël baroque de Ludwigsburg : les spectacles de marionnettes, les magiciens et les clowns font le bonheur des enfants. Des concerts prolongent l'ambiance festive en soirée. Esslingen Sur les marchés de Noël et médiéval d'Esslingen, les commerçants en costumes nous font remonter le temps ! Teinturiers, feutriers, forgerons ou souffleurs de verre présentent leur artisanat tandis qu'échassiers, saltimbanques, cracheurs de feu et ménestrels se baladent entre les stands. Les visiteurs se régalent d'hydromel, de « Grillfackeln » et de pain cuit sur les braises. La retraite aux flambeaux jusqu'au château est l'un des temps forts de l'événement ! Comment aller à Stuttgart en train ? Réservez un train TGV INOUI direct jusqu’à la gare de Stuttgart. >> Réserver vos billets de train pour Stuttgart Marché de Noël en famille - © iStock - romrodinka Le marché de Sarrebruck Christkindlmarkt A Sarrebruck, capitale de la Sarre , région frontalière avec la France, on découvre le « Christkindlmarkt », l'historique marché Saint-Jean, sur la place St. Johanner Markt et sur la Bahnhofstraße, belle avenue commerçante du centre-ville. Une atmosphère conviviale règne dans le pittoresque chalet d'alpage et la « Winterscheune ». Tous les jours à 17 h et 19 h, le Père Noël survole le marché dans son traîneau tiré par des rennes et raconte l' histoire du petit renne au nez rouge... Dates : du 20 novembre au 23 décembre 2023 Comment aller à Sarrebruck en train ? Réservez un train direct ICE jusqu'en gare de Sarrebruck. >> Réserver vos billets de train pour Sarrebruck Cet article vous a plu ? Partagez-le ! Facebook WhatsApp X, formerly Twitter Pinterest Mail La Rédaction SNCF Connect 01/12/2023 Nos engagements Meilleurs prix garantis Paiement sécurisé Contact 7j/7 Service client de l'année 2025 Moyens de paiement Infos et conditions Paiement en Chèque-Vacances Connect Infos et conditions de paiement avec les cartes Ayvens, Betterway, Pluxee ou RoadMate Choix du pays Langue France Langue Belgique België Belgium Deutschland España France Italia Luxembourg Nederland Suisse Schweiz Switzerland Other regions and countries Nos partenaires Inscrivez-vous à notre newsletter et profitez des meilleurs bons plans Suivez-nous ! L'entreprise Conditions de présentation des offres sur le site Conditions générales de vente Droits des voyageurs ferroviaires et Règlement européen n°2021/782 Informations légales Charte de confidentialité et cookies Gestion des cookies Partenariat Régie publicitaire Devenir partenaire ou affilié Widget SNCF Connect Sites du groupe Site SNCF Connect & Tech Espace Presse SNCF Connect & Tech Carrières SNCF Connect & Tech Le compte des agents SNCF Groupe-sncf.com Emploi Groupe SNCF Vous informer Aide Contactez-nous Vos billets Communauté SNCF Connect Plan du site SNCF Connect Guide du voyageur Franchissement frontière Handicap & mobilité réduite Accessibilité numérique : conformité partielle Préparez votre voyage sur SNCF Connect Tout savoir sur le service d'assistance en gare Les autres services d'assistance en Europe Transporteurs TGV INOUI OUIGO TER BlaBlaCar Bus FlixBus BlaBlaCar INTERCITÉS LYRIA EUROSTAR TGV INOUI vers Bruxelles DB SNCF Voyageurs en coopération TGV INOUI vers l'Espagne TGV INOUI vers l'Italie TGV INOUI vers le Luxembourg TGV INOUI vers Fribourg Itinéraires populaires Train Paris Bordeaux Train Paris Marseille Train Bordeaux Paris Train Paris Lyon Train Paris Bruxelles Train Paris Strasbourg Train Paris Toulouse Train Toulouse Paris Train Lyon Paris Train Paris Amsterdam Train Paris Lille Train Nantes Paris Train Paris Genève Train Paris Barcelone Train Paris Nantes Trajets Transporteurs TGV INOUI Lille-Paris TGV INOUI Lyon-Paris TGV INOUI Paris-Nice TGV INOUI Marseille-Paris TGV INOUI Paris-Nantes OUIGO Fleury-les-Aubrais-Paris OUIGO Paris-Fleury-les-Aubrais OUIGO Rennes-Paris OUIGO Marseille-Lyon OUIGO Nantes-Paris TER Paris-Trouville Deauville TER Trouville Deauville-Paris TER Paris-Le Mans TER Le Mans-Paris TER Nice-Cannes : horaires et billets Top destinations Train France Train Paris Train Lyon Train Bordeaux Train Strasbourg Train Nantes Train Marseille Train Lille Train Marne-la-Vallée Chessy (Disneyland® Paris) Train Amsterdam Train Londres Train Barcelone Train Rennes Train Italie Train Suisse Nos applications mobiles","Les marchés de Noël à découvrir en Allemagne
Réserver un billet de train
Sommaire
Le marché de Francfort
Comment aller à Francfort en train ?
Le marché de Baden-Baden
Lichtentaler Allee
Les stands
Comment aller à Baden-Baden en train ?
Le marché de Karlsruhe
Décoration et barbe à papa
Le Père Noël volant
Comment aller à Karlsruhe en train ?
Le marché d'Heidelberg
Découverte de la ville
Manège et patinoire
Comment aller à Heidelberg en train ?
Le marché de Stuttgart
Stuttgart
Ludwigsburg
Esslingen
Comment aller à Stuttgart en train ?
Le marché de Sarrebruck
Christkindlmarkt
Comment aller à Sarrebruck en train ?"
narbonne que faire,"- Découvrez les incontournables de Narbonne
- Narbonne: les spots à ne pas manquer
- Immersion totale à Narbonne : les must-see du coin",narbonne htels (21) ä faire (18) faire prs (18) htels prs (17) prs site (14) tripadvisor llc (13) 4 5bulles (12) plus avis (12) cet avis (12) avis lopinion (12)visiter narbonne (10) autour narbonne (8) canal robine (7) via domitia (6) cathédrale saintjustetsaintpasteur (5) gérard bertrand (5) labbaye fontfroide (5) château capitoul (4) château lhospitalet (4) lhospitalet gérard (4)réservez ligne (24) côte midi (19) ligne réservez (12) céline deschamps (9) mairie narbonne (9) organiser séjour (9) séjour chez (9) découvrir côte (8) retour organiser (8) narbonne réservez (7)bons plans (7) fermer sousmenu (5) narbonne famille (4) 1 jour (4) narbonne romaine (3) romaine médiévale (3) canal midi (3) voir faire (3) cœur ville (3) bateau électrique (3)crédit photo (8) sélectionné meilleures (8) meilleures offres (8) visiter narbonne (6) mot passe (6) musée archéologique (5) musée lapidaire (5) incontournables faire (4) où loger (4) faire narbonne (4),ä faire prs (18) htels prs site (14) cet avis lopinion (12) avis lopinion subjective (12) lopinion subjective dun (12) subjective dun membre (12) dun membre tripadvisor (12) membre tripadvisor non (12) tripadvisor non lavis (12) non lavis tripadvisor (12)château lhospitalet gérard (4) lhospitalet gérard bertrand (4) visiter narbonne journée (3) visiter vignobles autour (3) vignobles autour narbonne (3) visiter alentours narbonne (3) alentours narbonne plus (3) narbonne plus beaux (3) plus beaux villages (3) beaux villages autour (3)réservez ligne réservez (12) ligne réservez ligne (12) organiser séjour chez (9) découvrir côte midi (8) retour organiser séjour (8) retour découvrir côte (7) narbonne réservez ligne (6) vent kmh direction (6) séjour chez où (4) arnaud späninarbo via (3)narbonne romaine médiévale (3) toutes visites activités (2) 1 jour autour (2) romaine médiévale narbonne (2) médiévale narbonne famille (2) envie nature direction (2) nature direction sainte (2) direction sainte marthe (2) sainte marthe où (2) marthe où balade (2)sélectionné meilleures offres (8) meilleures locations airbnb (4) choses incontournables faire (3) labbaye saintemarie fontfroide (3) lire aussi guide (3) aussi guide narbonne (3) comment faire où (3) narbonne crédit photo (3) crédit photo wikipedia (3) visiter narbonne 8 (2),narbonne (0.81) avis (0.26) bulles (0.23) pr (0.21) tripadvisor (0.20) tels (0.18) faire (0.10) plus (0.10) site (0.10) 2024 (0.09) km (0.09) sites (0.07) cet (0.07) part (0.07) tr (0.07) vins (0.07) activit (0.06) int (0.06) llc (0.06) france (0.05) historiques (0.05) journ (0.05) membre (0.05) monuments (0.05) mus (0.05) non (0.05) rifications (0.05) subjective (0.05) visite (0.05) âcrit (0.05)narbonne (0.74) visiter (0.36) plus (0.20) ville (0.19) canal (0.15) château (0.14) vignobles (0.14) saint (0.12) abbaye (0.11) vins (0.11) autour (0.10) découvrir (0.10) musée (0.10) robine (0.10) tout (0.10) alentours (0.09) cathédrale (0.09) entre (0.09) faire (0.09) plage (0.09) sud (0.09) via (0.09) centre (0.07) domitia (0.07) fontfroide (0.07) histoire (0.07) journée (0.07) vignoble (0.07) villages (0.07) vin (0.07)narbonne (0.70) midi (0.27) réservez (0.25) ligne (0.24) côte (0.18) ville (0.16) découvrir (0.14) où (0.14) plus (0.14) retour (0.14) tourisme (0.13) séjour (0.12) via (0.11) narbo (0.10) palais (0.10) siècle (0.10) activités (0.09) archevêques (0.09) chez (0.09) art (0.09) céline (0.09) deschamps (0.09) histoire (0.09) mairie (0.09) musée (0.09) organiser (0.09) saint (0.09) maison (0.08) manger (0.08) tout (0.08)narbonne (0.37) nature (0.32) aude (0.29) enfants (0.21) savoir (0.21) ville (0.21) bons (0.19) canal (0.19) menu (0.19) où (0.19) plans (0.19) tous (0.19) activités (0.16) avril (0.16) faire (0.16) fermer (0.16) plus (0.16) balade (0.13) bateau (0.13) découverte (0.13) famille (0.13) idées (0.13) sous (0.13) toutes (0.13) vins (0.13) visites (0.13) voir (0.13) aussi (0.11) icon (0.11) incontournables (0.11)narbonne (0.70) ville (0.28) musée (0.24) visiter (0.24) faire (0.22) où (0.22) meilleures (0.17) airbnb (0.12) centre (0.11) crédit (0.11) offres (0.11) photo (0.11) plus (0.11) sélectionné (0.11) abbaye (0.09) bateau (0.09) cathédrale (0.09) passe (0.09) aller (0.08) comment (0.08) gruissan (0.08) histoire (0.08) loger (0.08) mot (0.08) saint (0.08) voyage (0.08) archéologique (0.07) aussi (0.07) depuis (0.07) quartier (0.07),{Pas de fait important},"- ""LES 10 MEILLEURES choses √† faire √† Narbonne (2025) - Tripadvisor""
- ""Visite priv√©e des vins d'une journ√©e et village m√©di√©val de Montpellier 5,0 5 sur 5¬†bulles ( 3 ) Excursions d'une journ√©e √† partir de 420‚Ç¨ par adulte (prix variable en fonction de la taille du groupe) R√©server""
- ""Excursion d'une journ√©e au village de Lagrasse et √† l'abbaye de Fontfroide. Visite priv√©e de Carcassonne. 4,3 4,3 sur 5¬†bulles ( 3 ) Excursions d'une journ√©e √† partir de 443‚Ç¨ par adulte (prix variable en fonction de la taille du groupe) R√©server""
- ""D√©gustations de vins de Sean 5,0 5 sur 5¬†bulles ( 3 ) D√Æners sp√©ciaux √† partir de 45‚Ç¨ par adulte R√©server""
- ""Excursions d'une journ√©e √† partir de 443‚Ç¨ par adulte (prix variable en fonction de la taille du groupe) R√©server Croisi√®re en p√©niche sur le canal du Midi (site UNESCO) 4,3 4,3 sur 5¬†bulles ( 15 ) Circuits priv√©s √† partir de 29‚Ç¨ par adulte R√©server""
- ""Visite guid√©e priv√©e de la cit√© de Carcassonne 5,0 5 sur 5¬†bulles ( 21 ) Priv√© et de luxe √† partir de 160‚Ç¨ par groupe (jusqu'√† 15 pers.) R√©server""
- ""2024 1. Abbaye De Fontfroide 4,5 4,5 sur 5¬†bulles 2‚ÄØ322 Sites historiques""
- ""2024 2. Les Halles de Narbonne 4,4 4,4 sur 5¬†bulles 1‚ÄØ022 March√©s fermiers""
- ""2024 3. Cath√©drale Saint-Just 4,4 4,4 sur 5¬†bulles 1‚ÄØ201 B√¢timents architecturaux""
- ""2024 4. Palais des Archev√™ques 4,3 4,3 sur 5¬†bulles 370 Sites religieux""
- ""2024 5. Visiter l‚ÄôHorreum 4,1 4,1 sur 5¬†bulles 350 Mus√©es sp√©cialis√©s""
- ""2024 6. Donjon Gilles Aycelin 4,3 4,3 sur 5¬†bulles 232 Sites historiques""
- ""2024 7. Canal de la Robine 4,3 4,3 sur 5¬†bulles 218 Monuments et points d'int√©r√™t""
- ""2024 8. Sarrat de Goundy 4,7 4,7 sur 5¬†bulles 115 Domaines viticoles & Vignobles""
- ""2024 9. Office de Tourisme de Narbonne 4,2 4,2 sur 5¬†bulles 336 Offices de tourisme""
- ""2024 10. Voie Domitienne Narbonne 4,0 4 sur 5¬†bulles 179 Sites historiques""
- ""2024 11. √âglise Saint-Paul 4,4 4,4 sur 5¬†bulles 100 Sites religieux""
- ""2024 12. Aquajet Parc 3,6 3,6 sur 5¬†bulles 160 Parcs aquatiques""
- ""Les Halles [...] offrent les meilleurs produits frais !""
- ""L’abbaye de Fontfroide [...] fondée en 1093.""
- ""La Voie Domitia a été construite à partir de 118 av. J.-C.""
- ""La Via Domitia mesure une longueur de 32 km.""
- ""La cathédrale nécessite environ 30 minutes pour une visite.""",narbonne que faire,"Top des 10 incontournables de Narbonne - SNCF Connect Aller au contenu principal Voyager Voyager Voyager Fermer Tout pour voyager Réserver Réserver Billets de train Voyages en bus Trajets en covoiturage Location de voiture Hôtels Bons plans Bons plans Voyages en groupe Voyages pro Enfant voyageant seul Informations Informations Horaires en gare Info trafic Handicap et accessibilité Tous les transporteurs Tous les services Nos réponses à vos questions Guide de voyage Guide de voyage Où voyager en France, en Europe Voyager selon vos envies Billets Billets Billets Fermer Voir vos billets et titres Vos voyages Vos voyages Tous vos voyages Importer un voyage Compensation en cas de retard Faire une réclamation Modifier un voyage Assurance Allianz Vos cartes et abonnements Vos cartes et abonnements Importer une carte ou abonnement Acheter une carte ou abonnement Compléter votre voyage Compléter votre voyage Louer une voiture Réserver un hôtel Transports urbains Restauration à bord TGV INOUI Restauration à bord INTERCITES Tous les services Offres Offres Offres Fermer Parcourir toutes les offres Cartes et abonnements SNCF Cartes et abonnements SNCF Carte Avantage Jeune Carte Avantage Adulte Carte Avantage Senior Carte Liberté Abonnement MAX ACTIF Abonnement MAX JEUNE Toutes les cartes et abonnements Offres régionales Offres régionales TER Auvergne-Rhône-Alpes TER Hauts de France LiO Train Occitanie TER Nouvelle-Aquitaine Titres Île-de-France Mobilités Consulter les offres régionales Offres urbaines Offres urbaines Avignon – Réseau Orizo Caen – Réseau Twisto Montbéliard – Réseau évolitY Perpignan – Réseau Sankéo Sophia Antipolis – Réseau Envibus Tours – Réseau Fil Bleu Consulter les offres urbaines Services Services Louer une voiture Réserver un hôtel Réserver un Taxi/VTC Assurer votre voyage Livraison de bagages Transport de véhicules Restauration à bord Domicile + Train Tous les services Compte Compte Compte Fermer Accéder à votre compte Vos espaces Vos espaces Se connecter Se créer un compte Espace MAX JEUNE Espace MAX SENIOR Communauté SNCF Connect Vos informations Vos informations Vos informations personnelles Cartes et programmes de fidélité Vos achats Vos moyens de paiement Compagnons de voyage Aide et légal Aide et légal Charte de confidentialité Conditions générales d'utilisation Compensation en cas de retard Aide en ligne Contacts Top des 10 incontournables de Narbonne Accueil A voir, à faire Narbonne Top des 10 incontournables de Narbonne Traversée par le Canal du Midi, Narbonne est une destination à découvrir. Vous aimez la nature ? La mer ? Les flâneries ? L’histoire aussi ? C’est parfait, vous êtes au bon endroit ! Réserver un billet de train Réserver un billet de train Rechercher Annuler Direct de Paris en 4h25, Narbonne, sur les bords de la Méditerranée, est une ville animée aux multiples facettes. Son patrimoine traverse les époques et donne un cachet unique à celle qui fut la première colonie romaine. La ville natale de Charles Trenet ne cessera de vous étonner. C’est aussi une destination nature à quelques kilomètres du centre ville. Suivez notre top des 10 incontournables pour ne rien rater. Le top 10 des incontournables à Narbonne : Les Halles Le palais des archevêques Le musée Narbo Via La cathédrale Saint Just et Saint Pasteur Quelques curiosités Le canal de la Robine L’horreum La maison de Charles Trenet Le massif de la clape La plage des chalets Les Halles de Narbonne - © Istock - Sasha64f Les Halles Le matin, allez prendre l’air de la ville dans ce lieu effervescent . Ce sont plus de 66 commerçants qui vous proposent leur étal aux saveurs colorées. Le bâtiment, de style Baltard , fut construit au début du XXe siècle. Ses piliers, ses portes de pierre, les transparences des grandes baies donnent un air de majesté à ce grand marché. Ici vous respirez l’air de la Méditerranée et vous aurez envie de tout essayer ! D’ailleurs, il est tout à fait possible de déjeuner sur place (les tapas de la Clape, le bar à huîtres, viandes grillées chez Bébelle entre autres). Le palais des Archevêques à Narbonne - © Istock - no_limit_pictures Palais des archevêques Vous ne pouvez manquer ce palais monumental superposant différents styles . Façonné et agrandi au fil de plus de 8 siècles, il forme un ensemble architectural à la fois civil, militaire et religieux. Si une partie est utilisée par l’hôtel de ville, le palais vieux et le palais neuf se visitent. Dans l’ancienne chapelle de la Madeleine , admirez les peintures murales du XIII e siècle et les boiseries polychromes. Le plafond de la grande salle, est décoré d’animaux réels ou fantastiques dans une palette de couleurs sobres. Grimpez les 162 marches du donjon Gilles Aycellin , haut de 42 mètres. Construit de 1295 à 1306 par l’archevêque Gilles Aycelin, il offre un panorama sur la ville et la Méditerranée. Chaque année, le Festival Ma Vigne en Musique organise des concerts dans la grande salle des synodes. Au musée archéologique, le Dieu Lare... - © Photononstop - Nicolas Thibaut Le Musée Narbo Via Le nouveau musée Narbo Via regroupe pour la première fois des collections jusque-là exposées au sein de deux musées situés dans le cœur de ville de Narbonne : le musée lapidaire, dans l’église Notre-Dame de Lamourguier, et le musée archéologique de Narbonne, au Palais des archevêques. Pour restituer au mieux l’histoire romaine de Narbonne, longue de six siècles, les salles s’organisent autour d’un fil chrono-thématique qui démarre au moment de la fondation de la colonie et de la cité de Narbo Martius , à la fin du II e siècle avant notre ère, et s’achève en 462 lorsque la ville passe définitivement sous la domination des Wisigoths. La cathédrale Saint-Just et Saint-Pasteur - © Photononstop - Gerard Guittot La cathédrale Saint-Just-et-Saint-Pasteur De style gothique rayonnant , la cathédrale Saint-Just et Saint-Pasteur est d’une architecture audacieuse. Dominant la ville, elle fut bâtie entre le XIIIe et XIVe siècle.  Ses voutes à plus 40 de mètres donne l e vertige . Vous pourrez y voir un retable sculpté , du XIVe siècle, en pierre polychrome, tout en délicatesse ainsi qu’une tapisserie flamande, tissée en fils de soir et d’or. Cathédrale Saint Just et Saint pasteur rue Armand Gautier ou accès par le cloître mitoyen 11000 Narbonne France Horaire d'ouverture : Entrée libre 9h à 12h et 14h-18h. Le pont des marchands - © Istock - amoklv Quelques curiosités Au cours de votre promenade en ville, voici 2 endroits à ne pas manquer. Le ponte Vecchio à Florence, vous connaissez ? Et bien voilà la version française avec le pont des marchands. C’est un pont romain surmonté de maisons . Surplombant le canal de la Robine, il s’alignait dans le tracé de la via Domitia reliant, au IIIe siècle, l’Italie à l’Espagne. Le pont des marchands, rue du pont des marchands, 11100 Narbonne. Changement d’époque avec la maison des trois nourrices au 10 de la rue des trois nourrices. Elle est à l’origine une demeure privée parée de sculptures porteuses (les cariatides). Ces bustes de femmes gracieuses, aux formes généreuses ont certainement influencé le nom du lieu. Cette façade renaissance est l’unique témoignage de la période à Narbonne. le reposant canal de la Robine - © Istock - amoklv Le Canal de la Robine Lien entre l’Aube et la Méditerranée, le canal est classé au Patrimoine mondial de l’Unesco . Le suivre, c’est s’offrir une escapade reposante au cœur de la ville, c’est aussi traverser une variété de paysages en poussant un peu plus loin. Si vous avez le temps laisser vous emporter et longez à pied, en bateau électrique ou à vélo , le canal en dehors de la ville. Les petits bateaux électriques 32 cours de la République Promenade des Barques (accès par le quai  Victor Hugo) 11100 Narbonne France 06 15 65 12 51 Galerie souterraine  - © Istock - Lisa-Blue L’horreum « Entrepôt » en latin, l’horreum est un des seuls vestiges de l’antiquité romaine encore accessible. Vous avez Narbonne d’en haut, vous découvrez ici ces entrailles par des galeries souterraines , creusées à 5 mètres sous terre. Ces galeries sont voutées en berceau et devaient compléter en sous -sol un bâtiment mais leur utilisation précise est encore méconnue. L'horreum 7 rue Rouget de Lisle 11100 Narbonne France 04 68 32 45 30 Horaire d'ouverture : Ouvert tous les jours sauf le mardi. Dans la maison de Charles trenet - © Photononstop - Gerard Guittot La maison de Charles Trenet Venez visiter le jardin extraordinaire et intime du fou chantant natif de Narbonne. Cette maison qu’il habita avant d’être envoyé au pensionnat, est emprunte de souvenirs et d’ évocations nostalgiques du chanteur . Des témoignages de sa mère, des citations de Charles Trenet vous entraînent dans le passé. A visiter par curiosité ou si vous êtes un inconditionnel. Maison de Charles Trenet 13 avenue Charles Trenet 11100 Narbonne France 04 68 90 31 34 Horaire d'ouverture : Ouvert tous les jours. Vignoble près de Narbonne - © Istock - Musat Le massif de la Clape Zone protégée, naturelle et sauvage , le massif de la Clape vaut le détour. Explorer le massif et ses vignobles , à pied ou a vélo en empruntant la route du belvédère celle qui mène à Narbonne plage. Allez jusqu’au gouffre de l’œil doux à pied. Un lac aux eaux émeraudes dans un environnement de garrigue vous y attend. Pour vous baigner, passez votre chemin et poursuivez jusqu’à Narbonne plage ou la plage des chalets. Les chalets de la plage de Gruissan - © Photononstop - Eric Teissedre Plage des chalets A Gruissan, la plage des chalets, immortalisée par le film 37°2 le matin de Jean-Jacques Beinex, est certainement la plage la plus originale du la région . Chalets sur pilotis, 2 km de sable fin, eau claire, ça vous dit ? >> Baladez-vous dans le vieux Gruissan Plage des chalets Avenue de la jetée 11430 Gruissan France Cet article vous a plu ? Partagez-le ! Facebook WhatsApp X, formerly Twitter Pinterest Mail Sandrine David Rédactrice 17/01/2022 Vous aimerez aussi Fermer Voir tout Les richesses de l’Abbaye de Fontfroide à Narbonne Réserve africaine de Sigean : la magie du monde animal Où se faire un week-end champêtre chic ? Balade dans le vieux Gruissan Le port du Somail, adorable halte sur le canal du Midi Nos engagements Meilleurs prix garantis Paiement sécurisé Contact 7j/7 Service client de l'année 2025 Moyens de paiement Infos et conditions Paiement en Chèque-Vacances Connect Infos et conditions de paiement avec les cartes Ayvens, Betterway, Pluxee ou RoadMate Choix du pays Langue France Langue Belgique België Belgium Deutschland España France Italia Luxembourg Nederland Suisse Schweiz Switzerland Other regions and countries Nos partenaires Inscrivez-vous à notre newsletter et profitez des meilleurs bons plans Suivez-nous ! L'entreprise Conditions de présentation des offres sur le site Conditions générales de vente Droits des voyageurs ferroviaires et Règlement européen n°2021/782 Informations légales Charte de confidentialité et cookies Gestion des cookies Partenariat Régie publicitaire Devenir partenaire ou affilié Widget SNCF Connect Sites du groupe Site SNCF Connect & Tech Espace Presse SNCF Connect & Tech Carrières SNCF Connect & Tech Le compte des agents SNCF Groupe-sncf.com Emploi Groupe SNCF Vous informer Aide Contactez-nous Vos billets Communauté SNCF Connect Plan du site SNCF Connect Guide du voyageur Franchissement frontière Handicap & mobilité réduite Accessibilité numérique : conformité partielle Préparez votre voyage sur SNCF Connect Tout savoir sur le service d'assistance en gare Les autres services d'assistance en Europe Transporteurs TGV INOUI OUIGO TER BlaBlaCar Bus FlixBus BlaBlaCar INTERCITÉS LYRIA EUROSTAR TGV INOUI vers Bruxelles DB SNCF Voyageurs en coopération TGV INOUI vers l'Espagne TGV INOUI vers l'Italie TGV INOUI vers le Luxembourg TGV INOUI vers Fribourg Itinéraires populaires Train Paris Bordeaux Train Paris Marseille Train Bordeaux Paris Train Paris Lyon Train Paris Bruxelles Train Paris Strasbourg Train Paris Toulouse Train Toulouse Paris Train Lyon Paris Train Paris Amsterdam Train Paris Lille Train Nantes Paris Train Paris Genève Train Paris Barcelone Train Paris Nantes Trajets Transporteurs TGV INOUI Lille-Paris TGV INOUI Lyon-Paris TGV INOUI Paris-Nice TGV INOUI Marseille-Paris TGV INOUI Paris-Nantes OUIGO Fleury-les-Aubrais-Paris OUIGO Paris-Fleury-les-Aubrais OUIGO Rennes-Paris OUIGO Marseille-Lyon OUIGO Nantes-Paris TER Paris-Trouville Deauville TER Trouville Deauville-Paris TER Paris-Le Mans TER Le Mans-Paris TER Nice-Cannes : horaires et billets Top destinations Train France Train Paris Train Lyon Train Bordeaux Train Strasbourg Train Nantes Train Marseille Train Lille Train Marne-la-Vallée Chessy (Disneyland® Paris) Train Amsterdam Train Londres Train Barcelone Train Rennes Train Italie Train Suisse Nos applications mobiles","Top des 10 incontournables de Narbonne
Réserver un billet de train
Le top 10 des incontournables à Narbonne :
Les Halles
Palais des archevêques
Le Musée Narbo Via
La cathédrale Saint-Just-et-Saint-Pasteur
Quelques curiosités
Le Canal de la Robine
L’horreum
La maison de Charles Trenet
Le massif de la Clape
Plage des chalets
Vous aimerez aussi"
