Mot clé,Titres,Bigrams,Trigrams,TFIDF,importantfacts,important_numbers,Search Term,Body,Headings
faut il un passeport pour aller en angleterre en train,"- Document de voyage pour l'Angleterre en train : Quels documents sont nécessaires en 2025 ?
- Passeport pour l'Angleterre en train : Ce qu'il faut savoir avant de voyager
- Document de voyage pour l'Angleterre en train : Informations essentielles",ouvre nouvel (39) nouvel onglet (39) gouvernement britannique (14) besoin dune (12) site gouvernement (12) dune eta (12) britannique ouvre (11) consultez site (10) savoir plus (9) documents voyage (8)rendre royaumeuni (14) cette page (12) quels documents (7) français peutil (7) voyage électronique (7) électronique eta (7) faire demande (7) documents français (6) peutil rendre (6) 6 mois (6)aller angleterre (14) tout découvrir (10) passeport aller (7) fautil passeport (6) idées destinations (6) documents voyage (5) carte didentité (5) cet article (5) sans passeport (5) où lon (5)aller angleterre (14) fautil passeport (8) passeport aller (7) conseils voyage (7) soufiane baba (7) temps lecture (7) carte wise (6) carte didentité (6) voyage angleterre (6) passeport valide (5)documents voyage (5) quels documents (3) voyage doisje (3) doisje prendre (3) help centre (2) vérifiez si (2) besoin dune (2) dune autorisation (2) autorisation sortie (2) sortie territoire (2),ouvre nouvel onglet (39) site gouvernement britannique (11) gouvernement britannique ouvre (11) britannique ouvre nouvel (11) besoin dune eta (10) consultez site gouvernement (8) besoin dun visa (7) nouvel onglet ouvre (7) nouvel onglet savoir (6) informations préalables advance (6)voyage électronique eta (7) quels documents français (6) documents français peutil (6) français peutil rendre (6) peutil rendre royaumeuni (6) livres sterling environ (6) faire demande dautorisation (5) demande dautorisation voyage (5) dautorisation voyage électronique (5) électronique eta rendre (5)fautil passeport aller (6) passeport aller angleterre (6) monde si vaste (4) si vaste savez (4) vaste savez où (4) savez où aller (4) où aller consultez (4) aller consultez idées (4) consultez idées destinations (4) idées destinations meilleurs (4)fautil passeport aller (7) passeport aller angleterre (5) minutes conseils voyage (5) temps lecture 4 (4) lecture 4 minutes (4) carte didentité française (3) autorisation électronique voyage (3) budget voyage angleterre (3) 4 minutes conseils (3) australie brésil canada (2)quels documents voyage (3) documents voyage doisje (3) voyage doisje prendre (3) autorisation sortie territoire (2) liens rapides réserver (2) rapides réserver billet (2) réserver billet imprimer (2) billet imprimer billet (2) imprimer billet echanger (2) billet echanger billet (2),ouvre (0.33) nouvel (0.30) onglet (0.30) si (0.30) besoin (0.26) passeport (0.24) voyage (0.24) eta (0.21) royaume (0.21) uni (0.21) eurostar (0.17) plus (0.17) savoir (0.16) site (0.15) voyager (0.14) visa (0.13) gouvernement (0.12) pays (0.12) britannique (0.12) ue (0.12) consultez (0.11) informations (0.11) ans (0.10) avant (0.10) demande (0.10) validité (0.10) carte (0.09) documents (0.09) enfants (0.09) france (0.09)royaume (0.33) uni (0.33) page (0.29) eta (0.26) fr (0.24) service (0.22) voyage (0.22) demande (0.21) public (0.21) rendre (0.21) documents (0.18) mineur (0.18) cette (0.17) français (0.17) passeport (0.17) faire (0.15) autorisation (0.13) site (0.13) peut (0.12) si (0.12) informations (0.11) moyen (0.11) utile (0.11) électronique (0.11) 2025 (0.09) démarches (0.09) présenter (0.09) quels (0.09) tout (0.09) étranger (0.09)angleterre (0.37) tout (0.33) passeport (0.30) voyage (0.30) aller (0.29) plus (0.27) découvrir (0.19) eta (0.19) où (0.19) visa (0.19) faut (0.18) france (0.16) si (0.15) destinations (0.14) idées (0.14) sans (0.14) kayak (0.12) 2025 (0.11) consultez (0.11) documents (0.11) monde (0.11) royaume (0.11) uni (0.11) identité (0.10) oui (0.10) voyager (0.10) article (0.08) britannique (0.08) comme (0.08) site (0.08)angleterre (0.54) passeport (0.42) voyage (0.30) carte (0.23) aller (0.20) faut (0.19) si (0.18) wise (0.18) conseils (0.15) frais (0.15) avant (0.14) eta (0.14) sans (0.14) plus (0.11) temps (0.11) voyager (0.11) argent (0.09) autorisation (0.09) baba (0.09) documents (0.09) identité (0.09) lecture (0.09) minutes (0.09) savoir (0.09) soufiane (0.09) valide (0.09) chaque (0.08) fois (0.08) mineur (0.08) pays (0.08)billet (0.35) voyage (0.35) documents (0.30) eurostar (0.30) besoin (0.25) quels (0.25) autorisation (0.20) contactez (0.20) identité (0.20) prendre (0.20) puis (0.20) cas (0.15) centre (0.15) dois (0.15) plus (0.15) si (0.15) être (0.15) annuler (0.10) arrivées (0.10) départs (0.10) echanger (0.10) english (0.10) eta (0.10) france (0.10) gare (0.10) help (0.10) imprimer (0.10) liens (0.10) réserver (0.10) sans (0.10),{Pas de fait important},"- ""Gagnez 1 point pour chaque € dépensé.""
- ""Groupes +10 ven. 25 juil. Date de départ 1 chambre, 2 voyageurs Rechercher""
- ""Groupes +10 ven. 25 juil. Date de départ 1 chambre, 2 personnes Rechercher""
- ""Depuis le 1er octobre 2021, un passeport valide est obligatoire pour entrer en Angleterre , que ce soit en avion, en train via l’Eurostar ou en ferry.""
- ""À partir du 2 avril 2025, si vous prévoyez un petit séjour en Angleterre, que ce soit pour visiter Londres, voir des amis ou juste changer d’air quelques jours, il faudra penser à un nouveau document : l’ETA, c’est une autorisation électronique de voyage.""
- ""Elle coûte 16 £ par personne.""
- ""La plupart des demandes sont traitées dans un délai de trois jours, mais le délai peut être allongé dans certains cas.""
- ""L’ETA est valable deux ans ou jusqu'à l'expiration du passeport auquel elle est liée (si celui-ci expire en premier).""
- ""les enfants de 12 à 15 ans (inclus) peuvent voyager seuls vers certaines destinations Eurostar, à condition d'être munis d’un formulaire Eurostar pour mineur non accompagné ... de ne voyager que sur des trains partant entre 6h00 et 17h00, heure locale.""
- ""les mineurs non accompagnés (jusqu'à l'âge de 18 ans) doivent être munis de documents de voyage supplémentaires.""
- ""les enfants de moins de 16 ans ne peuvent pas voyager seuls sur nos trains directs à destination ou en provenance des Pays-Bas.""",faut il un passeport pour aller en angleterre en train,"5 bonnes raisons de voyager sur Eurostar - SNCF Connect Aller au contenu principal Voyager Voyager Voyager Fermer Tout pour voyager Réserver Réserver Billets de train Voyages en bus Trajets en covoiturage Location de voiture Hôtels Taxi/VTC Bons plans Bons plans Voyages en groupe Voyages pro Enfant voyageant seul Informations Informations Horaires en gare Info trafic Handicap et accessibilité Tous les transporteurs Tous les services Nos réponses à vos questions Guide de voyage Guide de voyage Où voyager en France, en Europe Voyager selon vos envies Billets Billets Billets Fermer Voir vos billets et titres Vos voyages Vos voyages Tous vos voyages Importer un voyage Compensation en cas de retard Faire une réclamation Modifier un voyage Assurance Allianz Vos cartes et abonnements Vos cartes et abonnements Importer une carte ou abonnement Acheter une carte ou abonnement Compléter votre voyage Compléter votre voyage Louer une voiture Réserver un hôtel Réserver un Taxi/VTC Transports urbains Restauration à bord TGV INOUI Restauration à bord INTERCITES Tous les services Offres Offres Offres Fermer Parcourir toutes les offres Cartes et abonnements SNCF Cartes et abonnements SNCF Carte Avantage Jeune Carte Avantage Adulte Carte Avantage Senior Carte Liberté Abonnement MAX ACTIF Abonnement MAX JEUNE Toutes les cartes et abonnements Offres régionales Offres régionales TER Auvergne-Rhône-Alpes TER Hauts de France LiO Train Occitanie TER Nouvelle-Aquitaine Titres Île-de-France Mobilités Consulter les offres régionales Offres urbaines Offres urbaines Avignon – Réseau Orizo Caen – Réseau Twisto Montbéliard – Réseau évolitY Perpignan – Réseau Sankéo Sophia Antipolis – Réseau Envibus Tours – Réseau Fil Bleu Consulter les offres urbaines Services Services Louer une voiture Réserver un hôtel Réserver un Taxi/VTC Assurer votre voyage Livraison de bagages Transport de véhicules Restauration à bord Domicile + Train Tous les services Compte Compte Compte Fermer Accéder à votre compte Vos espaces Vos espaces Se connecter Se créer un compte Espace MAX JEUNE Espace MAX SENIOR Communauté SNCF Connect Vos informations Vos informations Vos informations personnelles Cartes et programmes de fidélité Vos achats Vos moyens de paiement Compagnons de voyage Aide et légal Aide et légal Charte de confidentialité Conditions générales d'utilisation Compensation en cas de retard Aide en ligne Contacts 5 bonnes raisons de voyager sur Eurostar Accueil A voir, à faire où partir 5 bonnes raisons de voyager sur Eurostar Avec Eurostar, voyagez de centre-ville à centre-ville vers Londres, Amsterdam, Cologne, Bruxelles... Voici 5 bonnes raisons de choisir Eurostar pour un citybreak dépaysant en Europe ! Réserver un billet de train Réserver un billet de train Rechercher Annuler Sommaire Un voyage rapide de centre-ville à centre-ville C’est aussi le plus rapide Vous partez quand vous voulez Vous profitez d’avantages exclusifs Le voyage en lui-même est une expérience © iStock - Kosamtu Un voyage rapide de centre-ville à centre-ville Depuis Paris, Lille ou Bruxelles, Eurostar vous permet de rejoindre en train à grande vitesse le centre de Londres, via la traversée du tunnel sous la Manche, mais aussi Amsterdam, Cologne ou Bruxelles (depuis Paris). Weekend à Londres avec Eurostar En seulement 2h19 pour le trajet le plus court, vous rejoignez Londres depuis Paris (1h21 depuis Lille, 1h56 depuis Bruxelles). Alors à moins d’avoir prévu de traverser la Manche et la Tamise en barque (on vous souhaite bonne chance) le train est de loin le mode de transport le plus écologique pour visiter la capitale anglaise. D’autant qu’à bord, l’Eurostar a aussi pris le virage du « zéro plastique » . Pailles, et autres emballages polluants sont progressivement remplacés au profit d’objets réemployables. La gare de St Pancras à Londres - © iStock-JohnnyGreig C’est aussi le plus rapide Prendre l’avion, ça signifie : aller à l’aéroport à l’extérieur de la ville, passer de longs contrôles, enregistrer (peut-être) ses bagages, décoller, atterrir, sortir de l’aéroport et reprendre une navette pour arriver enfin en ville… Bref, c’est long ! Avec Eurostar, vous partez directement depuis la Gare du Nord à Paris pour arriver Gare de St Pancras en plein centre-ville de Londres. Le tout en moins de 2h30 ! En comparaison, il vous faudra presque 4 h pour faire le même trajet porte-à-porte avec l’avion. >> Toutes les visites incontournables de Londres Statue dans la gare de Saint-Pancras à Londres - © Chris Caldicott/Axiom / Design Pics / Photononstop Vous partez quand vous voulez Environ une dizaine de trains Eurostar opèrent chaque jour l’aller-retour entre Paris et Londres de 7h le matin jusqu’à 21h le soir (pour le dernier départ). Vous avez le choix ! Les plus fêtards pourront même passer 24h à Londres et retrouver leur lit en France sans jamais l’avoir trahi. Mais même si vous partez pour une semaine ou un mois, sachez qu’il n’y a pas de restriction sur le poids de vos bagages . Voilà, vous pourrez emporter vos bottes de pluie ET vos chaussures fines pour parer à l’imprévisible météo britannique ! Eurostar - © iStock-justhavealook Vous profitez d’avantages exclusifs Restez connecté à bord de votre Eurostar grâce aux prises électriques et au wifi gratuit . Et avec votre billet de train, bénéficiez ensuite de réductions exclusives sur la location d’un véhicule ou la réservation d’une chambre d’hôtel. >> Tous les services Eurostar Arrivée à la gare de Saint-Pancras en Eurostar - © iStock-Alena Kravchenko Le voyage en lui-même est une expérience Vous en connaissez beaucoup des tunnels de plus de 30 km de long à 80 mètres sous le niveau de la mer ? Non ! Car plus de 25 après son inauguration (c’était le 6 mai 1994), le tunnel sous la Manche reste le tunnel avec la plus longue section sous-marine au monde. Et autant dire que ça en jette. Aujourd’hui encore, la traversée sous la Manche réserve quelques frissons. Dans une lumière tamisée, la « galerie ferroviaire » prend des airs de monde futuriste lorsqu’on la traverse. L’impression de plonger sous la mer et hors du temps pour quelques minutes est saisissante avant d’entrevoir de nouveau la lumière du jour. Cet article vous a plu ? Partagez-le ! Facebook WhatsApp X, formerly Twitter Pinterest Mail Grégory Vieau Journaliste 17/04/2025 Préparez votre séjour : Londres au départ de Paris Lille 31 / 07 Dès 97 € (1) 01 / 08 Dès 121 € (1) 02 / 08 Dès 121 € (1) 03 / 08 Dès 156 € (1) 04 / 08 Dès 99 € (1) 05 / 08 Dès 87 € (1) 06 / 08 Dès 79 € (1) Le moins cher Vous aimerez aussi Fermer Voir tout Top des plus beaux sites naturels français à voir depuis les sommets Saint-Nazaire, une surprenante ville à la mer Balade romantique sur les quais de Seine Vacances de février : où partir en famille quand on ne skie pas ? 10 monuments du sud de la France à visiter absolument Oxford Street : l'avenue shopping de Londres Top 5 des restaurants romantiques à Londres Une journée découverte à Londres en famille Voyage à Londres et aux Studios Harry Potter en train tout compris : le guide Brunch à Londres : les incontournables Les incontournables d'un PRO à Londres avec Eurostar Mentions légales (1) Voir les conditions des offres (1) Tarifs TTC, à partir de, pour une personne, pour un aller simple, en 2nd classe, sur une sélection de trains et de dates et sous réserve de disponibilité. Offres soumises à conditions d'échanges et de remboursement des transporteurs concernés à consulter lors de la commande. Paiement en ligne. Offres non cumulables avec d'autres promotions SNCF. Nos engagements Meilleurs prix garantis Paiement sécurisé Contact 7j/7 Service client de l'année 2025 Moyens de paiement Infos et conditions Paiement en Chèque-Vacances Connect Infos et conditions de paiement avec les cartes Ayvens, Betterway, Pluxee ou RoadMate Choix du pays Langue France Langue Belgique België Belgium Deutschland España France Italia Luxembourg Nederland Suisse Schweiz Switzerland Other regions and countries Nos partenaires Inscrivez-vous à notre newsletter et profitez des meilleurs bons plans Suivez-nous ! L'entreprise Conditions de présentation des offres sur le site Conditions générales de vente Droits des voyageurs ferroviaires et Règlement européen n°2021/782 Informations légales Charte de confidentialité et cookies Gestion des cookies Partenariat Régie publicitaire Devenir partenaire ou affilié Widget SNCF Connect Sites du groupe Site SNCF Connect & Tech Espace Presse SNCF Connect & Tech Carrières SNCF Connect & Tech Le compte des agents SNCF Groupe-sncf.com Emploi Groupe SNCF Vous informer Aide Contactez-nous Vos billets Communauté SNCF Connect Plan du site SNCF Connect Guide du voyageur Franchissement frontière Handicap & mobilité réduite Nos services pour les voyageurs PSH/PMR Tout savoir sur le service d'assistance en gare Accessibilité numérique : conformité partielle Fonctionnalités d'accessibilité de nos applications mobiles Les autres services d'assistance en Europe Transporteurs TGV INOUI OUIGO TER BlaBlaCar Bus FlixBus BlaBlaCar INTERCITES LYRIA EUROSTAR TGV INOUI vers Bruxelles DB SNCF Voyageurs en coopération TGV INOUI vers l'Espagne TGV INOUI vers l'Italie TGV INOUI vers le Luxembourg TGV INOUI vers Fribourg Itinéraires populaires Train Paris Bordeaux Train Paris Marseille Train Bordeaux Paris Train Paris Lyon Train Paris Bruxelles Train Paris Strasbourg Train Paris Toulouse Train Toulouse Paris Train Lyon Paris Train Paris Amsterdam Train Paris Lille Train Nantes Paris Train Paris Genève Train Paris Barcelone Train Paris Nantes Trajets Transporteurs TGV INOUI Lille-Paris TGV INOUI Lyon-Paris TGV INOUI Paris-Nice TGV INOUI Marseille-Paris TGV INOUI Paris-Nantes OUIGO Fleury-les-Aubrais-Paris OUIGO Paris-Fleury-les-Aubrais OUIGO Rennes-Paris OUIGO Marseille-Lyon OUIGO Nantes-Paris TER Paris-Trouville Deauville TER Trouville Deauville-Paris TER Paris-Le Mans TER Le Mans-Paris TER Nice-Cannes : horaires et billets Top destinations Train France Train Paris Train Lyon Train Bordeaux Train Strasbourg Train Nantes Train Marseille Train Lille Train Marne-la-Vallée Chessy (Disneyland® Paris) Train Amsterdam Train Londres Train Barcelone Train Rennes Train Italie Train Suisse Nos applications mobiles","5 bonnes raisons de voyager sur Eurostar
Réserver un billet de train
Sommaire
Un voyage rapide de centre-ville à centre-ville
Weekend à Londres avec Eurostar
C’est aussi le plus rapide
Vous partez quand vous voulez
Vous profitez d’avantages exclusifs
Le voyage en lui-même est une expérience
Préparez votre séjour : Londres au départ deParisLille
Vous aimerez aussi
Mentions légales"
karlrushe,"- Découvrir Karlsruhe : Ville dynamique et culturelle en Allemagne
- Karlsruhe, destination méconnue en Allemagne : à explorer absolument
- Guide de voyage Karlsruhe : Culture, histoire et diversité en Allemagne",modifier modifier (50) modifier code (50) e siècle (14) page utilisant (14) afficher masquer (10) masquer soussection (10) xix e (9) guerre mondiale (8) 000 habitants (8) karlsruhe ville (7)ktg karlsruhe (10) karlsruhe tourisme (8) tourisme gmbh (8) 0 1 (8) 1 2 (8) 2 3 (8) 3 4 (8) 4 5 (8) 5 6 (8) 6 7 (8)apprendre plus (10) villes culture (4) culture karlsruhe (3) of the (3) the website (2) cookies for (2) use our (2) in order (2) order to (2) the provider (2)vivre karlsruhe (5) français karlsruhe (5) expat guides (4) vie pro (4) café femmexpat (4) twitter youtube (3) youtube instagram (3) départ côté (3) famille couple (3) retour côté (3),modifier modifier code (50) afficher masquer soussection (10) xix e siècle (9) seconde guerre mondiale (7) modifier code karlsruhe (7) page pointant vers (6) pointant vers bases (5) déplacer vers barre (4) vers barre latérale (4) barre latérale masquer (4)ktg karlsruhe tourisme (8) karlsruhe tourisme gmbh (8) 0 1 2 (8) 1 2 3 (8) 2 3 4 (8) 3 4 5 (8) 4 5 6 (8) 5 6 7 (8) 6 7 8 (8) 7 8 9 (8)in order to (2) français english deutsch (2) english deutsch français (2) deutsch français español (2) villes culture karlsruhe (2) château karlsruhe apprendre (2) karlsruhe apprendre plus (2) apprendre plus centre (2) plus centre lart (2) centre lart médias (2)twitter youtube instagram (3) laccès stockage technique (3) facebook twitter youtube (2) afrique amérique nord (2) amérique nord amérique (2) nord amérique sud (2) amérique sud asie (2) sud asie pacifique (2) asie pacifique europe (2) pacifique europe moyen (2),karlsruhe (0.67) ville (0.40) modifier (0.38) bade (0.20) code (0.20) plus (0.14) allemagne (0.12) allemand (0.12) château (0.10) grand (0.10) page (0.10) aussi (0.09) depuis (0.09) durlach (0.09) comme (0.08) centre (0.07) compte (0.07) 000 (0.07) habitants (0.07) vers (0.06) musée (0.06) première (0.06) sous (0.06) autres (0.06) utilisant (0.06) baden (0.05) histoire (0.05) masquer (0.05) section (0.05) siècle (0.05)karlsruhe (0.73) ville (0.24) gmbh (0.18) ktg (0.18) enfant (0.16) 10 (0.15) 11 (0.15) 14 (0.15) 17 (0.15) photo (0.15) tourisme (0.15) âge (0.15) 12 (0.13) 13 (0.13) 15 (0.13) 16 (0.13) kme (0.13) 2025 (0.11) information (0.11) jürgen (0.08) rösner (0.08) événements (0.08) bulletin (0.07) centre (0.07) changer (0.07) culture (0.07) guidées (0.07) navigation (0.07) nuit (0.07) œil (0.07)plus (0.49) karlsruhe (0.37) apprendre (0.29) the (0.26) villes (0.23) culture (0.20) ville (0.20) art (0.17) centre (0.17) for (0.17) château (0.14) comme (0.14) cookies (0.14) of (0.14) allemagne (0.11) châteaux (0.11) dzt (0.11) français (0.11) germany (0.11) in (0.11) our (0.11) use (0.11) vivre (0.11) you (0.11) grands (0.09) information (0.09) newsletter (0.09) settings (0.09) shopping (0.09) website (0.09)karlsruhe (0.49) expat (0.31) expatriation (0.25) retour (0.25) ville (0.25) côté (0.18) france (0.18) vie (0.18) femmexpat (0.16) français (0.16) hiver (0.16) tout (0.16) bien (0.14) départ (0.14) fermer (0.14) nombreux (0.14) ouvrir (0.14) plus (0.14) pro (0.14) très (0.14) vivre (0.14) accès (0.12) aussi (0.12) destinations (0.12) emploi (0.12) fait (0.12) préférences (0.12) site (0.12) gérer (0.10) stockage (0.10),{Pas de fait important},"- ""49° 00′ 50″ nord, 8° 24′ 15″ est""
- ""Karlsruhe, avec une température annuelle moyenne de 10,7 °C, est une des villes les plus chaudes d'Allemagne.""
- ""Elle profite aussi d'une durée annuelle d'ensoleillement de 1691,4 heures (période de référence 1961-90), ce qui en fait l'une des villes allemandes les plus ensoleillées.""
- ""La température est inférieure à zéro pendant 17,1 jours par an en moyenne.""
- ""Population 301 252 hab. (31 déc. 2022)""
- ""En 2009, la ville de Karlsruhe avait un budget de 893,86 millions d'euros et a dépensé 902,75 millions d'euros.""
- ""La dette municipale est relativement élevée, elle atteignait par exemple 159,88 millions d'euros en 2008.""
- ""Le secteur des services employait plus de 80 % d'entre eux, et l'industrie, 19 %.""
- ""En décembre 2011, il y avait 7 855 chômeurs enregistrés à Karlsruhe, donnant à la ville un taux de chômage de 5,3 %, chiffre en dessous de la moyenne fédérale : 6,6 %.""
- ""Depuis le 1er janvier 1973, la ville est le chef-lieu de la circonscription de Karlsruhe.""
- ""En 1969, Karlsruhe est récompensé du Prix de l'Europe, conjointement avec Nancy.""
- ""Le tramway de Karlsruhe est inauguré le 21 janvier 1877.""
- ""La duale Hochschule Baden-Württemberg Karlsruhe a été fondée en 1979 en tant que programme d'éducation coopérative.""
- ""Les pièces en euro frappées à Karlsruhe sont marquées d'un G.""
- ""Le tram-train de Karlsruhe a été mis en place en 1992.""
- ""Environ 40 % de tous les sites allemands sont gérés à Karlsruhe.""
- ""Le port de Karlsruhe a vu transiter 5,52 millions de tonnes de marchandises en 2011.""
- ""Karlsruhe abrite le siège de l'EnBW, troisième énergéticien allemand.""
- ""En 1950, la Cour fédérale s'installe à Karlsruhe.""",karlrushe,"5 bonnes raisons d’aller à Karlsruhe - SNCF Connect Aller au contenu principal Voyager Voyager Voyager Fermer Tout pour voyager Réserver Réserver Billets de train Voyages en bus Trajets en covoiturage Location de voiture Hôtels Taxi/VTC Bons plans Bons plans Voyages en groupe Voyages pro Enfant voyageant seul Informations Informations Horaires en gare Info trafic Handicap et accessibilité Tous les transporteurs Tous les services Nos réponses à vos questions Guide de voyage Guide de voyage Où voyager en France, en Europe Voyager selon vos envies Billets Billets Billets Fermer Voir vos billets et titres Vos voyages Vos voyages Tous vos voyages Importer un voyage Compensation en cas de retard Faire une réclamation Modifier un voyage Assurance Allianz Vos cartes et abonnements Vos cartes et abonnements Importer une carte ou abonnement Acheter une carte ou abonnement Compléter votre voyage Compléter votre voyage Louer une voiture Réserver un hôtel Réserver un Taxi/VTC Transports urbains Restauration à bord TGV INOUI Restauration à bord INTERCITES Tous les services Offres Offres Offres Fermer Parcourir toutes les offres Cartes et abonnements SNCF Cartes et abonnements SNCF Carte Avantage Jeune Carte Avantage Adulte Carte Avantage Senior Carte Liberté Abonnement MAX ACTIF Abonnement MAX JEUNE Toutes les cartes et abonnements Offres régionales Offres régionales TER Auvergne-Rhône-Alpes TER Hauts de France LiO Train Occitanie TER Nouvelle-Aquitaine Titres Île-de-France Mobilités Consulter les offres régionales Offres urbaines Offres urbaines Avignon – Réseau Orizo Caen – Réseau Twisto Montbéliard – Réseau évolitY Perpignan – Réseau Sankéo Sophia Antipolis – Réseau Envibus Tours – Réseau Fil Bleu Consulter les offres urbaines Services Services Louer une voiture Réserver un hôtel Réserver un Taxi/VTC Assurer votre voyage Livraison de bagages Transport de véhicules Restauration à bord Domicile + Train Tous les services Compte Compte Compte Fermer Accéder à votre compte Vos espaces Vos espaces Se connecter Se créer un compte Espace MAX JEUNE Espace MAX SENIOR Communauté SNCF Connect Vos informations Vos informations Vos informations personnelles Cartes et programmes de fidélité Vos achats Vos moyens de paiement Compagnons de voyage Aide et légal Aide et légal Charte de confidentialité Conditions générales d'utilisation Compensation en cas de retard Aide en ligne Contacts 5 bonnes raisons d’aller à Karlsruhe Accueil A voir, à faire 5 bonnes raisons d’aller à Karlsruhe Pourquoi aller à Karlsruhe ? Parce qu’à 2h30 de Paris en TGV INOUI et ICE, cette ville située dans le Bade-Wurtemberg vous offre un vrai dépaysement. Son château, ses spécialités culinaires, ses visites pittoresques, insolites ou nature sauront vous surprendre Réserver un billet de train Réserver un billet de train Rechercher Annuler Faire une halte à Karlsruhe , c’est découvrir une ville dessinée sur le modèle d’une roue… dont les rues en sont les rayons ! De son épicentre, voici nos meilleurs conseils pour profiter de la singularité et la vitalité de Karlsruhe. © Philippe Trzebiatowski Pourquoi visiter Karlsruhe ? Pour son château royal Pour ses bonnes adresses gourmandes Pour son centre d’art et des médias ZKM Pour son jardin botanique Pour son quartier mediéval de Durlach © Philippe Trzebiatowski Pour son château royal À vous la vie de châtelain Beau, grand et surtout incontournable ! Le château de Karlsruhe , c’est le Versailles allemand… Découvrez cette ancienne résidence royale : dans son musée , son donjon ou ses jardins, revivez les fastes des margraves et des grands-ducs de Bade. Juste splendide ! Tout commence au château de Karlsruhe C’est le point de départ de votre visite de Karlsruhe. Et oui, le palace baroque est l’épicentre d’une ville construite en forme de roue ! Et c’est pourquoi les habitants de Karlsruhe aiment s’y retrouver et profiter de son magnifique parc. Pour un pique-nique, un jeu de cartes ou une partie de pétanque ! >> Apprenez-en plus sur le château de Karlsruhe Château de Karlsruhe Schloßbezirk 10 76131 Karlsruhe Allemagne Horaire d'ouverture : Du mardi au jeudi de 10h à 17h. Du vendredi au dimanche de 10h à 18h. Fermé le lundi. © istock - yummy pic Pour ses bonnes adresses gourmandes Kaffe Kuchen, natürlich ! Les Allemands ne peuvent pas s’en passer : le moment du Kaffee Kuchen … Was ist das ? C’est un goûter à l’Allemande avec café (vous aviez compris) et gâteau. Karlsruhe regorge de bonnes adresses pour s’adonner à ce petit plaisir. Rendez-vous chez Berry Su ou à la Confiserie Böcheler (sur la Kaiserstraße) pour ne pas déroger à cette tradition exquise. Capitale de la bière À Karlsruhe, la bière est élevée au rang de fierté locale ! Il faut dire que la ville compte de nombreuses brasseries artisanales… De quoi découvrir la bière allemande dans toute sa splendeur ! Coup de coeur pour la brasserie Vogelbräu et ses bières « faites maison », son biergarten, ses généreuses (et excellentes) spécialités. Le tout pour un prix défiant toute concurrence ! Musée ZKM - © DPA / Photononstop - Architecte : Schweger Architekten Pour son centre d’art et des médias ZKM Un lieu unique au monde Ne vous fiez pas aux apparences… Derrière un nom un peu austère se cache un lieu passionnant ! Le ZKM se compose de trois centres de recherche et une médiathèque où l’art et la science sont à l’honneur. Des expositions vous font voyager dans le monde hypnotisant des nouvelles technologies. Un endroit définitivement pas comme les autres ! L’art et la science à portée de main Voir une exposition, travailler sur votre ordinateur, participer à une visite guidée, profiter des infrastructures, le ZKM vous accueille librement. Ici, l’art et la science sont accessibles à tous. Les amateurs d’ architecture ne seront pas en reste : le ZKM a élu domicile dans les anciens murs d’une manufacture de munitions… classée aujourd’hui monument historique ! >> D'autres visites culturelles au Bade-Wurtemberg ZKM Karlsruhe Lorenzstraße 19 76135 Karlsruhe Allemagne Horaire d'ouverture : Du mercredi au vendredi de 10h à 18h. Samedi et dimanche de 11h à 18h. Fermé le lundi et mardi. Le jardin botanique du château de Karlsruhe - © iStock - tichr Pour son jardin botanique Sous les tropiques Juste à côté du château, dans le jardin botanique de Karlsruhe , offrez-vous un voyage aux quatre coins du monde. Des senteurs nouvelles vous embaumeront… au milieu de fleurs venues d’ailleurs. Dans les serres, vous trouverez des plantes exotiques et rares. C’est sûr, vos cinq sens seront en éveil. Un havre de paix À l’ombre d’arbres majestueux et parfois centenaires, profitez d’un moment de détente en couple, en famille ou entre amis. C’est dans ce décor de rêve que les habitants de Karlsruhe viennent immortaliser leur amour. En fin de journée, au soleil couchant, la lumière est la plus belle. Elle se faufile entre les feuilles, les fleurs et les branches avant d’illuminer les fontaines et les sculptures. Jardin botanique de Karlsruhe Hans-Thoma-Straße 6 76131 Karlsruhe Allemagne Vue du Turmberg sur Karlsruhe - © iStock - Arthur Palmer Pour son quartier médiéval Vieille ville de Durlach « Môman ». Et oui, l’ancienne ville indépendante de Durlach est considérée comme la « mère » de Karlsruhe. Il faut dire qu’elle existait bien avant… Aujourd’hui, les deux villes ne font qu’une mais Durlach a su garder tout son chame d’antan. Dans ses ruelles et au milieu de ses maisons à pans de bois, c’est une atmosphère médiévale qui vous attend. Le quartier de Durlach est accessible du centre de Karlsruhe en transport en commun (S5, S31 ou S32) ou en voiture. Il faut compter entre 15 et 20 minutes pour s’y rendre. En funiculaire sur le Turmberg Au départ de Durlach, ne manquez pas l’attraction préférée des habitants de Karlsruhe : monter sur la Turmberg et profiter de la vue ! Deux options s’offrent à vous pour gravir la colline : embarquer à bord du plus vieux funiculaire d’Allemagne ou grimper à la force de vos mollets. Dans les deux cas, c’est une belle récompense qui vous attend au sommet : un magnifique panorama sur Durlach et la Forêt Noire. Turmbergbahn (funiculaire du Turmberg) Bergbahnstrasse 76227 Karlsruhe - Durlach France Horaire d'ouverture : Ouvert tous les jours de 10h à 19h50. Infos prix : Cet article vous a plu ? Partagez-le ! Facebook WhatsApp X, formerly Twitter Pinterest Mail La Rédaction SNCF Connect 31/10/2019 Préparez votre séjour : Karlsruhe au départ de Paris Marseille Lyon 31 / 07 Dès 59 € (1) 01 / 08 Dès 68 € (1) 02 / 08 Dès 68 € (1) 03 / 08 Dès 95 € (1) 04 / 08 Dès 73 € (1) 05 / 08 Dès 54 € (1) 06 / 08 Dès 49 € (1) Le moins cher Mentions légales (1) Voir les conditions des offres (1) Tarifs TTC, à partir de, pour une personne, pour un aller simple, en 2nd classe, sur une sélection de trains et de dates et sous réserve de disponibilité. Offres soumises à conditions d'échanges et de remboursement des transporteurs concernés à consulter lors de la commande. Paiement en ligne. Offres non cumulables avec d'autres promotions SNCF. Nos engagements Meilleurs prix garantis Paiement sécurisé Contact 7j/7 Service client de l'année 2025 Moyens de paiement Infos et conditions Paiement en Chèque-Vacances Connect Infos et conditions de paiement avec les cartes Ayvens, Betterway, Pluxee ou RoadMate Choix du pays Langue France Langue Belgique België Belgium Deutschland España France Italia Luxembourg Nederland Suisse Schweiz Switzerland Other regions and countries Nos partenaires Inscrivez-vous à notre newsletter et profitez des meilleurs bons plans Suivez-nous ! L'entreprise Conditions de présentation des offres sur le site Conditions générales de vente Droits des voyageurs ferroviaires et Règlement européen n°2021/782 Informations légales Charte de confidentialité et cookies Gestion des cookies Partenariat Régie publicitaire Devenir partenaire ou affilié Widget SNCF Connect Sites du groupe Site SNCF Connect & Tech Espace Presse SNCF Connect & Tech Carrières SNCF Connect & Tech Le compte des agents SNCF Groupe-sncf.com Emploi Groupe SNCF Vous informer Aide Contactez-nous Vos billets Communauté SNCF Connect Plan du site SNCF Connect Guide du voyageur Franchissement frontière Handicap & mobilité réduite Nos services pour les voyageurs PSH/PMR Tout savoir sur le service d'assistance en gare Accessibilité numérique : conformité partielle Fonctionnalités d'accessibilité de nos applications mobiles Les autres services d'assistance en Europe Transporteurs TGV INOUI OUIGO TER BlaBlaCar Bus FlixBus BlaBlaCar INTERCITES LYRIA EUROSTAR TGV INOUI vers Bruxelles DB SNCF Voyageurs en coopération TGV INOUI vers l'Espagne TGV INOUI vers l'Italie TGV INOUI vers le Luxembourg TGV INOUI vers Fribourg Itinéraires populaires Train Paris Bordeaux Train Paris Marseille Train Bordeaux Paris Train Paris Lyon Train Paris Bruxelles Train Paris Strasbourg Train Paris Toulouse Train Toulouse Paris Train Lyon Paris Train Paris Amsterdam Train Paris Lille Train Nantes Paris Train Paris Genève Train Paris Barcelone Train Paris Nantes Trajets Transporteurs TGV INOUI Lille-Paris TGV INOUI Lyon-Paris TGV INOUI Paris-Nice TGV INOUI Marseille-Paris TGV INOUI Paris-Nantes OUIGO Fleury-les-Aubrais-Paris OUIGO Paris-Fleury-les-Aubrais OUIGO Rennes-Paris OUIGO Marseille-Lyon OUIGO Nantes-Paris TER Paris-Trouville Deauville TER Trouville Deauville-Paris TER Paris-Le Mans TER Le Mans-Paris TER Nice-Cannes : horaires et billets Top destinations Train France Train Paris Train Lyon Train Bordeaux Train Strasbourg Train Nantes Train Marseille Train Lille Train Marne-la-Vallée Chessy (Disneyland® Paris) Train Amsterdam Train Londres Train Barcelone Train Rennes Train Italie Train Suisse Nos applications mobiles","5 bonnes raisons d’aller à Karlsruhe
Réserver un billet de train
Pourquoi visiter Karlsruhe ?
Pour son château royal
Pour ses bonnes adresses gourmandes
Pour son centre d’art et des médias ZKM
Pour son jardin botanique
Pour son quartier médiéval
Préparez votre séjour : Karlsruhe au départ deParisMarseilleLyon
Mentions légales"
,"- ""Guide ultime pour optimiser votre site web""
- ""Conseils pour améliorer le SEO de votre site""
- ""Maximisez votre visibilité en ligne avec ces astuces""",,,,Pas de fait important,- Pas de chiffres importants,,,
que faire autour de la gare de lyon,"- Activités incontournables près de Gare de Lyon à Paris
- Découvrez les meilleures visites autour de Gare de Lyon
- Les lieux à ne pas manquer près de Gare de Lyon, Paris",gare lyon (43) 5 bulles (30) paris france (30) minutes gare (27) paris hôtels (26) 75012 paris (21) paris visites (14) hôtels près (13) lyon voir (13) faire près (12)gare lyon (18) autour gare (11) minutes pied (7) pied gare (6) où partir (4) voici 12 (3) 12 visites (3) faire autour (3) train bleu (3) galerie fresques (3)gare lyon (8) lieux insolites (6) 75012 paris (6) bistrot gare (6) faire paris (5) train bleu (5) bercy village (5) faire alentours (4) paris ouvert (4) ouvert tous (4)gare lyon (14) train bleu (5) rue crémieux (5) bercy village (5) galerie fresques (4) coulée verte (4) lyon paris (3) lune plus (3) plus jolies (3) oasis verdure (3)autour gare (12) tgv inoui (12) train paris (12) sncf connect (9) gare parisgaredelyon (9) 08 dès (6) paris train (6) paris faire (5) gare lyon (5) cartes abonnements (5),minutes gare lyon (27) 75012 paris france (21) gare lyon voir (13) hôtels près site (10) faire près gare (7) 50 5 5 (7) 5 5 bulles (7) paris france 8 (7) france 8 minutes (7) 8 minutes gare (7)autour gare lyon (11) minutes pied gare (5) voici 12 visites (3) faire autour gare (3) pied gare lyon (3) coulée verte renédumont (3) cité mode design (3) 12 visites faire (2) visites faire autour (2) gare lyon paris (2)paris ouvert tous (4) ouvert tous jours (4) faire alentours gare (3) 75012 paris ouvert (3) alentours gare lyon (2) gare lyon paris (2) faire paris toutes (2) paris toutes idées (2) toutes idées sorties (2) paris lieux insolites (2)gare lyon paris (3) lune plus jolies (3) visites incontournables autour (2) incontournables autour gare (2) autour gare lyon (2) astuces bons plans (2) bons plans destinations (2) plans destinations divers (2) restaurer comme roi (2) comme roi train (2)autour gare parisgaredelyon (8) tgv inoui vers (5) paris faire autour (4) 75012 paris france (4) faire autour gare (3) autour gare lyon (3) où faire sport (3) minutes pied gare (3) sncf connect tech (3) paris train paris (3),paris (0.92) hôtels (0.18) gare (0.15) lyon (0.14) france (0.12) près (0.11) avis (0.10) bulles (0.10) minutes (0.09) 75012 (0.07) visites (0.06) rue (0.05) voir (0.05) bars (0.04) site (0.04) circuits (0.04) clubs (0.04) faire (0.04) expériences (0.03) activités (0.03) musées (0.03) arr (0.02) musée (0.02) tripadvisor (0.02) avenue (0.02) daumesnil (0.02) hôtel (0.02) jeux (0.02) plus (0.02) sites (0.02)gare (0.48) paris (0.48) lyon (0.33) autour (0.24) plus (0.22) capitale (0.19) si (0.19) minutes (0.15) pied (0.15) faire (0.13) recherche (0.13) 12 (0.11) amérique (0.11) jardin (0.11) site (0.11) tous (0.11) tout (0.11) train (0.11) 10 (0.09) avant (0.09) cher (0.09) profiter (0.09) visiter (0.09) voyage (0.09) 15 (0.07) bien (0.07) ceux (0.07) coulée (0.07) côte (0.07) mode (0.07)paris (0.61) gare (0.39) faire (0.27) lyon (0.23) insolites (0.20) train (0.18) bercy (0.16) 75012 (0.14) bistrot (0.14) insolite (0.14) lieux (0.14) bleu (0.11) française (0.11) jours (0.11) tous (0.11) village (0.11) zigzag (0.11) alentours (0.09) cinémathèque (0.09) expositions (0.09) fresques (0.09) galerie (0.09) ouvert (0.09) post (0.09) restaurant (0.09) rue (0.09) si (0.09) toutes (0.09) crédit (0.07) propose (0.07)gare (0.44) lyon (0.41) paris (0.24) train (0.24) avant (0.21) rédacteur (0.21) galerie (0.18) village (0.18) véritable (0.18) bercy (0.15) bleu (0.15) cette (0.15) crémieux (0.15) fresques (0.15) lecteurs (0.15) plus (0.15) rue (0.15) art (0.12) autres (0.12) capitale (0.12) comme (0.12) coulée (0.12) cœur (0.12) découvrir (0.12) flâner (0.12) incontournables (0.12) invite (0.12) verdure (0.12) verte (0.12) longer (0.09)paris (0.66) train (0.39) gare (0.33) lyon (0.26) sncf (0.17) offres (0.14) autour (0.13) faire (0.13) france (0.12) inoui (0.12) tgv (0.12) où (0.11) connect (0.10) voyage (0.10) ter (0.09) réserver (0.08) billets (0.07) carte (0.07) cartes (0.07) conditions (0.07) dès (0.07) services (0.07) compte (0.06) informations (0.06) lieu (0.06) paiement (0.06) réseau (0.06) vers (0.06) voir (0.06) voyager (0.06),"- Explorer le Jardin des Plantes et son zoo, idéal pour une promenade éducative en pleine nature.
- Découvrir le Viaduc des Arts, un passage couvert abritant des ateliers d'artisans et des boutiques uniques.
- Se promener sur la Coulée Verte René-Dumont, une promenade verte surélevée offrant une vue panoramique sur Paris.
- Visiter la Cinémathèque Française pour apprécier des expositions dédiées au patrimoine cinématographique.
- Profiter des espaces verts et des activités culturelles au Parc de Bercy, proche de la gare de Lyon.","- ""Top 10 des activités à faire près de Gare de Lyon (Paris) - Tripadvisor""
- ""Hôtels 5 étoiles à Paris""
- ""Hôtels 4 étoiles à Paris""
- ""Hôtels 3 étoiles à Paris""
- ""Hôtels 9e Arr. – Opéra : Hôtels 8e Arr.""
- ""Hôtels Bercy/Nation : Hôtels 12e Arr. – Reuilly : Hôtels 15e Arr.""
- ""Hôtels Champs-Élysées : Hôtels 14e Arr. – Observatoire : Hôtels 17e Arr.""
- ""Hôtels 10e Arr. – Entrepôt : Hôtels""
- ""Il y a trouvé le 7 185 activités pour vous près de Gare de Lyon""
- ""3,5 sur 5 bulles ( 517 avis )""
- ""4 Place Louis Armand, 75012 Paris France À 2 minutes de Gare de Lyon""
- ""Le Big Ben Bar 3,1 3,1 sur 5 bulles ( 28 avis )""
- ""À 4 minutes de Gare de Lyon""
- ""La Kitchenette de Miss Tâm 5,0 5 sur 5 bulles ( 297 avis )""
- ""À 12 minutes de Gare de Lyon""
- ""Finding France 5,0 5 sur 5 bulles ( 164 avis )""
- ""À 13 minutes de Gare de Lyon""
- ""Coulée Verte René-Dumont 4,5 4,5 sur 5 bulles ( 946 avis )""
- ""À 14 minutes de Gare de Lyon""
- ""Les Bulles À Flotter 4,8 4,8 sur 5 bulles ( 253 avis )""
- ""À 17 minutes de Gare de Lyon""
- ""Musée Art Ludique 3,8 3,8 sur 5 bulles ( 300 avis )""
- ""À 8 minutes de Gare de Lyon""
- ""Rue Crémieux 4,1 4,1 sur 5 bulles ( 189 avis )""
- ""À 10 minutes de Gare de Lyon""
- ""L’Esprit 5,0 5 sur 5 bulles ( 3 avis )""
- ""À 8 minutes de Gare de Lyon""
- ""Marché Aligre 4,3 4,3 sur 5 bulles ( 406 avis )""
- ""À 14 minutes de Gare de Lyon""
- ""Le Calbar 4,7 4,7 sur 5 bulles ( 144 avis )""
- ""À 12 minutes de Gare de Lyon""
- ""Joce 3,9 3,9 sur 5 bulles ( 29 avis )""
- ""À 8 minutes de Gare de Lyon""
- ""Pont Charles-de-Gaulle 3,4 3,4 sur 5 bulles ( 9 avis )""
- ""À 8 minutes de Gare de Lyon""
- ""Love Store Paris 5,0 5 sur 5 bulles ( 3 avis )""
- ""À 8 minutes de Gare de Lyon""
- ""Square Philippe Farine 3,0 3 sur 5 bulles ( 1 avis )""
- ""À 8 minutes de Gare de Lyon""
- ""Ground Control 3,9 3,9 sur 5 bulles ( 174 avis )""
- ""À 11 minutes de Gare de Lyon""
- ""Asian Spa 4,1 4,1 sur 5 bulles ( 8 avis )""
- ""À 9 minutes de Gare de Lyon""
- ""Cathédrale Notre-Dame de Paris 4,6 4,6 sur 5 bulles ( 71 993 avis )""
- ""À 2.1 km de Gare de Lyon""
- ""Viaduc des Arts Paris XII 4,2 4,2 sur 5 bulles ( 146 avis )""
- ""À 12 minutes de Gare de Lyon""
- ""Ithemba Design Ethik 4,8 4,8 sur 5 bulles ( 4 avis )""
- ""À 9 minutes de Gare de Lyon""
- ""Galerie Claude Samuel 4,0 4 sur 5 bulles ( 1 avis )""
- ""À 9 minutes de Gare de Lyon""
- ""Le Marais Paris III 4,6 4,6 sur 5 bulles ( 13 004 avis )""
- ""À 2.3 km de Gare de Lyon""
- ""Jardin du Luxembourg 4,6 4,6 sur 5 bulles ( 35 515 avis )""
- ""À 2.7 km de Gare de Lyon""
- ""Les Docks 3,8 3,8 sur 5 bulles ( 21 avis )""
- ""À 9 minutes de Gare de Lyon""
- ""Jardin Hector Malot 3,0 3 sur 5 bulles ( 3 avis )""
- ""À 9 minutes de Gare de Lyon""
- ""Wine Tasting In Paris 5,0 5 sur 5 bulles ( 472 avis )""
- ""À 31 minutes de Gare de Lyon""
- ""Cite de la Mode Et du Design 3,4 3,4 sur 5 bulles ( 39 avis )""
- ""À 10 minutes de Gare de Lyon""
- ""Nous avons trouvé 7 185 activités pour vous près de Gare de Lyon""
- ""Comptez 10-15 minutes à pied de la gare""
- ""Plus de 6000 m2""
- ""34 quai D Austerlitz, 75013 Paris France À 9 minutes de Gare de Lyon""
- ""À 14 minutes de Gare de Lyon""",que faire autour de la gare de lyon,"Paris : que faire autour de la gare de Lyon ? - SNCF Connect Aller au contenu principal Voyager Voyager Voyager Fermer Tout pour voyager Réserver Réserver Billets de train Voyages en bus Trajets en covoiturage Location de voiture Hôtels Taxi/VTC Bons plans Bons plans Voyages en groupe Voyages pro Enfant voyageant seul Informations Informations Horaires en gare Info trafic Handicap et accessibilité Tous les transporteurs Tous les services Nos réponses à vos questions Guide de voyage Guide de voyage Où voyager en France, en Europe Voyager selon vos envies Billets Billets Billets Fermer Voir vos billets et titres Vos voyages Vos voyages Tous vos voyages Importer un voyage Compensation en cas de retard Faire une réclamation Modifier un voyage Assurance Allianz Vos cartes et abonnements Vos cartes et abonnements Importer une carte ou abonnement Acheter une carte ou abonnement Compléter votre voyage Compléter votre voyage Louer une voiture Réserver un hôtel Réserver un Taxi/VTC Transports urbains Restauration à bord TGV INOUI Restauration à bord INTERCITES Tous les services Offres Offres Offres Fermer Parcourir toutes les offres Cartes et abonnements SNCF Cartes et abonnements SNCF Carte Avantage Jeune Carte Avantage Adulte Carte Avantage Senior Carte Liberté Abonnement MAX ACTIF Abonnement MAX JEUNE Toutes les cartes et abonnements Offres régionales Offres régionales TER Auvergne-Rhône-Alpes TER Hauts de France LiO Train Occitanie TER Nouvelle-Aquitaine Titres Île-de-France Mobilités Consulter les offres régionales Offres urbaines Offres urbaines Avignon – Réseau Orizo Caen – Réseau Twisto Montbéliard – Réseau évolitY Perpignan – Réseau Sankéo Sophia Antipolis – Réseau Envibus Tours – Réseau Fil Bleu Consulter les offres urbaines Services Services Louer une voiture Réserver un hôtel Réserver un Taxi/VTC Assurer votre voyage Livraison de bagages Transport de véhicules Restauration à bord Domicile + Train Tous les services Compte Compte Compte Fermer Accéder à votre compte Vos espaces Vos espaces Se connecter Se créer un compte Espace MAX JEUNE Espace MAX SENIOR Communauté SNCF Connect Vos informations Vos informations Vos informations personnelles Cartes et programmes de fidélité Vos achats Vos moyens de paiement Compagnons de voyage Aide et légal Aide et légal Charte de confidentialité Conditions générales d'utilisation Compensation en cas de retard Aide en ligne Contacts Paris : que faire autour de la gare de Lyon ? Accueil A voir, à faire Paris Paris : que faire autour de la gare de Lyon ? Découvrez les nombreux lieux autour de la gare Paris-Gare-de-Lyon, laissez-vous tenter par ces petites adresses insolites aux alentours pour visiter Paris différemment. Réserver un billet de train Réserver un billet de train Rechercher Annuler © PNS-auduciel. Située dans le 12 ème arrondissement, la gare Paris-Gare-de-Lyon dessert de nombreuses destinations locales du sud-est (comme Paris Lyon ) ainsi que des liaisons internationales vers la Suisse, l’Italie et l’Espagne. Lieu de passage, elle est aussi un lieu de vie qui s’anime au gré des voyageurs. Alors, que pouvez-vous faire lorsque vous devez patienter quelques heures pour votre train ? Découvrez notre sélection d’adresses incontournables autour de la gare : Où manger à Paris-Gare-de-Lyon ? Où boire un verre autour de la gare Paris-Gare-de-Lyon ? Où faire du sport autour de la gare Paris-Gare-de-Lyon ? Quel musée voir autour de la gare Paris-Gare-de-Lyon ? Le restaurant le Train Bleu, Gare de Lyon, Paris - © istock-thehague Où manger à Paris-Gare-de-Lyon ? Lorsque nous voyageons, nous avons tendance à préférer une restauration rapide mais si vous souhaitez prendre le temps de bien vous restaurer, nous avons de bonnes adresses pour vous. Si vous souhaitez manger rapidement mais vous régaler, on vous conseille la Brasserie Le Paris-Lyon . Située à 5 minutes à pied de la gare, la rapidité du service de la brasserie ainsi que sa carte copieuse sont idéales pour les voyageurs pressés. Pour un repas dans un lieu d’exception, direction l’intérieur de la gare de Lyon. Le restaurant « Le train bleu » est une adresse emblématique qui régale les papilles depuis 1900 . Sa façade chic vous replonge dans ses années belle époque. Profitez de la finesse gastronomique française en vous régalant de ses plats gourmets. Le Paris Lyon 12 Boulevard Diderot 75012 Paris France 01 43 43 49 72 Le Train Bleu Place Louis-Armand 75012 Paris France 01 43 43 09 06 © istock-filadendron Où boire un verre autour de la gare Paris-Gare-de-Lyon ? Située à 10 minutes à pied de la gare , découvrez Ground Control , ancienne hall de la SNCF convertie en 6 000 M2 de divertissements. Vous pouvez vous relaxer dans ses transats et prendre les rayons du soleil sur son immense terrasse. Sa localisation vous permet de vous éloigner des bruits de la ville et de son agitation. Une petite faim ? Ground Control accueille de nombreux restaurants aux cuisines internationales : mexicain, italien, asiatique, african fusion… Lieu de vie, Ground Control est aussi un lieu où profiter de produits primeurs, où danser, écouter de la musique. On y va sans plus attendre entre deux escales à Paris-Gare-de-Lyon. Ground Control 81 Rue du Charolais 75012 Paris France © istock-alvarez Où faire du sport autour de la gare Paris-Gare-de-Lyon ? Lorsqu’on voyage depuis Paris, il est souvent difficile de trouver un lieu propice où faire du sport en plein air. Néanmoins, c’est autour de la gare Paris-Gare-de-Lyon que nous vous avons trouvé un espace où faire un peu d'exercice. Direction La coulée verte à 7 minutes à pied de la gare. Baskets aux pieds, prenez le chemin de ce sentier vert pour un jogging dépaysant au cœur de la ville. © PNS-Nathan alliard Quel musée voir autour de la gare Paris-Gare-de-Lyon ? Envie d’une pause détente ? On vous invite à la Cinémathèque et plongez dans des expositions consacrées au 7 ème art. Le musée se consacre à la mise en lumière des chefs d’œuvre cinématographiques issus de France et d’ailleurs. De nombreuses rencontres avec les plus grands noms du cinéma sont organisées ainsi que des masterclass, des projections . Les costumes de films ont une place particulière à la cinémathèque. Le temps d’un après-midi ou de quelques heures, profitez d ’un musée iconique parisien. La cinémathèque française 51 Rue de Bercy 75012 paris France Horaire d'ouverture : Du mercredi au lundi, de 12h à 19h Cet article vous a plu ? Partagez-le ! Facebook WhatsApp X, formerly Twitter Pinterest Mail Ariane Geffroy Rédaction SNCF Connect 18/04/2025 Préparez votre séjour : Paris au départ de Marseille Lyon Lille Bordeaux 31 / 07 Dès 29 € (1) 01 / 08 Dès 36 € (1) 02 / 08 Dès 45 € (1) 03 / 08 Dès 46 € (1) 04 / 08 Dès 29 € (1) 05 / 08 Dès 25 € (1) Le moins cher 06 / 08 Dès 25 € (1) Le moins cher Vous aimerez aussi Fermer Voir tout Gare Montparnasse : les meilleures options de restauration Top 10 des plus belles promenades dans Paris : découvrez la capitale autrement Que faire dans le quartier Saint-Michel à Paris ? Paris au fil des arrondissements La Tour Eiffel, l’emblème national La culture à Paris pour les phobiques des musées Voyage pro à Paris :  Que faire dans la capitale entre deux rendez-vous ? Top 5 des meilleurs restaurants de poissons à Paris Que faire autour de la place Dauphine à Paris ? Bio : Notre top 5 des meilleurs restaurants parisiens Les meilleurs golfs d’Île-de-France Les meilleurs pubs irlandais de Paris Mentions légales (1) Voir les conditions des offres (1) Tarifs TTC, à partir de, pour une personne, pour un aller simple, en 2nd classe, sur une sélection de trains et de dates et sous réserve de disponibilité. Offres soumises à conditions d'échanges et de remboursement des transporteurs concernés à consulter lors de la commande. Paiement en ligne. Offres non cumulables avec d'autres promotions SNCF. Nos engagements Meilleurs prix garantis Paiement sécurisé Contact 7j/7 Service client de l'année 2025 Moyens de paiement Infos et conditions Paiement en Chèque-Vacances Connect Infos et conditions de paiement avec les cartes Ayvens, Betterway, Pluxee ou RoadMate Choix du pays Langue France Langue Belgique België Belgium Deutschland España France Italia Luxembourg Nederland Suisse Schweiz Switzerland Other regions and countries Nos partenaires Inscrivez-vous à notre newsletter et profitez des meilleurs bons plans Suivez-nous ! L'entreprise Conditions de présentation des offres sur le site Conditions générales de vente Droits des voyageurs ferroviaires et Règlement européen n°2021/782 Informations légales Charte de confidentialité et cookies Gestion des cookies Partenariat Régie publicitaire Devenir partenaire ou affilié Widget SNCF Connect Sites du groupe Site SNCF Connect & Tech Espace Presse SNCF Connect & Tech Carrières SNCF Connect & Tech Le compte des agents SNCF Groupe-sncf.com Emploi Groupe SNCF Vous informer Aide Contactez-nous Vos billets Communauté SNCF Connect Plan du site SNCF Connect Guide du voyageur Franchissement frontière Handicap & mobilité réduite Nos services pour les voyageurs PSH/PMR Tout savoir sur le service d'assistance en gare Accessibilité numérique : conformité partielle Fonctionnalités d'accessibilité de nos applications mobiles Les autres services d'assistance en Europe Transporteurs TGV INOUI OUIGO TER BlaBlaCar Bus FlixBus BlaBlaCar INTERCITES LYRIA EUROSTAR TGV INOUI vers Bruxelles DB SNCF Voyageurs en coopération TGV INOUI vers l'Espagne TGV INOUI vers l'Italie TGV INOUI vers le Luxembourg TGV INOUI vers Fribourg Itinéraires populaires Train Paris Bordeaux Train Paris Marseille Train Bordeaux Paris Train Paris Lyon Train Paris Bruxelles Train Paris Strasbourg Train Paris Toulouse Train Toulouse Paris Train Lyon Paris Train Paris Amsterdam Train Paris Lille Train Nantes Paris Train Paris Genève Train Paris Barcelone Train Paris Nantes Trajets Transporteurs TGV INOUI Lille-Paris TGV INOUI Lyon-Paris TGV INOUI Paris-Nice TGV INOUI Marseille-Paris TGV INOUI Paris-Nantes OUIGO Fleury-les-Aubrais-Paris OUIGO Paris-Fleury-les-Aubrais OUIGO Rennes-Paris OUIGO Marseille-Lyon OUIGO Nantes-Paris TER Paris-Trouville Deauville TER Trouville Deauville-Paris TER Paris-Le Mans TER Le Mans-Paris TER Nice-Cannes : horaires et billets Top destinations Train France Train Paris Train Lyon Train Bordeaux Train Strasbourg Train Nantes Train Marseille Train Lille Train Marne-la-Vallée Chessy (Disneyland® Paris) Train Amsterdam Train Londres Train Barcelone Train Rennes Train Italie Train Suisse Nos applications mobiles","Paris : que faire autour de la gare de Lyon ?
Réserver un billet de train
Où manger à Paris-Gare-de-Lyon ?
Où boire un verre autour de la gare Paris-Gare-de-Lyon ?
Où faire du sport autour de la gare Paris-Gare-de-Lyon ?
Quel musée voir autour de la gare Paris-Gare-de-Lyon ?
Préparez votre séjour : Paris au départ deMarseilleLyonLilleBordeaux
Vous aimerez aussi
Mentions légales"
magasin lille ouvert dimanche,"- Magasin ouvert le dimanche à Lille : Trouvez votre bonheur shopping
- Centre commercial ouvert dimanche à Lille : Découvrez nos offres
- Shopping dominical à Lille : Magasins ouverts pour vous ravir",10001900 1000 (39) 1000 1900 (39) savoir plus (14) plus horaires (14) horaires lun (14) lun lundi (14) mar mardi (14) mer mercredi (14) jeu jeudi (14) ven vendredi (14)centre commercial (17) dimanche lille (15) ouvert dimanche (9) ecrire avis (8) voir plan (8) afficher tél (8) tél 03 (8) centres commerciaux (8) commercial ouvert (6) 03 20 (6)29 juin (6) métropole lille (5) h 30 (5) soldes dété (4) magasins ouverts (4) dimanche 29 (4) juin 2025 (4) 10 h (4) 19 h (4) lille actu (4)08302100 0830 (12) 0830 2100 (12) 08002000 0800 (12) 0800 2000 (12) ouvert jusquà (8) appeler afficher (8) afficher numéro (8) numéro téléphone (8) téléphone 03 (8) savoir plus (8)lille lille (8) livres lille (6) lille a (6) tous articles (4) articles sortir (4) sortir lille (4) a z (4) z livres (4) lille insolite (4) insolite secret (4),10001900 1000 1900 (39) savoir plus horaires (14) plus horaires lun (14) horaires lun lundi (14) lille appeler afficher (12) appeler afficher numéro (12) afficher numéro téléphone (12) vêtements femmes ouvert (11) femmes ouvert jusquà (11) 10001930 1000 1930 (11)ouvert dimanche lille (8) afficher tél 03 (8) centre commercial ouvert (6) commercial ouvert dimanche (6) tél 03 20 (6) commerciaux centre commercial (5) avis ecrire avis (4) centres commerciaux centre (4) centre commercial carrefour (3) commercial carrefour wasquehal (3)dimanche 29 juin (4) voici magasins ouverts (3) magasins ouverts dimanche (3) ouverts dimanche 29 (3) 29 juin 2025 (3) premier dimanche soldes (3) 10 h 19 (3) h 19 h (3) soldes dété voici (2) dété voici magasins (2)08302100 0830 2100 (12) 08002000 0800 2000 (12) appeler afficher numéro (8) afficher numéro téléphone (8) numéro téléphone 03 (8) savoir plus horaires (8) plus horaires lun (8) horaires lun lundi (8) téléphone 03 20 (6) 06302100 0630 2100 (6)tous articles sortir (4) articles sortir lille (4) sortir lille lille (4) lille lille a (4) lille a z (4) a z livres (4) z livres lille (4) livres lille lille (4) lille lille insolite (4) lille insolite secret (4),00 (0.79) 19 (0.39) 10 (0.36) 30 (0.19) lille (0.13) 20 (0.09) dimanche (0.06) ouvert (0.06) 11 (0.05) plus (0.04) vêtements (0.04) 09 (0.04) 13 (0.04) 14 (0.04) samedi (0.04) dim (0.03) horaires (0.03) jeu (0.03) jeudi (0.03) lun (0.03) lundi (0.03) mar (0.03) mardi (0.03) mer (0.03) mercredi (0.03) sam (0.03) savoir (0.03) ven (0.03) vendredi (0.03) jusqu (0.03)lille (0.62) dimanche (0.34) centre (0.30) avis (0.24) commercial (0.24) ouvert (0.18) voir (0.18) afficher (0.13) commerciaux (0.13) magasin (0.13) ouverts (0.13) 03 (0.11) centres (0.11) ecrire (0.11) lundi (0.11) plan (0.11) samedi (0.11) tél (0.11) magasins (0.10) 20 (0.08) boutiques (0.08) km (0.08) ouverture (0.08) plus (0.08) ligne (0.07) professionnels (0.07) restauration (0.07) shopping (0.07) wasquehal (0.07) carrefour (0.06)actu (0.44) lille (0.41) soldes (0.27) dimanche (0.21) france (0.21) juin (0.21) ouverts (0.21) 2025 (0.18) 29 (0.18) magasins (0.18) voici (0.18) 30 (0.15) centre (0.15) métropole (0.15) rue (0.15) 10 (0.12) 19 (0.12) boutiques (0.12) centres (0.12) faire (0.12) fr (0.12) newsletters (0.12) plus (0.12) premier (0.12) publihebdos (0.12) abonne (0.09) commerciaux (0.09) fermer (0.09) gérer (0.09) partagez (0.09)00 (0.78) 08 (0.32) 30 (0.29) 20 (0.28) lille (0.21) 21 (0.19) 06 (0.10) dimanche (0.08) 10 (0.07) 19 (0.06) ouvert (0.06) 12 (0.04) 03 (0.04) afficher (0.04) appeler (0.04) horaires (0.04) jeu (0.04) jeudi (0.04) jusqu (0.04) lun (0.04) lundi (0.04) mer (0.04) mercredi (0.04) numéro (0.04) sam (0.04) samedi (0.04) savoir (0.04) téléphone (0.04) ven (0.04) vendredi (0.04)lille (0.86) cookies (0.22) dimanche (0.22) aller (0.15) faire (0.11) livres (0.11) articles (0.09) magasins (0.09) sortir (0.09) toutes (0.09) art (0.07) commander (0.07) contactez (0.07) insolite (0.07) plus (0.07) rues (0.07) secret (0.07) street (0.07) tous (0.07) tout (0.07) comment (0.06) grand (0.06) jour (0.06) ouverts (0.06) paramètres (0.06) place (0.06) site (0.06) temps (0.06) sorties (0.04) ville (0.04),"- Informations sur la législation française concernant l'ouverture des magasins le dimanche à Lille.
- Conseils sur les transports publics disponibles pour accéder aux magasins ouverts le dimanche.
- Liste des quartiers les plus animés pour le shopping dominical à Lille.
- Statistiques sur le nombre de commerces ouverts le dimanche dans la métropole lilloise.
- Suggestions d'activités complémentaires à Lille pour accompagner une journée de shopping le dimanche.","- ""Pas de chiffres important""",magasin lille ouvert dimanche,"Un dimanche de shopping à Lille - SNCF Connect Aller au contenu principal Voyager Voyager Voyager Fermer Tout pour voyager Réserver Réserver Billets de train Voyages en bus Trajets en covoiturage Location de voiture Hôtels Taxi/VTC Bons plans Bons plans Voyages en groupe Voyages pro Enfant voyageant seul Informations Informations Horaires en gare Info trafic Handicap et accessibilité Tous les transporteurs Tous les services Nos réponses à vos questions Guide de voyage Guide de voyage Où voyager en France, en Europe Voyager selon vos envies Billets Billets Billets Fermer Voir vos billets et titres Vos voyages Vos voyages Tous vos voyages Importer un voyage Compensation en cas de retard Faire une réclamation Modifier un voyage Assurance Allianz Vos cartes et abonnements Vos cartes et abonnements Importer une carte ou abonnement Acheter une carte ou abonnement Compléter votre voyage Compléter votre voyage Louer une voiture Réserver un hôtel Réserver un Taxi/VTC Transports urbains Restauration à bord TGV INOUI Restauration à bord INTERCITES Tous les services Offres Offres Offres Fermer Parcourir toutes les offres Cartes et abonnements SNCF Cartes et abonnements SNCF Carte Avantage Jeune Carte Avantage Adulte Carte Avantage Senior Carte Liberté Abonnement MAX ACTIF Abonnement MAX JEUNE Toutes les cartes et abonnements Offres régionales Offres régionales TER Auvergne-Rhône-Alpes TER Hauts de France LiO Train Occitanie TER Nouvelle-Aquitaine Titres Île-de-France Mobilités Consulter les offres régionales Offres urbaines Offres urbaines Avignon – Réseau Orizo Caen – Réseau Twisto Montbéliard – Réseau évolitY Perpignan – Réseau Sankéo Sophia Antipolis – Réseau Envibus Tours – Réseau Fil Bleu Consulter les offres urbaines Services Services Louer une voiture Réserver un hôtel Réserver un Taxi/VTC Assurer votre voyage Livraison de bagages Transport de véhicules Restauration à bord Domicile + Train Tous les services Compte Compte Compte Fermer Accéder à votre compte Vos espaces Vos espaces Se connecter Se créer un compte Espace MAX JEUNE Espace MAX SENIOR Communauté SNCF Connect Vos informations Vos informations Vos informations personnelles Cartes et programmes de fidélité Vos achats Vos moyens de paiement Compagnons de voyage Aide et légal Aide et légal Charte de confidentialité Conditions générales d'utilisation Compensation en cas de retard Aide en ligne Contacts Un dimanche de shopping à Lille Accueil A voir, à faire Lille Un dimanche de shopping à Lille En visite du côté de Lille ? Profitez donc de votre dimanche pour faire du shopping au fil de ces quelques adresses. Réserver un billet de train Réserver un billet de train Rechercher Annuler Grand'Place, parterre fleuri en été, Lille - © PNS - Pierre Cheuva Une visite à Lille le dimanche est tout aussi agréable mais complètement différente. Alors que le centre-ville est très animé de nombreuses boutiques, vous retrouverez une ambiance plus populaire et bric-à-brac dans certains quartiers. Voici une sélection de 5 lieux pour faire y votre shopping le dimanche : Le marché de Wazemmes Maisons de Mode Cigoire Urban Music Lille Artigance © Istock - byakkaya Wazemmes et son marché aux accents de terroirs Le marché de Wazemmes est un des spots incontournables si vous êtes du genre lève-tôt. Ouvert tous les mardi, jeudi et dimanche matin , c’est ici que les Lillois viennent flâner, chiner, faire du shopping, ainsi que boire des cafés en terrasse. Prendre le temps de discuter avec les commerçants tout en faisant de bonnes affaires, c’est une habitude que nous perdons peu à peu et qui fait pourtant beaucoup de bien. Allez-y entre 8h00 et 11h00 pour éviter la cohue et ainsi passer un agréable moment au fil des étalages. Vous adorerez y flâner pendant des heures. Marché de Wazemmes Place Nouvelle Aventure 59000 Lille France Robes en boutique - © iStock - lOvE lOvE Maisons de Mode C’est un projet qui permet aux jeunes créateurs de se mettre avant et aux villes de Lille et de Roubaix de se dynamiser. Reconnue pour avoir de vrais talents, la métropole lilloise souhaite faire émerger des créateurs en mettant à disposition des boutiques et en créant des événements (défilés, la nuit des soldes, des marchés de mode ou encore des happy hours de créateurs). Chaque année, un prix est remis au créateur le plus prometteur afin que celui-ci puisse installer sa boutique dans un des quartiers de la métropole. Comptant 22 boutiques-créateurs , vous aurez de quoi refaire votre garde-robe. Jardin de Mode 58-60 Rue du Faubourg des Postes 59000 Lille France © Istock_Tempura Cigoire Cigoire est un joli concept store qui se trouve dans le vieux Lille, non loin de la célèbre adresse Méert – pratique pour ceux qui souhaitent faire une pause gourmande ! La boutique met en avant les créateurs en mettant l’accent sur le slow shopping, c’est-à-dire que le lieu est accueillant et que tout est fait pour que vouliez prendre votre temps pour découvrir les différents produits. Chez Cigoire, vous trouverez aussi bien des objets pour votre maison que des cosmétiques et des produits culinaires. Cigoire 91 Rue Esquermoise 59800 Lille France © Istock - Rawpixel Urban Music Lille A Lille, les amoureux de vinyles ne seront pas déçus ! La ville compte en effet plusieurs disquaires et nous en avons sélectionné un pour vous permettre de fouiller dans les bacs à la recherche des disques qui complèteront votre collection. Le shop d’ Urban Music Lille , tenu par DJ Pass depuis 2001, regorge de pépites. Ce grand passionné de hip-hop vous aiguillera sur les classiques à avoir mais également sur les albums moins connus. Urban Music LIlle 30 Rue Saint-Nicolas 59000 Lille France Créations de la verrerie de Biot - © Photononstop-Daniel-Thierry Artigance Artigance est une boutique pas comme les autres, située dans le quartier populaire de Fives . Cette adresse liloise met en avant les produits issus de l’artisanat , comme des sacs conçus par des mains habiles mais aussi des objets de décoration imaginés par des artisants. Le plus ? Artigance propose des ateliers créatifs depuis 2018 , avec au choix : des ateliers peinture sur porcelaine, d’autres sur la conception de bijoux en papiers. Vous pouvez peut-être prévoir d’en faire un pour terminer en beauté votre virée shopping  ? Artigance 114 Rue Pierre Legrand, 59000 Lille France Cet article vous a plu ? Partagez-le ! Facebook WhatsApp X, formerly Twitter Pinterest Mail Kylia, Stylistic Blogueuse mode 26/06/2019 Préparez votre séjour : Lille au départ de Paris Marseille Lyon Bordeaux 31 / 07 Dès 16 € (1) 01 / 08 Dès 16 € (1) 02 / 08 Dès 10 € (1) Le moins cher 03 / 08 Dès 10 € (1) Le moins cher 04 / 08 Dès 10 € (1) Le moins cher 05 / 08 Dès 12 € (1) 06 / 08 Dès 10 € (1) Le moins cher Vous aimerez aussi Fermer Voir tout Street food à Lille : un festival de saveurs Week-end à Lille avec le City Pass Top 7 pour faire la fête à Lille Lille : Les évènements à venir pour les 3 prochains mois Programme pour un week-end à Lille Marché de Noël à Lille Les spécialités et restaurants typiques de Lille Rencontre avec Marie, membre de Connect&Vous, #TeamTrain Le Top 10 des activités à faire en famille à Lille Un week-end romantique à Lille Les 6 spots les plus instagrammables de Lille La villa Cavrois à Croix Mentions légales (1) Voir les conditions des offres (1) Tarifs TTC, à partir de, pour une personne, pour un aller simple, en 2nd classe, sur une sélection de trains et de dates et sous réserve de disponibilité. Offres soumises à conditions d'échanges et de remboursement des transporteurs concernés à consulter lors de la commande. Paiement en ligne. Offres non cumulables avec d'autres promotions SNCF. Nos engagements Meilleurs prix garantis Paiement sécurisé Contact 7j/7 Service client de l'année 2025 Moyens de paiement Infos et conditions Paiement en Chèque-Vacances Connect Infos et conditions de paiement avec les cartes Ayvens, Betterway, Pluxee ou RoadMate Choix du pays Langue France Langue Belgique België Belgium Deutschland España France Italia Luxembourg Nederland Suisse Schweiz Switzerland Other regions and countries Nos partenaires Inscrivez-vous à notre newsletter et profitez des meilleurs bons plans Suivez-nous ! L'entreprise Conditions de présentation des offres sur le site Conditions générales de vente Droits des voyageurs ferroviaires et Règlement européen n°2021/782 Informations légales Charte de confidentialité et cookies Gestion des cookies Partenariat Régie publicitaire Devenir partenaire ou affilié Widget SNCF Connect Sites du groupe Site SNCF Connect & Tech Espace Presse SNCF Connect & Tech Carrières SNCF Connect & Tech Le compte des agents SNCF Groupe-sncf.com Emploi Groupe SNCF Vous informer Aide Contactez-nous Vos billets Communauté SNCF Connect Plan du site SNCF Connect Guide du voyageur Franchissement frontière Handicap & mobilité réduite Nos services pour les voyageurs PSH/PMR Tout savoir sur le service d'assistance en gare Accessibilité numérique : conformité partielle Fonctionnalités d'accessibilité de nos applications mobiles Les autres services d'assistance en Europe Transporteurs TGV INOUI OUIGO TER BlaBlaCar Bus FlixBus BlaBlaCar INTERCITES LYRIA EUROSTAR TGV INOUI vers Bruxelles DB SNCF Voyageurs en coopération TGV INOUI vers l'Espagne TGV INOUI vers l'Italie TGV INOUI vers le Luxembourg TGV INOUI vers Fribourg Itinéraires populaires Train Paris Bordeaux Train Paris Marseille Train Bordeaux Paris Train Paris Lyon Train Paris Bruxelles Train Paris Strasbourg Train Paris Toulouse Train Toulouse Paris Train Lyon Paris Train Paris Amsterdam Train Paris Lille Train Nantes Paris Train Paris Genève Train Paris Barcelone Train Paris Nantes Trajets Transporteurs TGV INOUI Lille-Paris TGV INOUI Lyon-Paris TGV INOUI Paris-Nice TGV INOUI Marseille-Paris TGV INOUI Paris-Nantes OUIGO Fleury-les-Aubrais-Paris OUIGO Paris-Fleury-les-Aubrais OUIGO Rennes-Paris OUIGO Marseille-Lyon OUIGO Nantes-Paris TER Paris-Trouville Deauville TER Trouville Deauville-Paris TER Paris-Le Mans TER Le Mans-Paris TER Nice-Cannes : horaires et billets Top destinations Train France Train Paris Train Lyon Train Bordeaux Train Strasbourg Train Nantes Train Marseille Train Lille Train Marne-la-Vallée Chessy (Disneyland® Paris) Train Amsterdam Train Londres Train Barcelone Train Rennes Train Italie Train Suisse Nos applications mobiles","Un dimanche de shopping à Lille
Réserver un billet de train
Wazemmes et son marché aux accents de terroirs
Maisons de Mode
Cigoire
Urban Music Lille
Artigance
Préparez votre séjour : Lille au départ deParisMarseilleLyonBordeaux
Vous aimerez aussi
Mentions légales"
marche de noel fribourg en brisgau,"- Marché de Noël Fribourg-en-Brisgau 2025 : dates, horaires, infos
- Guide du marché de Noël de Fribourg-en-Brisgau
- Découvrez le marché de Noël à Fribourg-en-Brisgau",marché noël (30) noël fribourg (27) freiburg im (9) im breisgau (9) fribourg 2025 (6) ça mintéresse (6) 23 décembre (5) décembre 2025 (5) mintéresse manifestations (5) spectacles concerts (4)weihnachtsmarkt freiburg (9) vin chaud (9) marché noël (8) enfant 0 (8) 0 1 (8) 1 2 (8) 2 3 (8) 3 4 (8) 4 5 (8) 5 6 (8)marché noël (13) noël fribourg (10) 1930 uhr (6) délicieuses spécialités (4) 2030 uhr (4) öffnet bild (4) bild im (4) im overlay (4) artisanat dart (3) fin dannée (3)marché noël (32) noël fribourg (19) french moments (8) noël fribourgenbrisgau (6) guide découverte (6) share 0 (6) source depositphotoscom (6) alsace lorraine (5) example heading (4) a propos (4)magie noël (8) luxe tentations (3) mode beauté (2) beauté bijouxjoaillerie (2) bijouxjoaillerie art (2) art vivre (2) vivre bienêtre (2) bienêtre voyages (2) voyages contacts (2) noël allemagne (2),marché noël fribourg (24) freiburg im breisgau (9) noël fribourg 2025 (6) 23 décembre 2025 (5) ça mintéresse manifestations (5) novembre 23 décembre (4) fêtes fin dannée (4) feu dartifice manifestations (3) soirées sorties famille (3) bordeaux colmar dijon (3)enfant 0 1 (8) 0 1 2 (8) 1 2 3 (8) 2 3 4 (8) 3 4 5 (8) 4 5 6 (8) 5 6 7 (8) 6 7 8 (8) 7 8 9 (8) 8 9 10 (8)marché noël fribourg (10) öffnet bild im (4) bild im overlay (4) im overlay öffnet (3) overlay öffnet bild (3) zum inhalt springen (2) délicieuses spécialités culinaires (2) 1000 2030 uhr (2) 1130 1930 uhr (2) 1930 uhr 2111 (2)marché noël fribourg (19) marché noël fribourgenbrisgau (6) licence cc bysa (4) cc bysa 30 (4) bysa 30 from (4) 30 from wikimedia (4) from wikimedia commons (4) stockage laccès technique (4) noël fribourgenbrisgau guide (3) fribourgenbrisgau guide découverte (3)mode beauté bijouxjoaillerie (2) beauté bijouxjoaillerie art (2) bijouxjoaillerie art vivre (2) art vivre bienêtre (2) vivre bienêtre voyages (2) bienêtre voyages contacts (2) magie noël allemagne (2) magie noël allemande (1) noël allemande menu (1) allemande menu search (1),noël (0.47) fribourg (0.43) 2025 (0.37) marché (0.37) freiburg (0.21) ville (0.19) haute (0.17) loire (0.14) sorties (0.14) jds (0.13) manifestations (0.12) 23 (0.11) allemagne (0.11) breisgau (0.11) im (0.11) marne (0.10) saint (0.10) seine (0.10) décembre (0.08) plus (0.08) tous (0.08) événement (0.08) 08 (0.07) alpes (0.07) chalets (0.07) choisir (0.07) hautes (0.07) intéresse (0.07) pyrénées (0.07) ça (0.07)enfants (0.35) noël (0.35) freiburg (0.31) 10 (0.23) weihnachtsmarkt (0.23) fribourg (0.21) marché (0.21) 12 (0.19) chaud (0.19) enfant (0.19) vin (0.19) 11 (0.17) 13 (0.17) 14 (0.17) 15 (0.17) 16 (0.17) 17 (0.17) adultes (0.17) auf (0.12) dem (0.12) fwtm (0.12) schoenen (0.12) bougies (0.10) raclette (0.10) seulement (0.10) verre (0.10) 761 (0.08) plus (0.08) réservation (0.08) sans (0.08)noël (0.45) marché (0.40) 30 (0.32) 11 (0.29) fribourg (0.29) uhr (0.27) 00 (0.21) 19 (0.19) 21 (0.13) 10 (0.11) 20 (0.11) 2024 (0.11) bild (0.11) depuis (0.11) délicieuses (0.11) im (0.11) overlay (0.11) spécialités (0.11) stands (0.11) öffnet (0.11) 12 (0.08) année (0.08) art (0.08) artisanat (0.08) découvrez (0.08) fin (0.08) fwtm (0.08) offre (0.08) plus (0.08) ville (0.08)fribourg (0.53) noël (0.52) marché (0.42) blog (0.16) ville (0.16) brisgau (0.15) allemagne (0.12) lorraine (0.12) alsace (0.11) découverte (0.11) france (0.11) histoire (0.11) pierre (0.11) depuis (0.10) french (0.10) moments (0.10) plus (0.10) depositphotos (0.09) guide (0.09) propos (0.09) site (0.09) accès (0.07) autoroute (0.07) com (0.07) example (0.07) heading (0.07) préférences (0.07) share (0.07) source (0.07) voiture (0.07)noël (0.49) plus (0.45) magie (0.36) brisgau (0.16) fribourg (0.16) marché (0.16) search (0.16) stuttgart (0.16) tradition (0.16) vivre (0.16) 000 (0.12) art (0.12) bois (0.12) chaud (0.12) hôtel (0.12) jardin (0.12) luxe (0.12) magazine (0.12) marchés (0.12) où (0.12) prend (0.12) tentations (0.12) vin (0.12) voyages (0.12) date (0.08) décembre (0.08) encore (0.08) europe (0.08) newsletter (0.08) ville (0.08),"- **Nombre de visiteurs** : Le Marché de Noël de Fribourg attire chaque année environ 2 millions de visiteurs, faisant de lui l'un des marchés les plus fréquentés d'Allemagne.
- **Engagement écologique** : En 2025, le marché a renforcé ses initiatives écologiques en réduisant l'utilisation de plastique de 50% et en introduisant des solutions de recyclage sur place.
- **Traditions locales** : Le marché intègre des traditions spécifiques de la région de Fribourg, telles que la danse folklorique ""Täubelschwimmen"" et des démonstrations de musique traditionnelle.
- **Ateliers interactifs** : Des ateliers interactifs pour adultes et enfants sont proposés, notamment la fabrication de couronnes de Noël et des sessions de peinture sur céramique.
- **Collaborations artistiques** : Le marché collabore avec des artistes locaux pour créer des installations lumineuses uniques chaque année, transformant la ville en une galerie d'art éphémère.","- ""Le Marché de Noël de Fribourg (Freiburg im Breisgau Allemagne) se déroulera du 20 novembre au 23 décembre 2025.""
- ""Le marché de Noël a fêté ses 50 ans en 2023.""
- ""Le Marché de Noël de Fribourg en Brisgau est ouvert tous les jours, sans exception entre le 21 novembre et le 23 décembre 2025.""
- ""Du lundi au samedi de 10h à 20h30 Le dimanche de 11h30 à 19h30.""
- ""plus de 200 kilomètres séparent les deux villes.""
- ""En 1990, le marché s'est étendu à 46 stands, avec un carrousel comme pièce maîtresse, pour finalement atteindre 120 stands en 2014.""
- ""Gundelfinger Strasse (79108 Freiburg, 335 places).""
- ""au prix de 4€ par personne (tarif 2024).""
- ""grande roue ... hauteur de 12 mètres et une vitesse de 8 tours la minute.""
- ""le premier marché de Noël de Fribourg s'est tenu du 1er au 20 décembre 1973. Il comprenait 20 stands.""",marche de noel fribourg en brisgau,"Marché de Noël historique à Fribourg - SNCF Connect Aller au contenu principal Voyager Voyager Voyager Fermer Tout pour voyager Réserver Réserver Billets de train Voyages en bus Trajets en covoiturage Location de voiture Hôtels Taxi/VTC Bons plans Bons plans Voyages en groupe Voyages pro Enfant voyageant seul Informations Informations Horaires en gare Info trafic Handicap et accessibilité Tous les transporteurs Tous les services Nos réponses à vos questions Guide de voyage Guide de voyage Où voyager en France, en Europe Voyager selon vos envies Billets Billets Billets Fermer Voir vos billets et titres Vos voyages Vos voyages Tous vos voyages Importer un voyage Compensation en cas de retard Faire une réclamation Modifier un voyage Assurance Allianz Vos cartes et abonnements Vos cartes et abonnements Importer une carte ou abonnement Acheter une carte ou abonnement Compléter votre voyage Compléter votre voyage Louer une voiture Réserver un hôtel Réserver un Taxi/VTC Transports urbains Restauration à bord TGV INOUI Restauration à bord INTERCITES Tous les services Offres Offres Offres Fermer Parcourir toutes les offres Cartes et abonnements SNCF Cartes et abonnements SNCF Carte Avantage Jeune Carte Avantage Adulte Carte Avantage Senior Carte Liberté Abonnement MAX ACTIF Abonnement MAX JEUNE Toutes les cartes et abonnements Offres régionales Offres régionales TER Auvergne-Rhône-Alpes TER Hauts de France LiO Train Occitanie TER Nouvelle-Aquitaine Titres Île-de-France Mobilités Consulter les offres régionales Offres urbaines Offres urbaines Avignon – Réseau Orizo Caen – Réseau Twisto Montbéliard – Réseau évolitY Perpignan – Réseau Sankéo Sophia Antipolis – Réseau Envibus Tours – Réseau Fil Bleu Consulter les offres urbaines Services Services Louer une voiture Réserver un hôtel Réserver un Taxi/VTC Assurer votre voyage Livraison de bagages Transport de véhicules Restauration à bord Domicile + Train Tous les services Compte Compte Compte Fermer Accéder à votre compte Vos espaces Vos espaces Se connecter Se créer un compte Espace MAX JEUNE Espace MAX SENIOR Communauté SNCF Connect Vos informations Vos informations Vos informations personnelles Cartes et programmes de fidélité Vos achats Vos moyens de paiement Compagnons de voyage Aide et légal Aide et légal Charte de confidentialité Conditions générales d'utilisation Compensation en cas de retard Aide en ligne Contacts Marché de Noël historique à Fribourg Accueil A voir, à faire Marché de Noël historique à Fribourg Pendant la période de Noël, émerveillez-vous au marché de Noël de Fribourg, l'un des plus typiques et populaires d'Allemagne ! Au sud-ouest du pays, non loin de la Forêt-Noire, la ville est facilement accessible en TGV INOUI, à 3h de train de Paris. Réserver un billet de train Réserver un billet de train Rechercher Annuler Découvrez le marché de Noël de Fribourg : Un grand village de Noël Un marché aux 100 artisans Des activités pour toute la famille >> Voyagez jusqu'à Fribourg avec TGV INOUI Eglise Herz Jesu à Fribourg, Allemagne - © Istock - Dennis Wegewijs Un grand village de Noël Situé en plein cœur historique de la ville, à côté de la place de la mairie et de la Cathédrale, le marché de Noël de Fribourg vous plonge dans un univers unique, avec autour le cloître du couvent des cordeliers , l' église Saint-Martin et les façades colorées des deux hôtels de ville. Du 16 novembre 2022 au 23 décembre 2022. Artisanat au marché de Noël - © Istock - st-design Un marché aux 100 artisans 125 échoppes et chalets trônent sur les places de la vieille ville : vous serez surpris par l'incroyable diversité de l'artisanat d'art traditionnel de la région ! Entre une tranche de pain d'épices et un vin chaud, vous pourrez admirer les sculpteurs de bois, les tailleurs de pierre, les souffleurs de verre, les potiers ou encore les tisseurs de paille présents pour l'occasion. Un vrai spectacle ! Une mère et son enfant au marché de Noël - © Istock - Gorfer Des activités pour toute la famille Vous pourrez profiter en famille des diverses animations comme le laboratoire des bougies (pour fabriquer vos propres illuminations de Noël), ou encore les concerts de musique d'harmonie organisés à l'Eglise. Les enfants seront ravis : au « Pays des lumières » , ils peuvent préparer des douceurs, bricoler ou peindre leur propre photophore. Cet article vous a plu ? Partagez-le ! Facebook WhatsApp X, formerly Twitter Pinterest Mail Margaux Ricard Rédaction SNCF Connect 15/10/2022 Nos engagements Meilleurs prix garantis Paiement sécurisé Contact 7j/7 Service client de l'année 2025 Moyens de paiement Infos et conditions Paiement en Chèque-Vacances Connect Infos et conditions de paiement avec les cartes Ayvens, Betterway, Pluxee ou RoadMate Choix du pays Langue France Langue Belgique België Belgium Deutschland España France Italia Luxembourg Nederland Suisse Schweiz Switzerland Other regions and countries Nos partenaires Inscrivez-vous à notre newsletter et profitez des meilleurs bons plans Suivez-nous ! L'entreprise Conditions de présentation des offres sur le site Conditions générales de vente Droits des voyageurs ferroviaires et Règlement européen n°2021/782 Informations légales Charte de confidentialité et cookies Gestion des cookies Partenariat Régie publicitaire Devenir partenaire ou affilié Widget SNCF Connect Sites du groupe Site SNCF Connect & Tech Espace Presse SNCF Connect & Tech Carrières SNCF Connect & Tech Le compte des agents SNCF Groupe-sncf.com Emploi Groupe SNCF Vous informer Aide Contactez-nous Vos billets Communauté SNCF Connect Plan du site SNCF Connect Guide du voyageur Franchissement frontière Handicap & mobilité réduite Nos services pour les voyageurs PSH/PMR Tout savoir sur le service d'assistance en gare Accessibilité numérique : conformité partielle Fonctionnalités d'accessibilité de nos applications mobiles Les autres services d'assistance en Europe Transporteurs TGV INOUI OUIGO TER BlaBlaCar Bus FlixBus BlaBlaCar INTERCITES LYRIA EUROSTAR TGV INOUI vers Bruxelles DB SNCF Voyageurs en coopération TGV INOUI vers l'Espagne TGV INOUI vers l'Italie TGV INOUI vers le Luxembourg TGV INOUI vers Fribourg Itinéraires populaires Train Paris Bordeaux Train Paris Marseille Train Bordeaux Paris Train Paris Lyon Train Paris Bruxelles Train Paris Strasbourg Train Paris Toulouse Train Toulouse Paris Train Lyon Paris Train Paris Amsterdam Train Paris Lille Train Nantes Paris Train Paris Genève Train Paris Barcelone Train Paris Nantes Trajets Transporteurs TGV INOUI Lille-Paris TGV INOUI Lyon-Paris TGV INOUI Paris-Nice TGV INOUI Marseille-Paris TGV INOUI Paris-Nantes OUIGO Fleury-les-Aubrais-Paris OUIGO Paris-Fleury-les-Aubrais OUIGO Rennes-Paris OUIGO Marseille-Lyon OUIGO Nantes-Paris TER Paris-Trouville Deauville TER Trouville Deauville-Paris TER Paris-Le Mans TER Le Mans-Paris TER Nice-Cannes : horaires et billets Top destinations Train France Train Paris Train Lyon Train Bordeaux Train Strasbourg Train Nantes Train Marseille Train Lille Train Marne-la-Vallée Chessy (Disneyland® Paris) Train Amsterdam Train Londres Train Barcelone Train Rennes Train Italie Train Suisse Nos applications mobiles","Marché de Noël historique à Fribourg
Réserver un billet de train
Découvrez le marché de Noël de Fribourg :
>> Voyagez jusqu'à Fribourg avec TGV INOUI
Un grand village de Noël
Un marché aux 100 artisans
Des activités pour toute la famille"
meilleur restaurant marseille vue mer,"- Les meilleurs restaurants avec vue sur la mer à Marseille
- Découvrez les meilleurs restaurants en bord de mer à Marseille
- Trouvez le meilleur restaurant avec vue sur la mer à Marseille",htels prs (29) avis franßaise (28) prs site (26) marseille htels (25) marseille restaurants (23) restaurants prs (20) franßaise mditerranenne (18) marseille meilleure (14) ççççç ouvert (11) site gare (10)marseille voir (14) voir cette (14) cette publication (14) publication instagram (14) instagram publication (14) publication partagée (14) tous jours (10) ouvert tous (9) 13007 marseille (8) bord mer (7)guide michelin (5) 13007 marseille (5) fruits mer (4) marseille cuisine (4) cuisine moderne (4) hong kong (4) marseille plus (3) plus belles (3) belles vues (3) vues mer (3)vue exceptionnelle (28) prix moyen (20) avis prix (19) restaurants catégorie (19) catégorie vue (19) rechercher disponibilités (14) exceptionnelle marseille (11) vieux port (11) 13007 marseille (11) cadre magnifique (10)bord mer (4) ouvert dimanche (4) soir ouvert (4) découvrez ici (4) recevez tous (4) bon plan (4) meilleurs restaurants (3) restauration rapide (3) boire verre (3) verre danser (3),htels prs site (26) avis franßaise mditerranenne (17) prs site gare (10) franßaise mditerranenne çççç (9) mditerranenne çççç ferme (8) 44 44 5bulles (8) fruits mer poisson (7) 41 41 5bulles (7) franßaise mditerranenne ççççç (7) çççç ferme 8min (6)marseille voir cette (14) voir cette publication (14) cette publication instagram (14) publication instagram publication (14) instagram publication partagée (14) ouvert tous jours (9) 13007 marseille voir (8) kennedy 13007 marseille (6) plus dinfos photos (6) dinfos photos ici (6)marseille cuisine moderne (4) marseille plus belles (3) plus belles vues (3) belles vues mer (3) 13007 marseille cuisine (3) marseille poissons fruits (3) poissons fruits mer (3) restaurants hébergements guides (2) partenariat privilégié thefork (2) guides bestof marseille (2)avis prix moyen (19) restaurants catégorie vue (19) catégorie vue exceptionnelle (19) vue exceptionnelle marseille (11) selon utilisateurs thefork (9) voici quelquesuns restaurants (8) quelquesuns restaurants catégorie (8) plus populaires marseille (8) by rowing club (7) populaires marseille selon (7)boire verre danser (3) meilleurs restaurants bord (2) restaurants bord mer (2) bord mer marseille (2) envies ouverts ouvert (2) ouverts ouvert dimanche (2) ouvert dimanche ouvert (2) dimanche ouvert dimanche (2) ouvert dimanche soir (2) dimanche soir ouvert (2),marseille (0.63) tels (0.36) restaurants (0.34) pr (0.33) avis (0.18) bulles (0.18) fran (0.16) site (0.16) ßaise (0.16) enne (0.12) diterran (0.10) ferme (0.09) min (0.09) meilleur (0.08) ouvert (0.08) 19 (0.07) 30 (0.07) menu (0.07) 2024 (0.07) tel (0.07) 00 (0.06) tr (0.06) 20 (0.05) gare (0.05) port (0.05) mer (0.05) restaurant (0.05) saint (0.05) adresse (0.04) lieu (0.04)publication (0.41) marseille (0.40) mer (0.30) instagram (0.25) cette (0.21) partagée (0.21) voir (0.21) corniche (0.18) ouvert (0.18) jours (0.16) plus (0.16) tous (0.16) 12h (0.13) bord (0.13) chez (0.13) dit (0.13) kennedy (0.13) min (0.13) plage (0.13) restaurant (0.13) répondre (0.13) 13007 (0.12) 19h30 (0.10) club (0.10) ici (0.10) petit (0.10) août (0.09) infos (0.09) terrasse (0.09) vue (0.09)marseille (0.45) michelin (0.38) dollar (0.30) plus (0.30) mer (0.25) restaurants (0.23) usa (0.20) guide (0.18) poissons (0.15) sud (0.15) 13007 (0.13) cuisine (0.13) lyon (0.13) of (0.13) peso (0.13) rupee (0.13) vue (0.13) aussi (0.10) best (0.10) eur (0.10) fruits (0.10) guides (0.10) hong (0.10) moderne (0.10) moment (0.10) offre (0.10) port (0.10) ras (0.10) réserver (0.10) tout (0.10)marseille (0.48) vue (0.46) exceptionnelle (0.25) restaurants (0.24) 10 (0.21) note (0.20) prix (0.20) port (0.19) moyen (0.18) avis (0.17) catégorie (0.17) thefork (0.16) disponibilités (0.13) rechercher (0.13) cadre (0.12) magnifique (0.12) 13007 (0.10) restaurant (0.10) vieux (0.10) 14 (0.09) 50 (0.09) selon (0.09) utilisateurs (0.09) mer (0.08) plus (0.08) km (0.07) populaires (0.07) quelques (0.07) uns (0.07) voici (0.07)marseille (0.52) où (0.31) découvrez (0.26) adresses (0.24) ouvert (0.21) saint (0.21) ici (0.18) meilleurs (0.18) soir (0.18) balades (0.16) bars (0.16) bord (0.13) concerts (0.13) mer (0.13) plan (0.13) quartier (0.13) restaurants (0.13) soirées (0.13) sorties (0.13) tous (0.13) bien (0.10) bon (0.10) city (0.10) coeur (0.10) dimanche (0.10) etc (0.10) faire (0.10) guide (0.10) instagram (0.10) sélection (0.10),"- **Diversité Culinaire** : Les restaurants offrant une vue mer à Marseille proposent une large gamme de cuisines, allant de la cuisine méditerranéenne traditionnelle aux plats innovants fusionnant influences locales et internationales.
- **Distinctions Gastronomiques** : Certains établissements sont reconnus par des guides prestigieux, tels que le Guide MICHELIN, attestant de la qualité exceptionnelle de leur cuisine et de leur service.
- **Cadres Inoubliables** : De nombreux restaurants sont situés sur des terrasses panoramiques, des rooftops ou au bord direct de la mer, offrant des vues imprenables sur le Vieux-Port, les Îles du Frioul ou le Château d’If.
- **Meilleurs Moments pour Visiter** : Pour profiter pleinement de la vue, il est recommandé de réserver une table lors du coucher de soleil, lorsque les lumières de la ville se reflètent sur la mer, créant une atmosphère romantique et mémorable.
- **Accessibilité et Commodités** : La plupart des restaurants avec vue mer à Marseille sont facilement accessibles en transport public et disposent de parkings à proximité, facilitant ainsi la visite des clients.","- Comparez 3¬†145 restaurants avec vue gr√¢ce aux 223¬†688 avis sur Tripadvisor
- Aujourd'hui 19:00
- 2024
- 4,5 sur 5¬†bulles ( 1‚ÄØ041 avis )
- Ferme dans 8¬†min
- 4,3 sur 5¬†bulles ( 1‚ÄØ698 avis )
- 19:30 19:00 19:30 2024
- 4,4 sur 5¬†bulles ( 611 avis )
- 4,6 sur 5¬†bulles ( 1‚ÄØ792 avis )
- 38¬†min
- 4,4 sur 5¬†bulles ( 778 avis )
- 4,1 sur 5¬†bulles ( 816 avis )
- 4,5 sur 5¬†bulles ( 267 avis )
- 4,3 sur 5¬†bulles ( 631 avis )
- 4,2 sur 5¬†bulles ( 455 avis )
- 4,4 sur 5¬†bulles ( 878 avis )
- 4,4 sur 5¬†bulles ( 164 avis )
- 4,4 sur 5¬†bulles ( 524 avis )
- 4,1 sur 5¬†bulles ( 847 avis )
- 4,6 sur 5¬†bulles ( 133 avis )
- 4,4 sur 5¬†bulles ( 807 avis )
- 4,3 sur 5¬†bulles ( 534 avis )
- 3,9 sur 5¬†bulles ( 687 avis )
- 4,1 sur 5¬†bulles ( 986 avis )
- 4,4 sur 5¬†bulles ( 889 avis )
- 3,9 sur 5¬†bulles ( 542 avis )
- 4,0 sur 5¬†bulles ( 849 avis )
- 4,2 sur 5¬†bulles ( 412 avis )
- 4,1 sur 5¬†bulles ( 290 avis )
- 4,4 sur 5¬†bulles ( 130 avis )
- 4,3 sur 5¬†bulles ( 329 avis )
- 4,3 sur 5¬†bulles ( 189 avis )
- 3,8 sur 5¬†bulles ( 1‚ÄØ043 avis )
- 4,1 sur 5¬†bulles ( 552 avis )
- 4,1 sur 5¬†bulles ( 134 avis )
- 4,1 sur 5¬†bulles ( 752 avis )
- 52 corniche du Président-John-Fitzgerald-Kennedy, 13007 Marseille €€€
- 8,6 / 10 525 avis
- Prix moyen 28 €
- 31 € Excellent.
- 8,0 / 10 94 avis
- Prix moyen 43 €
- Classe Rating (e.g., 8,9 / 10 172 avis)
- 9,3 / 10 1 847 avis
- Prix moyen 31 €
- 9,4 / 10 4 241 avis
- Prix moyen 77 €
- 9,4 / 10 2 344 avis
- Prix moyen 104 €
- 9,0 / 10 379 avis
- Prix moyen 29 €
- 29 €
- 22 €
- 40 €
- 8,7 / 10 1 263 avis
- Prix moyen 72 €
- 8,7 / 10 1 263 avis
- 8,5 / 10 450 avis
- Prix moyen 33 €
- 8,6 / 10 314 avis
- Prix moyen 40 €
- 78 €
- 9.9 km
- 16.1 km
- 16.7 km
- 17.9 km
- 23.9 km
- 30.6 km
- 40.8 km
- 49.5 km",meilleur restaurant marseille vue mer,"5 restaurants avec vue à Marseille - SNCF Connect Aller au contenu principal Voyager Voyager Voyager Fermer Tout pour voyager Réserver Réserver Billets de train Voyages en bus Trajets en covoiturage Location de voiture Hôtels Taxi/VTC Bons plans Bons plans Voyages en groupe Voyages pro Enfant voyageant seul Informations Informations Horaires en gare Info trafic Handicap et accessibilité Tous les transporteurs Tous les services Nos réponses à vos questions Guide de voyage Guide de voyage Où voyager en France, en Europe Voyager selon vos envies Billets Billets Billets Fermer Voir vos billets et titres Vos voyages Vos voyages Tous vos voyages Importer un voyage Compensation en cas de retard Faire une réclamation Modifier un voyage Assurance Allianz Vos cartes et abonnements Vos cartes et abonnements Importer une carte ou abonnement Acheter une carte ou abonnement Compléter votre voyage Compléter votre voyage Louer une voiture Réserver un hôtel Réserver un Taxi/VTC Transports urbains Restauration à bord TGV INOUI Restauration à bord INTERCITES Tous les services Offres Offres Offres Fermer Parcourir toutes les offres Cartes et abonnements SNCF Cartes et abonnements SNCF Carte Avantage Jeune Carte Avantage Adulte Carte Avantage Senior Carte Liberté Abonnement MAX ACTIF Abonnement MAX JEUNE Toutes les cartes et abonnements Offres régionales Offres régionales TER Auvergne-Rhône-Alpes TER Hauts de France LiO Train Occitanie TER Nouvelle-Aquitaine Titres Île-de-France Mobilités Consulter les offres régionales Offres urbaines Offres urbaines Avignon – Réseau Orizo Caen – Réseau Twisto Montbéliard – Réseau évolitY Perpignan – Réseau Sankéo Sophia Antipolis – Réseau Envibus Tours – Réseau Fil Bleu Consulter les offres urbaines Services Services Louer une voiture Réserver un hôtel Réserver un Taxi/VTC Assurer votre voyage Livraison de bagages Transport de véhicules Restauration à bord Domicile + Train Tous les services Compte Compte Compte Fermer Accéder à votre compte Vos espaces Vos espaces Se connecter Se créer un compte Espace MAX JEUNE Espace MAX SENIOR Communauté SNCF Connect Vos informations Vos informations Vos informations personnelles Cartes et programmes de fidélité Vos achats Vos moyens de paiement Compagnons de voyage Aide et légal Aide et légal Charte de confidentialité Conditions générales d'utilisation Compensation en cas de retard Aide en ligne Contacts 5 restaurants avec vue à Marseille Accueil A voir, à faire Marseille 5 restaurants avec vue à Marseille Entre calanques, vieux port et Madrague , il y a tant de beaux panoramas à Marseille . Quoi de mieux que de déguster une bonne spécialité en les admirant ? Allez, cap sur notre top 5 des restaurants avec vue de Marseille. Réserver un billet de train Réserver un billet de train Rechercher Annuler © Istock - xantana Cinq bonnes adresses de restaurants avec vue sur Marseille : Au bord de l'eau Le Château Regards Café Pascal Kitchen Rowing club © Istock - alain36 Vue sur le port de la Madrague Mon premier s’appelle Au bord de l'eau , et devinez où il est situé ? Au bout d'une rue, à l'entrée du port de la Madrague … au bord de l’eau ! Une adresse discrète en plein Marseille , avec quelques petits bateaux et une douce atmosphère qui donne l’impression d'être seul au monde. Escalope milanaise bien ta¬pée et pizza au feu de bois à tomber. Au bord de l'eau 15 Rue des Arapedes 13008 Marseille France 04 91 72 68 04 Calanques Marseille - © Istock - mmac72 Vue sur les calanques Mon deuxième sera sublime et sera vue mer : direction Le Château ! Dans les somptueuses calanques de Sormiou , la descente se fait à pied où en voiture, et l’adresse se mérite. Le jeu consiste à réserver par téléphone, laisser sa plaque d’immatriculation et retenir le mot de passe pour l'entrée (que vous devrez redonner au gardien). C’est seulement à ce moment là que le Château s’ouvre à vous. Une grande terrasse qui domine une mer turquoise entre deux falaises de roches blanches , plein soleil dans les calanques. Il ne reste plus qu’à choisir le poisson du jour et c’est la vie de Château. Le Château Route du Feu de la Calanque de Sormiou 13009 Marseille France 04 91 25 08 69 © Istock - argalis Vue sur le MuCEM Mon troisième surplombe le Mucem et la rade de Marseille. Situé au 2ème étage du Musée Regards de Provence, le restaurant Regards Café dispose d'une terrasse végétalisée et agrémentée d'oeuvres d'art. La carte est ensoleillée et saisonnière, tantôt provençale, exotique ou méditerranéenne. Avec la cheffe pâtissière Camille Kieffer, des ateliers pâtisserie sont organisés en lien avec les expos du musée. Regards Café, au Musée Regards de Provence Avenue Vaudoyer 13002 Marseille France 04 96 17 40 45 Horaire d'ouverture : Ouvert du mardi au dimanche de 10h à 18h. © Istock - olrat Vue sur la plage Un petit tour à la plage ? Direction la Pointe Rouge chez Pascal Kitchen . Une délicieuse cuisine fusion franco-thaïlandaise à déguster à l’intérieur ou en terrasse chauffée donnant directement sur la plage. L’endroit est idéal pour un diner en tête à tête au coucher de soleil. Pascal Kitchen 46, Avenue de Montredon 13008 Marseille France 04 91 06 35 53 © Istock - Delpixart Vue sur l'incontournable Vieux Port On termine en beauté au Rowing club , une adresse très tendance et appréciée des marseillais. Le resto est idéal pour un brunch ensoleillé le dimanche. La terrasse panoramique avec vue sur le Vieux Port et son buffet à volonté satisferont tous les gourmands . Du burger bar au salade de fruits frais en passant par le gargantuesque plateau de fromages, il y en aura pour tous les goûts . Rowing club 34 Boulevard Charles Livon 13007 Marseille France 04 91 90 07 78 Cet article vous a plu ? Partagez-le ! Facebook WhatsApp X, formerly Twitter Pinterest Mail Agathe Andrieu Journaliste photographe 22/08/2019 Préparez votre séjour : Marseille au départ de Paris Lyon Lille Bordeaux 31 / 07 Dès 39 € (1) 01 / 08 Dès 62 € (1) 02 / 08 Dès 55 € (1) 03 / 08 Dès 55 € (1) 04 / 08 Dès 39 € (1) 05 / 08 Dès 39 € (1) 06 / 08 Dès 35 € (1) Le moins cher Vous aimerez aussi Fermer Voir tout Les expositions du Musée des Civilisations de l'Europe et de la Méditerranée (Mucem) Shopping à Marseille dans le quartier du Panier 5 lieux tendance à Marseille Les îles du Frioul, face à Marseille Top 5 : Les incontournables de La Ciotat Marseille : les événements à venir Un week-end éco-responsable à Marseille Marseille et ses quartiers pittoresques L'expo de l’Hôtel de Caumont-Centre d’Art, Aix-en-Provence Week-end à Aix-en-Provence, suivez le guide Nos bons plans gourmands à Aix-en-Provence 10 expériences pour visiter Marseille Mentions légales (1) Voir les conditions des offres (1) Tarifs TTC, à partir de, pour une personne, pour un aller simple, en 2nd classe, sur une sélection de trains et de dates et sous réserve de disponibilité. Offres soumises à conditions d'échanges et de remboursement des transporteurs concernés à consulter lors de la commande. Paiement en ligne. Offres non cumulables avec d'autres promotions SNCF. Nos engagements Meilleurs prix garantis Paiement sécurisé Contact 7j/7 Service client de l'année 2025 Moyens de paiement Infos et conditions Paiement en Chèque-Vacances Connect Infos et conditions de paiement avec les cartes Ayvens, Betterway, Pluxee ou RoadMate Choix du pays Langue France Langue Belgique België Belgium Deutschland España France Italia Luxembourg Nederland Suisse Schweiz Switzerland Other regions and countries Nos partenaires Inscrivez-vous à notre newsletter et profitez des meilleurs bons plans Suivez-nous ! L'entreprise Conditions de présentation des offres sur le site Conditions générales de vente Droits des voyageurs ferroviaires et Règlement européen n°2021/782 Informations légales Charte de confidentialité et cookies Gestion des cookies Partenariat Régie publicitaire Devenir partenaire ou affilié Widget SNCF Connect Sites du groupe Site SNCF Connect & Tech Espace Presse SNCF Connect & Tech Carrières SNCF Connect & Tech Le compte des agents SNCF Groupe-sncf.com Emploi Groupe SNCF Vous informer Aide Contactez-nous Vos billets Communauté SNCF Connect Plan du site SNCF Connect Guide du voyageur Franchissement frontière Handicap & mobilité réduite Nos services pour les voyageurs PSH/PMR Tout savoir sur le service d'assistance en gare Accessibilité numérique : conformité partielle Fonctionnalités d'accessibilité de nos applications mobiles Les autres services d'assistance en Europe Transporteurs TGV INOUI OUIGO TER BlaBlaCar Bus FlixBus BlaBlaCar INTERCITES LYRIA EUROSTAR TGV INOUI vers Bruxelles DB SNCF Voyageurs en coopération TGV INOUI vers l'Espagne TGV INOUI vers l'Italie TGV INOUI vers le Luxembourg TGV INOUI vers Fribourg Itinéraires populaires Train Paris Bordeaux Train Paris Marseille Train Bordeaux Paris Train Paris Lyon Train Paris Bruxelles Train Paris Strasbourg Train Paris Toulouse Train Toulouse Paris Train Lyon Paris Train Paris Amsterdam Train Paris Lille Train Nantes Paris Train Paris Genève Train Paris Barcelone Train Paris Nantes Trajets Transporteurs TGV INOUI Lille-Paris TGV INOUI Lyon-Paris TGV INOUI Paris-Nice TGV INOUI Marseille-Paris TGV INOUI Paris-Nantes OUIGO Fleury-les-Aubrais-Paris OUIGO Paris-Fleury-les-Aubrais OUIGO Rennes-Paris OUIGO Marseille-Lyon OUIGO Nantes-Paris TER Paris-Trouville Deauville TER Trouville Deauville-Paris TER Paris-Le Mans TER Le Mans-Paris TER Nice-Cannes : horaires et billets Top destinations Train France Train Paris Train Lyon Train Bordeaux Train Strasbourg Train Nantes Train Marseille Train Lille Train Marne-la-Vallée Chessy (Disneyland® Paris) Train Amsterdam Train Londres Train Barcelone Train Rennes Train Italie Train Suisse Nos applications mobiles","5 restaurants avec vue à Marseille
Réserver un billet de train
Vue sur le port de la Madrague
Vue sur les calanques
Vue sur le MuCEM
Vue sur la plage
Vue sur l'incontournable Vieux Port
Préparez votre séjour : Marseille au départ deParisLyonLilleBordeaux
Vous aimerez aussi
Mentions légales"
ligne des hirondelles horaires tarifs,"- Horaires et tarifs de la ligne des Hirondelles
- Découvrez les horaires et tarifs de la ligne des Hirondelles
- Informations utiles : horaires et tarifs de la ligne des Hirondelles",ligne hirondelles (16) lilian ménétrier (13) hautjura saintclaude (10) marianne levert (7) retour pause (6) bord ligne (6) pause culturelle (5) loffice tourisme (5) office tourisme (4) eric magnenet (4)ligne hirondelles (1) hirondelles horaires (1) horaires prix (1) prix trajet (1) trajet tout (1) tout quil (1) quil faut (1) faut savoir (1)train mobigo (18) 26 ans (7) abonnement illimité (6) ligne hirondelles (4) illimité 26ans (4) abonnement mensuel (4) mobigo bustram (4) aller page (4) sncf ter (4) ter bourgognefranchecomte (4)ligne hirondelles (9) dole tourisme (4) offices tourisme (3) tourisme dole (2) dole croquer (2) hirondelles ligne (2) ligne ferroviaire (2) visite musée (2) tourisme opérateurs (2) bon cadeau (2)ligne hirondelles (16) jura jura (7) vivre jura (5) jura tourisme (4) nouvelle vie (4) vie jura (4) grands événements (4) sinstaller jura (4) dole saintclaude (4) lessentiel jura (3),bord ligne hirondelles (6) tourisme hautjura saintclaude (4) ligne hirondelles voyage (3) hirondelles voyage train (3) voyage train comme (3) train comme autres (3) hautjura lilian ménétrier (3) vue depuis train (3) depuis train marianne (3) train marianne levert (3)ligne hirondelles horaires (1) hirondelles horaires prix (1) horaires prix trajet (1) prix trajet tout (1) trajet tout quil (1) tout quil faut (1) quil faut savoir (1)abonnement illimité 26ans (4) train mobigo bustram (4) sncf ter bourgognefranchecomte (4) ter bourgognefranchecomte nouvelle (4) bourgognefranchecomte nouvelle fenêtre (4) illimité 26ans train (3) mobigo bustram abonnement (3) nouvelle fenêtre aller (3) fenêtre aller page (3) abonnements train mobigo (2)dole tourisme dole (2) tourisme dole tourisme (2) ligne hirondelles ligne (2) offices tourisme opérateurs (2) ligne hirondelles dole (1) hirondelles dole tourisme (1) dole tourisme découvrir (1) tourisme découvrir incontournables (1) découvrir incontournables top (1) incontournables top insolite (1)nouvelle vie jura (4) jura fil saisons (3) escapades jura jura (3) jura vivre jura (3) lessentiel jura situation (2) jura situation territoires (2) jura jura fil (2) vacances vraies nature (2) jura toute histoire (2) jura photos vidéos (2),ligne (0.36) jura (0.32) saint (0.32) claude (0.30) pause (0.29) haut (0.27) hirondelles (0.27) découvrir (0.19) lilian (0.19) ménétrier (0.19) bord (0.17) tourisme (0.16) train (0.16) activités (0.13) dole (0.13) office (0.13) retour (0.13) voyage (0.11) excursions (0.10) levert (0.10) marianne (0.10) tous (0.10) depuis (0.09) hiver (0.09) nature (0.09) autres (0.07) cadeau (0.07) culturelle (0.07) excursion (0.07) nom (0.07)faut (0.35) hirondelles (0.35) horaires (0.35) ligne (0.35) prix (0.35) savoir (0.35) tout (0.35) trajet (0.35)mobigo (0.55) train (0.48) abonnement (0.25) tarif (0.23) ans (0.19) 26 (0.17) aller (0.17) abonnements (0.15) ligne (0.15) bourgogne (0.13) bus (0.13) carte (0.13) franche (0.13) illimité (0.13) partir (0.13) réduction (0.13) page (0.10) sncf (0.10) billets (0.08) comte (0.08) dole (0.08) fenêtre (0.08) hirondelles (0.08) lignes (0.08) mensuel (0.08) nouvelle (0.08) retour (0.08) ter (0.08) tram (0.08) vélo (0.08)ligne (0.52) hirondelles (0.39) dole (0.35) tourisme (0.35) 2025 (0.30) formules (0.17) offices (0.13) ter (0.13) visite (0.13) bon (0.09) cadeau (0.09) claude (0.09) compagnie (0.09) croquer (0.09) découvrez (0.09) découvrir (0.09) excursions (0.09) formule (0.09) gratuitement (0.09) groupes (0.09) horaires (0.09) informations (0.09) jura (0.09) musée (0.09) opérateurs (0.09) patrimoine (0.09) peuvent (0.09) plus (0.09) saint (0.09) toute (0.09)jura (0.86) ligne (0.31) hirondelles (0.20) tourisme (0.14) plus (0.10) saint (0.10) claude (0.09) dole (0.09) cette (0.08) événements (0.08) morez (0.07) paysages (0.07) réserver (0.07) train (0.07) vivre (0.07) comme (0.06) découvrir (0.06) hiver (0.06) moment (0.06) nouvelle (0.06) patrimoine (0.06) tout (0.06) vie (0.06) bien (0.04) histoire (0.04) installer (0.04) pratiquer (0.04) toute (0.04) vignoble (0.04) voyage (0.04),"- La Ligne des Hirondelles relie Dole à Saint-Claude en 2h30, parcourant 123 km à travers les paysages pittoresques du Jura.
- Les billets sont disponibles sur le site de la SNCF et les tarifs varient en fonction des réductions et des offres spéciales.
- Les horaires et arrêts de la Ligne des Hirondelles peuvent être consultés sur le site TER Bourgogne-Franche-Comté.
- Le train circule toute l'année, offrant des vues panoramiques sur les forêts, vignobles et vallées du Jura, avec 36 tunnels et 18 viaducs.
- Les voyageurs peuvent embarquer avec leurs vélos gratuitement dans la limite des places disponibles, et les animaux de compagnie sont acceptés avec un billet animal.","- ""À partir de 89 € 1 pers. 1 jour""

- ""Montez à bord du train des Hirondelles et partez pour un voyage merveilleux de 2h30 au cœur de plus beaux paysages du Jura""

- ""123 kilomètres de voyage""

- ""36 tunnels""

- ""18 viaducs""

- ""Un voyage entre ciel et terre, entre plaine et montagne, le tout entre 300 et 950m d'altitude.""

- ""Les vendredis de mai à octobre & les dimanches en juillet-août""

- ""HORAIRES : Journée complète (9h30 - 21h)""

- ""TARIFS :  Adulte : 89 € / pers. | Enfant (4 à 11 ans) : 49 € | Bambin (- de 4 ans) : 22 €""

- ""Durée du voyage 2h30""

- ""De 3 à 6 emplacements sont accessibles selon les trains.""",ligne des hirondelles horaires tarifs,"Le train des Hirondelles en Franche-Comté - SNCF Connect Aller au contenu principal Voyager Voyager Voyager Fermer Tout pour voyager Réserver Réserver Billets de train Voyages en bus Trajets en covoiturage Location de voiture Hôtels Taxi/VTC Bons plans Bons plans Voyages en groupe Voyages pro Enfant voyageant seul Informations Informations Horaires en gare Info trafic Handicap et accessibilité Tous les transporteurs Tous les services Nos réponses à vos questions Guide de voyage Guide de voyage Où voyager en France, en Europe Voyager selon vos envies Billets Billets Billets Fermer Voir vos billets et titres Vos voyages Vos voyages Tous vos voyages Importer un voyage Compensation en cas de retard Faire une réclamation Modifier un voyage Assurance Allianz Vos cartes et abonnements Vos cartes et abonnements Importer une carte ou abonnement Acheter une carte ou abonnement Compléter votre voyage Compléter votre voyage Louer une voiture Réserver un hôtel Réserver un Taxi/VTC Transports urbains Restauration à bord TGV INOUI Restauration à bord INTERCITES Tous les services Offres Offres Offres Fermer Parcourir toutes les offres Cartes et abonnements SNCF Cartes et abonnements SNCF Carte Avantage Jeune Carte Avantage Adulte Carte Avantage Senior Carte Liberté Abonnement MAX ACTIF Abonnement MAX JEUNE Toutes les cartes et abonnements Offres régionales Offres régionales TER Auvergne-Rhône-Alpes TER Hauts de France LiO Train Occitanie TER Nouvelle-Aquitaine Titres Île-de-France Mobilités Consulter les offres régionales Offres urbaines Offres urbaines Avignon – Réseau Orizo Caen – Réseau Twisto Montbéliard – Réseau évolitY Perpignan – Réseau Sankéo Sophia Antipolis – Réseau Envibus Tours – Réseau Fil Bleu Consulter les offres urbaines Services Services Louer une voiture Réserver un hôtel Réserver un Taxi/VTC Assurer votre voyage Livraison de bagages Transport de véhicules Restauration à bord Domicile + Train Tous les services Compte Compte Compte Fermer Accéder à votre compte Vos espaces Vos espaces Se connecter Se créer un compte Espace MAX JEUNE Espace MAX SENIOR Communauté SNCF Connect Vos informations Vos informations Vos informations personnelles Cartes et programmes de fidélité Vos achats Vos moyens de paiement Compagnons de voyage Aide et légal Aide et légal Charte de confidentialité Conditions générales d'utilisation Compensation en cas de retard Aide en ligne Contacts Le train des Hirondelles en Franche-Comté Accueil A voir, à faire Le train des Hirondelles en Franche-Comté Prenez de la hauteur et laissez-vous guider par le Train des Hirondelles. Cette ligne ferroviaire mythique, suspendue entre ciel et terre, traverse le Jura du nord au sud et vous emmène à la découverte de paysages à couper le souffle. Réserver un billet de train Réserver un billet de train Rechercher Annuler © SNCF Découvrir le parcours du Train des Hirondelles : Du transport pratique au train touristique Quelques endroits à visiter A chacun sa visite La formule prestige La ligne des Hirondelles Dans le Jura se trouve une ligne ferroviaire particulière : le T rain des Hirondelles, qui relie Dole à Saint-Claude; Elle témoigne de la volonté farouche des habitants soucieux de ne pas rester isolés dans un environnement montagneux. Car pour ne pas couper le lien avec le monde extérieur, 123 kilomètres de voies furent posées, 36 tunnels percés et 18 viaducs édifiés dans un décor somptueux à donner le vertige ! Partez en train vers la Franche-Comté pour découvrir la ligne des Hirondelles. Lac dans le Jura - © iStock - Gregory_DUBUS Du transport pratique au train touristique Aujourd’hui la vocation économique de cette voie a fait place à l’intérêt touristique et des itinéraires originaux permettent de découvrir coutumes, savoir-faire et histoire locale, sans oublier bien entendu les paysages remarquables omniprésents tout au long du parcours. Fromages jurassiens - © BFT Tourisme Quelques endroits à visiter : De nombreuses visites originales permettent de découvrir la culture et l’histoire locale. Il y a notamment le musée de la lunette à Morez (un incontournable), ou les spécialités jurassiennes sur la route des vins d’Arbois . Pour un véritable voyage dans le temps, direction le musée archéologique de Champagnole. A Saint-Claude, découvrez la capitale mondiale de la pipe , et à Morbier laissez-vous tenter par une rencontre gustative avec l’authentique fromage montagnard à la raie cendrée ! Aux limites septentrionales de la région, avant-dernière étape avant Dole qui est l’aboutissement de la ligne, les Salines royales d’Arc-et-Senans destinées à l’exploitation des sources d’eau salée de Salins-les-Bains figurent au patrimoine mondial de l’UNESCO. Côté chlorophylle, le Parc naturel régional du Haut-Jura édite chaque été un Guide d’escapades ferroviaires sur la ligne des Hirondelles indiquant dans chaque gare les possibilités de visite et de randonnée. Disponible gratuitement et sur demande dans les gares et offices de tourisme. © Alain Doire - Bourgogne Franche-Comté Tourisme A chacun sa visite Vous pouvez emprunter la ligne de train sur toute sa longueur, de Dole à Saint Claude ou bien vous arrêter en chemin. Vous pouvez également faire des arrêts par-ci, par-là, au grès de vos envies pour une journée pleine de découverte. Si vous préférez une journée bien planifiée, différentes formules s’offrent à vous ! La formule « raquette » en hiver, la formule « Oxygène et découverte des savoir-faire », « gourmande », « le méga circuit des viaducs », « complètement montagne », « balade VTT accompagnée »… Le choix est vaste ! Partez en randonnée dans les Montagnes du Jura >> Train des Hirondelles - © SNCF Formule « Prestige » Pour profiter des lieux en toute sérénité, la formule la plus complète est la « prestige » de Dole à Saint-Claude ou dans l’autre sens. Les deux comprennent l’aller-retour en train commenté, un repas au restaurant et une dégustation en fin de journée. Pour la journée au départ de Dole, il y a aussi le Musée de l’Abbaye ou le Musée de la Pipe et du Diamant ainsi que la cathédrale. Pour la journée au départ de Saint Claude, cela inclut la visite guidée de Dole et de la maison nationale de Pasteur. Bien évidemment, pour ce genre de visites il faut prévoir sa journée ! Côté tarifs, prévoyez environs 67€ par adulte, 34€ pour les enfants de 4 à 12 ans et 5€ pour les enfants de moins de 4 ans. Découvrez la Bourgogne-Franche-Comté >> Infos pratiques Le train des Hirondelles circule toute l’année. Certaines formules ont des dates plus restreintes, n’hésitez pas à vous renseigner auprès des Offices de Tourisme avant de partir ! Contacts Dole Tourisme : 03 84 72 11 22 Office de Tourisme Haut-Juras Saint-Claude : 03 84 45 34 24 Office de Tourisme Oh Jura – Morez : 03 84 33 08 73 TER : 0 800 802 479 Cet article vous a plu ? Partagez-le ! Facebook WhatsApp X, formerly Twitter Pinterest Mail Coralie Salvi Rédaction SNCF Connect 18/04/2025 Nos engagements Meilleurs prix garantis Paiement sécurisé Contact 7j/7 Service client de l'année 2025 Moyens de paiement Infos et conditions Paiement en Chèque-Vacances Connect Infos et conditions de paiement avec les cartes Ayvens, Betterway, Pluxee ou RoadMate Choix du pays Langue France Langue Belgique België Belgium Deutschland España France Italia Luxembourg Nederland Suisse Schweiz Switzerland Other regions and countries Nos partenaires Inscrivez-vous à notre newsletter et profitez des meilleurs bons plans Suivez-nous ! L'entreprise Conditions de présentation des offres sur le site Conditions générales de vente Droits des voyageurs ferroviaires et Règlement européen n°2021/782 Informations légales Charte de confidentialité et cookies Gestion des cookies Partenariat Régie publicitaire Devenir partenaire ou affilié Widget SNCF Connect Sites du groupe Site SNCF Connect & Tech Espace Presse SNCF Connect & Tech Carrières SNCF Connect & Tech Le compte des agents SNCF Groupe-sncf.com Emploi Groupe SNCF Vous informer Aide Contactez-nous Vos billets Communauté SNCF Connect Plan du site SNCF Connect Guide du voyageur Franchissement frontière Handicap & mobilité réduite Nos services pour les voyageurs PSH/PMR Tout savoir sur le service d'assistance en gare Accessibilité numérique : conformité partielle Fonctionnalités d'accessibilité de nos applications mobiles Les autres services d'assistance en Europe Transporteurs TGV INOUI OUIGO TER BlaBlaCar Bus FlixBus BlaBlaCar INTERCITES LYRIA EUROSTAR TGV INOUI vers Bruxelles DB SNCF Voyageurs en coopération TGV INOUI vers l'Espagne TGV INOUI vers l'Italie TGV INOUI vers le Luxembourg TGV INOUI vers Fribourg Itinéraires populaires Train Paris Bordeaux Train Paris Marseille Train Bordeaux Paris Train Paris Lyon Train Paris Bruxelles Train Paris Strasbourg Train Paris Toulouse Train Toulouse Paris Train Lyon Paris Train Paris Amsterdam Train Paris Lille Train Nantes Paris Train Paris Genève Train Paris Barcelone Train Paris Nantes Trajets Transporteurs TGV INOUI Lille-Paris TGV INOUI Lyon-Paris TGV INOUI Paris-Nice TGV INOUI Marseille-Paris TGV INOUI Paris-Nantes OUIGO Fleury-les-Aubrais-Paris OUIGO Paris-Fleury-les-Aubrais OUIGO Rennes-Paris OUIGO Marseille-Lyon OUIGO Nantes-Paris TER Paris-Trouville Deauville TER Trouville Deauville-Paris TER Paris-Le Mans TER Le Mans-Paris TER Nice-Cannes : horaires et billets Top destinations Train France Train Paris Train Lyon Train Bordeaux Train Strasbourg Train Nantes Train Marseille Train Lille Train Marne-la-Vallée Chessy (Disneyland® Paris) Train Amsterdam Train Londres Train Barcelone Train Rennes Train Italie Train Suisse Nos applications mobiles","Le train des Hirondelles en Franche-Comté
Réserver un billet de train
Découvrir le parcours du Train des Hirondelles :
La ligne des Hirondelles
Du transport pratique au train touristique
Quelques endroits à visiter :
A chacun sa visite
Formule « Prestige »
Infos pratiques"
carte des plus beaux villages de bourgogne,"- Découvrez les plus beaux villages de Bourgogne sur une carte interactive
- Explorez les villages pittoresques de Bourgogne avec notre carte détaillée
- La Bourgogne : carte interactive des plus beaux villages à visiter",bfc tourisme (21) alain doire (15) doire bfc (15) bourgogne alain (5) plus beaux (4) beaux villages (4) vins bourgogne (4) villages bourgogne (3) pourquoi ça (3) ça matche (3)plus beaux (105) beaux villages (100) sites naturels (97) sites touristiques (96) châteaux monuments (96) villages france (91) touristiques département (16) naturels département (14) these cookies (6) the website (5)plus beaux (10) beaux villages (10) villages france (6) villages bourgogne (4) bourgogne franchecomté (4) parmi plus (4) vin jaune (3) maisons vigneronnes (3) monuments historiques (3) 10 plus (2)maisons pierre (16) flair dhortense (10) ruelles pavées (10) programme fidélité (8) cœur bourgogne (8) latmosphère paisible (8) 2025 lire (8) lire larticle (8) larticle flair (7) beauté naturelle (6),alain doire bfc (15) doire bfc tourisme (15) bourgogne alain doire (5) plus beaux villages (4) beaux villages bourgogne (3) pourquoi ça matche (3) ça matche entre (3) matche entre bourgogne (3) bourgogne villes villages (3) mint bfc tourisme (2)plus beaux villages (100) beaux villages france (91) sites touristiques département (16) sites naturels département (14) villages france département (4) carte plus beaux (3) beaux villages bourgognefranchecomté (3) france 10 plus (3) 10 plus beaux (3) of these cookies (3)plus beaux villages (10) beaux villages france (6) beaux villages bourgogne (4) parmi plus beaux (4) villages bourgogne franchecomté (3) 10 plus beaux (2) ruelles pavées bordées (2) pavées bordées maisons (2) bordées maisons colombages (2) classé parmi plus (2)2025 lire larticle (8) lire larticle flair (7) larticle flair dhortense (7) sélection collections destinations (4) collections destinations journal (4) maisons pierre façades (4) vacances bord mer (4) juin 2025 lire (4) hortense journal programme (4) journal programme fidélité (4),bourgogne (0.60) tourisme (0.37) bfc (0.35) alain (0.25) doire (0.25) découvrez (0.18) tout (0.15) villages (0.15) patrimoine (0.13) vins (0.13) plus (0.12) semur (0.12) vignobles (0.12) gastronomie (0.10) chablis (0.08) entre (0.08) flavigny (0.08) ruelles (0.08) séjours (0.08) tous (0.08) village (0.08) beaux (0.07) brionnais (0.07) depuis (0.07) idées (0.07) nom (0.07) où (0.07) puisaye (0.07) serein (0.07) villes (0.07)sites (0.55) plus (0.30) france (0.30) beaux (0.30) villages (0.28) châteaux (0.28) naturels (0.27) monuments (0.27) touristiques (0.27) haute (0.10) département (0.10) loire (0.09) marne (0.06) seine (0.06) alpes (0.05) cookies (0.05) pyrénées (0.05) garonne (0.04) rhône (0.03) val (0.03) carte (0.03) charente (0.03) eure (0.03) indre (0.03) loir (0.03) maritime (0.03) oise (0.03) savoie (0.03) saône (0.03) tarn (0.03)beaux (0.36) plus (0.36) villages (0.36) bourgogne (0.24) village (0.24) aussi (0.22) château (0.19) magnifique (0.19) belles (0.17) france (0.17) maisons (0.17) cette (0.14) comté (0.14) escapades (0.14) patrimoine (0.14) ville (0.14) 10 (0.12) baume (0.12) découvrir (0.12) jura (0.12) magnifiques (0.12) notamment (0.12) parmi (0.12) pourrez (0.12) siècle (0.12) vin (0.12) auxois (0.10) encore (0.10) lods (0.10) ornans (0.10)village (0.35) hortense (0.34) bourgogne (0.33) cœur (0.24) où (0.24) maisons (0.22) charme (0.20) château (0.20) histoire (0.20) nature (0.17) atmosphère (0.16) pierre (0.16) ruelles (0.16) beauté (0.15) découvrez (0.15) plus (0.14) pavées (0.13) région (0.13) visiteurs (0.13) également (0.13) pittoresque (0.12) voyage (0.12) art (0.11) médiéval (0.11) vue (0.11) chaque (0.10) destination (0.10) expérience (0.10) flânez (0.10) paysages (0.10),"- **Événements et Festivals Locaux** : Ajoutez des informations sur les festivals annuels dans les villages, tels que les foires aux vins, les fêtes médiévales ou les célébrations traditionnelles, pour attirer les visiteurs à des moments spécifiques de l'année.
  
- **Options de Transport et Accessibilité** : Intégrez des détails sur les moyens de transport disponibles pour se rendre dans les villages, incluant les liaisons ferroviaires, les routes principales, et les possibilités de location de vélos ou de services de navette.

- **Hébergements et Gastronomie Locale** : Fournissez des recommandations sur les types d'hébergements disponibles (hôtels, chambres d'hôtes, campings) ainsi que des suggestions de restaurants proposant des spécialités bourguignonnes authentiques.

- **Itinéraires Touristiques et Activités** : Proposez des itinéraires thématiques ou des activités à faire dans et autour des villages, comme des randonnées, des visites de vignobles, des ateliers artisanaux ou des excursions culturelles.

- **Informations Pratiques et Conseils de Voyage** : Ajoutez une section dédiée aux conseils pratiques pour les visiteurs, incluant les meilleures périodes pour visiter, les coûts estimés, les services touristiques disponibles et les recommandations de sécurité.","- TOP 10 des plus beaux villages de Bourgogne
- 1 Site UNESCO de valeur universelle Vézelay
- 2 Bourgogne pittoresque Noyers-sur-Serein
- 3 Village gourmand Flavigny-sur-Ozerain
- 4 Le charme du Brionnais Semur-en-Brionnais
- 5 Le médiévale commerçante Châteauneuf
- 6 Pour les amoureux de litterature et de Colette Saint-Sauveur-en-Puisaye
- 7 Le plus romantique Bèze
- 8 Décor médiéval Semur-en-Auxois
- 9 Un nom qui résonne à l’international Chablis
- 10 Ancien fief des ducs de Bourgogne Brancion
- ""l’ouverture de la Cité des Climats et vins de Bourgogne en 2023""
- ""les 20 cloches de l’incroyable carillon de l’église Saint-Just""
- ""les 150 indicateurs""",carte des plus beaux villages de bourgogne,"Bourgogne : les 5 plus beaux villages - SNCF Connect Aller au contenu principal Voyager Voyager Voyager Fermer Tout pour voyager Réserver Réserver Billets de train Voyages en bus Trajets en covoiturage Location de voiture Hôtels Taxi/VTC Bons plans Bons plans Voyages en groupe Voyages pro Enfant voyageant seul Informations Informations Horaires en gare Info trafic Handicap et accessibilité Tous les transporteurs Tous les services Nos réponses à vos questions Guide de voyage Guide de voyage Où voyager en France, en Europe Voyager selon vos envies Billets Billets Billets Fermer Voir vos billets et titres Vos voyages Vos voyages Tous vos voyages Importer un voyage Compensation en cas de retard Faire une réclamation Modifier un voyage Assurance Allianz Vos cartes et abonnements Vos cartes et abonnements Importer une carte ou abonnement Acheter une carte ou abonnement Compléter votre voyage Compléter votre voyage Louer une voiture Réserver un hôtel Réserver un Taxi/VTC Transports urbains Restauration à bord TGV INOUI Restauration à bord INTERCITES Tous les services Offres Offres Offres Fermer Parcourir toutes les offres Cartes et abonnements SNCF Cartes et abonnements SNCF Carte Avantage Jeune Carte Avantage Adulte Carte Avantage Senior Carte Liberté Abonnement MAX ACTIF Abonnement MAX JEUNE Toutes les cartes et abonnements Offres régionales Offres régionales TER Auvergne-Rhône-Alpes TER Hauts de France LiO Train Occitanie TER Nouvelle-Aquitaine Titres Île-de-France Mobilités Consulter les offres régionales Offres urbaines Offres urbaines Avignon – Réseau Orizo Caen – Réseau Twisto Montbéliard – Réseau évolitY Perpignan – Réseau Sankéo Sophia Antipolis – Réseau Envibus Tours – Réseau Fil Bleu Consulter les offres urbaines Services Services Louer une voiture Réserver un hôtel Réserver un Taxi/VTC Assurer votre voyage Livraison de bagages Transport de véhicules Restauration à bord Domicile + Train Tous les services Compte Compte Compte Fermer Accéder à votre compte Vos espaces Vos espaces Se connecter Se créer un compte Espace MAX JEUNE Espace MAX SENIOR Communauté SNCF Connect Vos informations Vos informations Vos informations personnelles Cartes et programmes de fidélité Vos achats Vos moyens de paiement Compagnons de voyage Aide et légal Aide et légal Charte de confidentialité Conditions générales d'utilisation Compensation en cas de retard Aide en ligne Contacts Les cinq plus beaux villages de Bourgogne Accueil A voir, à faire Les cinq plus beaux villages de Bourgogne On aime la Bourgogne pour ses villages pittoresques entourés de vignes. Entre Paris et Lyon, voici nos 5 villages préférés à visiter en Bourgogne ! Prenez votre appareil photo, chaussez-vous bien, on vous emmène en balade... Réserver un billet de train Réserver un billet de train Rechercher Annuler Chateauneuf-en-Auxois - © Istock - golibo Art contemporain à Châteauneuf A 45kms à l'ouest de Dijon et proche du canal de Bourgogne, le village a beau dater du XII e siècle, il accueille chaque été des artistes contemporains , de théâtre ou d'art. Sinon, faites simplement une balade dans le village de Châteauneuf-en-Auxois, labellisé « plus beau village de France », pour profiter de son atmosphère médiévale . Au XIV e et XVII e siècle, de riches marchands y ont fait construire de belles maisons , bien conservées, dotées encore de frontons et de beaux escaliers qu'on peut apercevoir au détour des petites ruelles. Connue de tous les vacanciers du Sud de la France, la silhouette de la forteresse médiévale est visible de l'autoroute A6. C'est un bel exemple de l'architecture militaire bourguignonne. >> Partez en train pour un itinéraire en Côté d'Or Fabrique d'anis à Flavigny sur Ozerain - © Nicolas Thibaut / Photononstop Anis de Flavigny-sur-Ozerain Le nom de ce village entre Auxerre et Dijon vous laisse une impression de « déjà entendu » ? C'est normal, Flavigny-sur-Ozerain est connu pour ses bonbons à l'anis , les anis de Flavigny . Et si vous sentez des effluves anisés pendant votre balade, n'en soyez pas étonnés, les dragées sont fabriquées sur place , artisanalement, dans l'ancienne abbaye bénédictine. Si vous n'avez pas le bec sucré, le reste du village est incontournable avec ses trois portes fortifiées, ses remparts et ses ruelles pavées. Village de Noyers-sur-Serein en Bourgogne - © Nicolas Thibaut / Photononstop Le beau Noyers Les noms des rues témoignent encore du passé agricole de ce beau village de l'Yonne : place du marché au blé , rue de la petite étape aux vins… Autrement appelé Noyers-sur-Serein , nom du cours d'eau autour duquel il s'enroule, les rues de l'un des plus beaux villages de France se parent de colombages, pierre taillées, pavés, colonnettes et pinacles sculptés. Vézealy, Bourgogne - © Istock - LianeM Vézelay, le plus perché Situé entre Auxerre et Autun , Vézelay , village perché sur la colline, est un lieu de pèlerinage et un des points de passage/départ de la route de Compostelle . Au sommet de la colline, la basilique Sainte-Madeleine , incontournable, domine les maisons vigneronnes et les maisons Renaissance du village. Classée au patrimoine mondial de l'UNESCO , elle a été restaurée au XIX e siècle par Viollet-le-Duc . Faites un détour par la terrasse de l'ancien château des abbés pour un petit panorama surprise. La basilique se visite, gratuitement, tous les jours de l'année de 8h à 20h. Collégiale St Hilaire, Semur-en-Brionnais, Bourgogne - © AGE Fotostock Semur-en-Brionnais Dans le sud de la Bourgogne, juste au-dessus de Roanne , voici Semur-en-Brionnais. La capitale historique du Brionnais tire son nom du latin « senemurum » qui signifie vieilles murailles . Le château St Hugues a vu naître Hugues de Semur, futur fondateur de l'abbaye de Cluny, à environ 60km. Avec sa vue plongeante sur la Loire, il servait d'observatoire et de protection contre les invasions. Un peu plus loin, la collégiale St Hilaire, du XII e siècle, est classée monument historique depuis 1862. Levez le nez en l'air et admirez son clocher à huit arcades et colonnes. Dans le village, certaines vieilles maisons ont des murs presque rose. Cet article vous a plu ? Partagez-le ! Facebook WhatsApp X, formerly Twitter Pinterest Mail Julie Falcoz Rédactrice 22/04/2025 Nos engagements Meilleurs prix garantis Paiement sécurisé Contact 7j/7 Service client de l'année 2025 Moyens de paiement Infos et conditions Paiement en Chèque-Vacances Connect Infos et conditions de paiement avec les cartes Ayvens, Betterway, Pluxee ou RoadMate Choix du pays Langue France Langue Belgique België Belgium Deutschland España France Italia Luxembourg Nederland Suisse Schweiz Switzerland Other regions and countries Nos partenaires Inscrivez-vous à notre newsletter et profitez des meilleurs bons plans Suivez-nous ! L'entreprise Conditions de présentation des offres sur le site Conditions générales de vente Droits des voyageurs ferroviaires et Règlement européen n°2021/782 Informations légales Charte de confidentialité et cookies Gestion des cookies Partenariat Régie publicitaire Devenir partenaire ou affilié Widget SNCF Connect Sites du groupe Site SNCF Connect & Tech Espace Presse SNCF Connect & Tech Carrières SNCF Connect & Tech Le compte des agents SNCF Groupe-sncf.com Emploi Groupe SNCF Vous informer Aide Contactez-nous Vos billets Communauté SNCF Connect Plan du site SNCF Connect Guide du voyageur Franchissement frontière Handicap & mobilité réduite Nos services pour les voyageurs PSH/PMR Tout savoir sur le service d'assistance en gare Accessibilité numérique : conformité partielle Fonctionnalités d'accessibilité de nos applications mobiles Les autres services d'assistance en Europe Transporteurs TGV INOUI OUIGO TER BlaBlaCar Bus FlixBus BlaBlaCar INTERCITES LYRIA EUROSTAR TGV INOUI vers Bruxelles DB SNCF Voyageurs en coopération TGV INOUI vers l'Espagne TGV INOUI vers l'Italie TGV INOUI vers le Luxembourg TGV INOUI vers Fribourg Itinéraires populaires Train Paris Bordeaux Train Paris Marseille Train Bordeaux Paris Train Paris Lyon Train Paris Bruxelles Train Paris Strasbourg Train Paris Toulouse Train Toulouse Paris Train Lyon Paris Train Paris Amsterdam Train Paris Lille Train Nantes Paris Train Paris Genève Train Paris Barcelone Train Paris Nantes Trajets Transporteurs TGV INOUI Lille-Paris TGV INOUI Lyon-Paris TGV INOUI Paris-Nice TGV INOUI Marseille-Paris TGV INOUI Paris-Nantes OUIGO Fleury-les-Aubrais-Paris OUIGO Paris-Fleury-les-Aubrais OUIGO Rennes-Paris OUIGO Marseille-Lyon OUIGO Nantes-Paris TER Paris-Trouville Deauville TER Trouville Deauville-Paris TER Paris-Le Mans TER Le Mans-Paris TER Nice-Cannes : horaires et billets Top destinations Train France Train Paris Train Lyon Train Bordeaux Train Strasbourg Train Nantes Train Marseille Train Lille Train Marne-la-Vallée Chessy (Disneyland® Paris) Train Amsterdam Train Londres Train Barcelone Train Rennes Train Italie Train Suisse Nos applications mobiles","Les cinq plus beaux villages de Bourgogne
Réserver un billet de train
Art contemporain à Châteauneuf
Anis de Flavigny-sur-Ozerain
Le beau Noyers
Vézelay, le plus perché
Semur-en-Brionnais"
outlet city metzingen,"
- Outlet City Metzingen | Mode femme de créateurs jusqu'à -70% | Boutique en ligne Outlet City Metzingen
- Vente privée Outletcity Metzingen | Mode de créateurs à prix réduit | Outlet Mode Femme
- Outlet City Metzingen | Mode Femme de Luxe à Prix Réduit | Boutique en Ligne Outlet Metzingen",auf den (6) outletcity metzingen (5) ausgewählter artikel (5) sample sale (5) bis zu (4) restaurants cafés (4) boss beach (4) cocktails drinks (4) lunch dinner (4) den outletpreis (3)schließen alle (24) alles in (18) marken alle (18) alle marken (18) kategorien alles (10) home living (9) im sale (8) schließen kategorien (7) schließen alles (6) beliebte marken (5),auf den outletpreis (3) den outletpreis ausgewählter (3) outletpreis ausgewählter artikel (3) auf den uvp (3) creuset sample sale (3) sonnenterrasse cocktails drinks (3) polo ralph lauren (2) ausgewählter artikel 30 (2) artikel 30 extra (2) 30 extra 09062025 (2)marken alle marken (18) kategorien alles in (8) schließen kategorien alles (6) schließen alles in (6) beliebte marken alle (5) styles für damen (4) alles in home (3) in home living (3) leicht warm zurück (3) damen herren kinder (2),2025 (0.48) outletcity (0.28) sale (0.28) 06 (0.24) den (0.22) 07 (0.20) boss (0.20) uvp (0.20) 00 (0.18) in (0.18) und (0.18) shopping (0.16) sonnenterrasse (0.16) zu (0.16) auf (0.14) bis (0.14) 08 (0.12) angebote (0.12) fashion (0.12) outlet (0.12) stores (0.12) 09 (0.10) artikel (0.10) ausgewählter (0.10) der (0.10) die (0.10) drinks (0.10) metzingen (0.10) sample (0.10) beach (0.08)alle (0.45) marken (0.41) schließen (0.41) zurück (0.39) alles (0.19) in (0.18) styles (0.16) kategorien (0.14) sale (0.13) kleider (0.12) shirts (0.12) sport (0.12) wäsche (0.11) accessoires (0.10) hosen (0.10) blusen (0.09) outletcity (0.09) schuhe (0.09) bhs (0.08) boots (0.08) damen (0.08) home (0.08) im (0.08) living (0.08) röcke (0.08) sandalen (0.08) sneaker (0.08) und (0.08) der (0.07) für (0.07),"- Outletcity Metzingen propose des réductions allant jusqu'à 70% sur des marques de luxe
- Plus de 170 marques premium et de luxe sont disponibles dans plus de 130 magasins
- Des événements, divertissements et expériences sont également proposés
- Mode, accessoires, articles pour la maison et produits de beauté sont disponibles
- En plus du magasin physique, Outletcity Metzingen propose un site de vente en ligne avec des réductions allant jusqu'à -70%","- Outletcity Metzingen propose des réductions allant jusqu'à 70 % par rapport au prix de vente conseillé des fabricants.
- Certains articles de marques comme Polo Ralph Lauren, BOSS, Armani et Under Armour peuvent être réduits jusqu'à 50 % voire 70 %.
- Des ventes spéciales telles que le Sample Sale offrent des réductions importantes sur des produits comme des grillpfanne Tradition, des sandales UGG et des articles L'OCCITANE.
- La Outletcity Metzingen compte plus de 170 marques de luxe et premium, offrant des réductions tout au long de l'année.
- La plateforme de vente en ligne outletcity.com/shop propose une large gamme de produits de marque à des prix réduits, avec plus de 400 marques disponibles.",outlet city metzingen,"Week-end shopping à l'Outletcity de Metzingen - SNCF Connect Aller au contenu principal Voyager Voyager Voyager Fermer Tout pour voyager Réserver Réserver Billets de train Voyages en bus Trajets en covoiturage Location de voiture Hôtels Taxi/VTC Bons plans Bons plans Voyages en groupe Voyages pro Enfant voyageant seul Informations Informations Horaires en gare Info trafic Handicap et accessibilité Tous les transporteurs Tous les services Nos réponses à vos questions Guide de voyage Guide de voyage Où voyager en France, en Europe Voyager selon vos envies Billets Billets Billets Fermer Voir vos billets et titres Vos voyages Vos voyages Tous vos voyages Importer un voyage Compensation en cas de retard Faire une réclamation Modifier un voyage Assurance Allianz Vos cartes et abonnements Vos cartes et abonnements Importer une carte ou abonnement Acheter une carte ou abonnement Compléter votre voyage Compléter votre voyage Louer une voiture Réserver un hôtel Réserver un Taxi/VTC Transports urbains Restauration à bord TGV INOUI Restauration à bord INTERCITES Tous les services Offres Offres Offres Fermer Parcourir toutes les offres Cartes et abonnements SNCF Cartes et abonnements SNCF Carte Avantage Jeune Carte Avantage Adulte Carte Avantage Senior Carte Liberté Abonnement MAX ACTIF Abonnement MAX JEUNE Toutes les cartes et abonnements Offres régionales Offres régionales TER Auvergne-Rhône-Alpes TER Hauts de France LiO Train Occitanie TER Nouvelle-Aquitaine Titres Île-de-France Mobilités Consulter les offres régionales Offres urbaines Offres urbaines Avignon – Réseau Orizo Caen – Réseau Twisto Montbéliard – Réseau évolitY Perpignan – Réseau Sankéo Sophia Antipolis – Réseau Envibus Tours – Réseau Fil Bleu Consulter les offres urbaines Services Services Louer une voiture Réserver un hôtel Réserver un Taxi/VTC Assurer votre voyage Livraison de bagages Transport de véhicules Restauration à bord Domicile + Train Tous les services Compte Compte Compte Fermer Accéder à votre compte Vos espaces Vos espaces Se connecter Se créer un compte Espace MAX JEUNE Espace MAX SENIOR Communauté SNCF Connect Vos informations Vos informations Vos informations personnelles Cartes et programmes de fidélité Vos achats Vos moyens de paiement Compagnons de voyage Aide et légal Aide et légal Charte de confidentialité Conditions générales d'utilisation Compensation en cas de retard Aide en ligne Contacts Week-end shopping à l'Outletcity de Metzingen Accueil A voir, à faire Week-end shopping à l'Outletcity de Metzingen Metzingen, au coeur du Bade Wurtemberg, est un quartier tranquille, célèbre pour ses magasins d'usine. Un city-break idéal pour un week end shopping au départ de la France... Réserver un billet de train Réserver un billet de train Rechercher Annuler Votre week-end shopping à l'Outletcity de Metzingen Que trouver à l'Outletcity de Metzingen ? Nos conseils et bon plans À 30mn au sud de Stuttgart (et 4h de train de Paris), Metzingen mérite le détour pour une escale 100% shopping. Cette ville est célèbre pour ses nombreux magasins d'usine, à l'image de la ville de Troyes en France. Vous retrouverez 70 enseignes de renommée internationale, avec des remises pouvant aller de 30 à 70% ! shopping - © iStock - PeopleImages Que trouver à l'Outletcity de Metzingen ? Du Prêt-à-porter évidemment (Burberry, Armani, Moncler, Prada, Calvin Klein, Petit Bateau, Zegna, Gucci, Hugo Boss...) mais aussi accessoires de sport, lingerie et bijoux (Swarovski et Swatch). Toutes les boutiques de l'Outlecity ont en commun la qualité des produits. Chaque année, 3,5 millions de visiteurs de 185 pays viennent découvrir l'Outlecity car on y fait des trouvailles exceptionnelles. Toute la ville est réputée pour ce centre commercial à ciel ouvert, une mini-ville, un paradis des shopping-addicts. Ville natale d' Hugo Boss , Metzingen possède le magasin d'usine de la marque, l'un des attraits principaux de Metzingen, notamment si vous cherchez un costume sur mesure par exemple. >> De passage à Stuttgart ? Découvrez 5 activités à faire OUTLETCITY METZINGEN Maienwaldstraße 2 72555 Metzingen Allemagne Horaire d'ouverture : Ouvert du lundi au samedi de 10h00 à 20h00 Comment s'y rendre ? Du jeudi au samedi, une navette fait l'aller-retour entre Stuttgart et Metzingen, 4 fois par jour. Shopping - © iStock - Metamorworks Nos conseils et bons plans Avant de vous lancer dans votre virée shopping, passez à l'office de tourisme de Metzingen pour demander un plan des magasins d’usine. Si vous venez en famille, avec vos enfants en bas âge, il y a une garderie à disposition ""Kid's camp"" , avec des jeux, elle est ouverte de 9h à 21h (au delà des heures d'ouverture) et pour les enfants de 3 à 12 ans. Des réductions tarifaires sont régulièrement mises à jour pour les nouveaux clients au sein du centre, vous pouvez vous renseigner directement à l'accueil. Cet article vous a plu ? Partagez-le ! Facebook WhatsApp X, formerly Twitter Pinterest Mail La Rédaction SNCF Connect 15/11/2019 Nos engagements Meilleurs prix garantis Paiement sécurisé Contact 7j/7 Service client de l'année 2025 Moyens de paiement Infos et conditions Paiement en Chèque-Vacances Connect Infos et conditions de paiement avec les cartes Ayvens, Betterway, Pluxee ou RoadMate Choix du pays Langue France Langue Belgique België Belgium Deutschland España France Italia Luxembourg Nederland Suisse Schweiz Switzerland Other regions and countries Nos partenaires Inscrivez-vous à notre newsletter et profitez des meilleurs bons plans Suivez-nous ! L'entreprise Conditions de présentation des offres sur le site Conditions générales de vente Droits des voyageurs ferroviaires et Règlement européen n°2021/782 Informations légales Charte de confidentialité et cookies Gestion des cookies Partenariat Régie publicitaire Devenir partenaire ou affilié Widget SNCF Connect Sites du groupe Site SNCF Connect & Tech Espace Presse SNCF Connect & Tech Carrières SNCF Connect & Tech Le compte des agents SNCF Groupe-sncf.com Emploi Groupe SNCF Vous informer Aide Contactez-nous Vos billets Communauté SNCF Connect Plan du site SNCF Connect Guide du voyageur Franchissement frontière Handicap & mobilité réduite Nos services pour les voyageurs PSH/PMR Tout savoir sur le service d'assistance en gare Accessibilité numérique : conformité partielle Fonctionnalités d'accessibilité de nos applications mobiles Les autres services d'assistance en Europe Transporteurs TGV INOUI OUIGO TER BlaBlaCar Bus FlixBus BlaBlaCar INTERCITES LYRIA EUROSTAR TGV INOUI vers Bruxelles DB SNCF Voyageurs en coopération TGV INOUI vers l'Espagne TGV INOUI vers l'Italie TGV INOUI vers le Luxembourg TGV INOUI vers Fribourg Itinéraires populaires Train Paris Bordeaux Train Paris Marseille Train Bordeaux Paris Train Paris Lyon Train Paris Bruxelles Train Paris Strasbourg Train Paris Toulouse Train Toulouse Paris Train Lyon Paris Train Paris Amsterdam Train Paris Lille Train Nantes Paris Train Paris Genève Train Paris Barcelone Train Paris Nantes Trajets Transporteurs TGV INOUI Lille-Paris TGV INOUI Lyon-Paris TGV INOUI Paris-Nice TGV INOUI Marseille-Paris TGV INOUI Paris-Nantes OUIGO Fleury-les-Aubrais-Paris OUIGO Paris-Fleury-les-Aubrais OUIGO Rennes-Paris OUIGO Marseille-Lyon OUIGO Nantes-Paris TER Paris-Trouville Deauville TER Trouville Deauville-Paris TER Paris-Le Mans TER Le Mans-Paris TER Nice-Cannes : horaires et billets Top destinations Train France Train Paris Train Lyon Train Bordeaux Train Strasbourg Train Nantes Train Marseille Train Lille Train Marne-la-Vallée Chessy (Disneyland® Paris) Train Amsterdam Train Londres Train Barcelone Train Rennes Train Italie Train Suisse Nos applications mobiles","Week-end shopping à l'Outletcity de Metzingen
Réserver un billet de train
Votre week-end shopping à l'Outletcity de Metzingen
Que trouver à l'Outletcity de Metzingen ?
Nos conseils et bons plans"
spécialité allemande dessert,"- ""Desserts allemands authentiques : 15 recettes incontournables à déguster""
- ""Spécialité allemande : 40 recettes de pâtisseries gourmandes et rapides à réaliser""
- ""Envie de desserts allemands ? Découvrez nos 55 recettes délicieuses et faciles""",voir recette (15) recettes base (7) pâtisseries allemandes (6) recettes minceur (6) 15 recettes (5) 30 juin (5) juin 4 (5) idées recettes (5) forêt noire (5) beignets berlin (5)request failed (1) failed you (1) you will (1) will not (1) not be (1) be charged (1) charged for (1) for this (1) this request (1) request please (1)temps total (8) facile coût (7) difficulté facile (6) coût bon (5) bon marché (5) pâtisseries germaniques (4) cuisine actuelle (4) dessert allemand (4) gâteau gâteaux (4) faciles rapides (4),30 juin 4 (5) recettes pâtisseries allemandes (4) juin 4 juillet (4) 15 recettes pâtisseries (3) pâtisseries allemandes déguster (3) allemandes déguster sans (3) déguster sans attendre (3) menu batch cooking (3) 4 juillet menu (3) gâteau nid dabeille (3)request failed you (1) failed you will (1) you will not (1) will not be (1) not be charged (1) be charged for (1) charged for this (1) for this request (1) this request please (1) request please make (1)difficulté facile coût (6) facile coût bon (5) coût bon marché (5) temps total 2 (3) total 2 h (3) desserts allemands 40 (2) allemands 40 recettes (2) 40 recettes pâtisseries (2) recettes pâtisseries germaniques (2) pâtisseries germaniques simples (2),recettes (0.67) 15 (0.35) recette (0.27) pâte (0.22) voir (0.22) fruits (0.15) menu (0.14) minceur (0.14) strudel (0.13) idées (0.12) pouvez (0.12) allemandes (0.10) base (0.10) gâteau (0.10) pommes (0.10) sans (0.10) tout (0.10) comme (0.09) cuisine (0.09) noël (0.09) plats (0.09) si (0.09) aussi (0.08) beignets (0.08) berlin (0.08) bien (0.08) faire (0.08) juin (0.08) linzer (0.08) pâtisseries (0.08)request (0.45) true (0.30) your (0.30) adding (0.15) again (0.15) and (0.15) be (0.15) charged (0.15) correct (0.15) domains (0.15) failed (0.15) for (0.15) is (0.15) make (0.15) may (0.15) not (0.15) or (0.15) parameter (0.15) please (0.15) premium (0.15) protected (0.15) require (0.15) sure (0.15) this (0.15) to (0.15) try (0.15) ultra_premium (0.15) url (0.15) will (0.15) you (0.15)recettes (0.43) gâteau (0.32) desserts (0.26) facile (0.24) dessert (0.22) pâtisserie (0.22) pâtisseries (0.22) temps (0.19) difficulté (0.17) note (0.17) total (0.17) coût (0.15) cuisine (0.15) gâteaux (0.15) idées (0.15) plus (0.15) rapides (0.15) recette (0.15) très (0.15) bon (0.13) faciles (0.13) sans (0.13) 40 (0.11) chocolat (0.11) fruits (0.11) lire (0.11) marché (0.11) meilleures (0.11) actuelle (0.09) forêt (0.09),"- Le strudel aux pommes (Apfelstrudel) est un dessert traditionnel composé de pâte feuilletée, de pommes, d'amandes et de raisins secs, parfumé à la cannelle et au rhum.
- La forêt noire est un célèbre gâteau allemand à base de génoise au chocolat, de chantilly et de cerises macérées dans le kirsch.
- Le Bienenstich, ou ""nid d'abeille"", est un gâteau composé d'une brioche fourrée à la crème pâtissière et recouvert d'amandes caramélisées au miel.
- Les Quarkkeulchen sont des galettes sucrées à base de pommes de terre et de fromage frais (quark), typiques de la cuisine allemande.
- Le Stollen (Marzipanstollen ou Christstollen) est un pain brioché de Noël aux fruits confits et à la pâte d'amandes, traditionnellement préparé des semaines à l'avance.","- ""Une génoise au chocolat moelleuse et fondante, une chantilly légère et savoureuse, de délicieuses cerises macérées dans le kirsch (attention, pensez à les faire macérer **2 heures** avant de commencer votre recette !), ce fabuleux gâteau tout droit venu de nos voisins allemands mettra vos papilles en extase !""

- ""**Traditionnellement consommé la veille de Noël** en Allemagne, il est préparé **des semaines à l'avance**.""",spécialité allemande dessert,"5 spécialités allemandes à goûter sur place - SNCF Connect Aller au contenu principal Voyager Voyager Voyager Fermer Tout pour voyager Réserver Réserver Billets de train Voyages en bus Trajets en covoiturage Location de voiture Hôtels Taxi/VTC Bons plans Bons plans Voyages en groupe Voyages pro Enfant voyageant seul Informations Informations Horaires en gare Info trafic Handicap et accessibilité Tous les transporteurs Tous les services Nos réponses à vos questions Guide de voyage Guide de voyage Où voyager en France, en Europe Voyager selon vos envies Billets Billets Billets Fermer Voir vos billets et titres Vos voyages Vos voyages Tous vos voyages Importer un voyage Compensation en cas de retard Faire une réclamation Modifier un voyage Assurance Allianz Vos cartes et abonnements Vos cartes et abonnements Importer une carte ou abonnement Acheter une carte ou abonnement Compléter votre voyage Compléter votre voyage Louer une voiture Réserver un hôtel Réserver un Taxi/VTC Transports urbains Restauration à bord TGV INOUI Restauration à bord INTERCITES Tous les services Offres Offres Offres Fermer Parcourir toutes les offres Cartes et abonnements SNCF Cartes et abonnements SNCF Carte Avantage Jeune Carte Avantage Adulte Carte Avantage Senior Carte Liberté Abonnement MAX ACTIF Abonnement MAX JEUNE Toutes les cartes et abonnements Offres régionales Offres régionales TER Auvergne-Rhône-Alpes TER Hauts de France LiO Train Occitanie TER Nouvelle-Aquitaine Titres Île-de-France Mobilités Consulter les offres régionales Offres urbaines Offres urbaines Avignon – Réseau Orizo Caen – Réseau Twisto Montbéliard – Réseau évolitY Perpignan – Réseau Sankéo Sophia Antipolis – Réseau Envibus Tours – Réseau Fil Bleu Consulter les offres urbaines Services Services Louer une voiture Réserver un hôtel Réserver un Taxi/VTC Assurer votre voyage Livraison de bagages Transport de véhicules Restauration à bord Domicile + Train Tous les services Compte Compte Compte Fermer Accéder à votre compte Vos espaces Vos espaces Se connecter Se créer un compte Espace MAX JEUNE Espace MAX SENIOR Communauté SNCF Connect Vos informations Vos informations Vos informations personnelles Cartes et programmes de fidélité Vos achats Vos moyens de paiement Compagnons de voyage Aide et légal Aide et légal Charte de confidentialité Conditions générales d'utilisation Compensation en cas de retard Aide en ligne Contacts 5 spécialités allemandes à goûter sur place Accueil A voir, à faire Allemagne 5 spécialités allemandes à goûter sur place Que mangent-ils outre-Rhin ? Dans le sud-ouest de l'Allemagne, vous vous régalez des spécialités allemandes que vous devez goûter sur place pour apprécier complètement votre voyage ! Réserver un billet de train Réserver un billet de train Rechercher Annuler Pour se régaler en Allemagne : La Forêt-Noire La truite de la Forêt-Noire à Baden-Baden La sauce verte de Francfort-sur-le-Main Les raviolis de Karlsruhe Le plat de pomme de terre : le Dibbelabbes de Sarrebruck La Forêt Noire - © iStock - LauriPatterson La Forêt-Noire La Forêt-Noire , Schwarzwälder Kirschtorte en VO, littéralement « gâteau à la cerise de la Forêt-Noire », est une génoise au cacao imbibée de kirsch, fourrée de crème chantilly et de cerises, recouverte de copeaux de chocolat. Connu depuis les années 1930, il est aujourd'hui considéré comme LE gâteau allemand par excellence. Histoire Au XIX e siècle, en Forêt-Noire du sud, les cuisinières mélangeaient cerises, chantilly et kirsch, pour constituer un dessert. Le pâtissier Josef Keller (1887-1981) s'est dit le créateur du gâteau de Forêt-Noire en 1915 au Café Agner, dans la ville de Bad Godesberg (proche de Bonn). Josef Keller, en 1927, fait une Forêt-Noire avec une pâte sablée. Pourquoi ce nom ? Le costume traditionnel des habitants de la Forêt-Noire est noir, rouge et blanc, les mêmes couleurs que le gâteau ! Les copeaux de chocolat rappellent une forêt sombre ? Le kirsch est fabriqué essentiellement en Forêt-Noire. Le saviez-vous ? Depuis 2006, le festival du gâteau de Forêt-Noire a lieu tous les deux ans à Todtnauberg, un quartier de la ville de Todtnau en Forêt-Noire. Des pâtissiers amateurs et professionnels s’affrontent dans deux catégories d’épreuve avec leurs créations faites maison. Le record du plus grand gâteau authentique de la Forêt-noire au monde a été établi à Europa-Park, en 2006 : 3 000 kg, 10 m de diamètre, 700 litres de crème, 5 600 œufs, 800 kg de cerises, 40 kg de copeaux de chocolat et 120 litres de kirsch. En 2012, les chefs Jörg Mink et Julien Bompard réalise le plus gros gâteau Forêt-Noire d'Asie : 500 kg, 165 litres de crème, 1 500 œufs, 68 kg de copeaux de chocolat et 10 litres de kirsch. Assiette de truite - © iStock-AlexPro9500 Truite de la Forêt-Noire à Baden-Baden La truite de la Forêt-Noire vient directement de l'éleveur de truites de Baden-Baden. Les restaurants la servent meunière, fumée ou farcie, en filet et même en carpaccio car elle est plus que fraîche. Les torrents à truites ne manquent pas dans la Forêt Noire avoisinant Baden Baden. Il est donc fréquent d'avoir sur les menus des restaurants de la région des filets de truite fumée , un vrai classique ! L'élevage de truites de Baden-Baden L'élevage de truites se trouve dans un cadre idyllique à Baden-Baden, entre forêts et prairies, où des truites saumonées grandissent dans l'eau naturelle. Dans le ""Forellen-Schlemmer-Lädele"", vous pouvez acheter et déguster du poisson frais (poissons d'eau douce et de lac) et des produits fumés sur place. Un snack-bar y propose également des spécialités maison telles que le tartare de saumon, des boulettes de truite et de saumon, des pâtes à la truite... Trollenzucht Baden-Baden - Gaisbach 91b, 76534 Baden-Baden >> Vos billets de train pour Baden-Baden assiette Sauce verte de Francfort avec oeufs - © iStock-Sybille Reuter La sauce verte de Francfort-sur-le-Main La Grüne Soße (dire ""grüne sosse"") est un plat incontournable de la gastronomie à Francfort. Une sorte de gaspacho composé de sept herbes : persil, ciboulette, cerfeuil, cresson, pimprenelle, oseille et bourrache, accompagnée de crème, de yaourt et relevée d'une pointe de moutarde . Elle est servie froide avec des pommes de terre et des œufs durs. La plus ancienne recette de la sauce verte daterait de 1850. La légende La légende veut que ce soit le plat préféré de Goethe car sa mère la cuisinait ! mais Goethe, subtile gourmand dans ses écrits, n'en a jamais fait mention. A faire soi-même Très bonne et rafraîchissante, vous pouvez trouver au marché de Francfort une botte composée des 7 herbes ""7 Kräuter"" pour la préparer vous-même. Au marché couvert Kleinmarkthalle , des portions de sauce verte ""nature"" vous permettent d'y goûter, sur le pouce. Un festival, une association... c'est une affaire sérieuse ! Il existe un festival annuel de la sauce verte, avec des concours de la meilleure sauce, du record de portions de sauce verte consommées en une journées... Une association de protection de la sauce verte veille à préserver le savoir-faire local et la tradition. >> Vos billets de train pour Francfort Maultaschen - © Martin Siepmann/ImageBroker / Photononstop Les raviolis de Karlsruhe Les maultaschen sont des raviolis à la viande. C'est le plat typique du Jeudi saint. Maultasche serait apparu au XVI e siècle et le mot peut se traduire par gifle. En effet la pâte doit être frappée et étalée avant d'être farcie. On dit aussi que ce nom viendrait de Maul (bouche) et Taschen (poche) et c'est vrai que ce sont de petits sacs de viande que l'on met en bouche. Les légendes Des moines cisterciens du monastère de Maulbronn (d'où le nom de Maultaschen ) auraient voulu cacher qu'ils mangeaient de la viande durant le Carême. Des protestants auraient remplacé discrètement les épinards et les épices par de la viande dans leurs ravioles végé. Les Maultaschen viennent probablement d'Italie , voire de Chine. A tester aussi à Karlsruhe : Les pralines, Gelbfüssler La bière bio Fächerbräu Les biscuits Hildabrötchen et ceux de la saison de l’Avent appelés Dambedei >> Vos billets de train pour Karlsruhe Dibbelabbes specialité  - © hayo Le Dibbelabbes de Sarrebruck Dibbe veut dire casserole et Labbes un gros morceau. Le Dibbelabbes est le plat traditionnel préféré des Sarrois : des pommes de terre rappées avec des oignons, des oeufs, de la viande séchée... cuits dans une grande poêle en fonte avec couvercle ou au four (le nom du plat devient Schales) et qui se sert avec une compote de pomme ou une salade d'endives. Histoire de la pomme de terre allemande La pomme de terre est l'élément de base de la cuisine allemande et tout particulièrement en Sarre. En 1588, Charles de l'Écluse s'installe à Francfort-sur-le-Main alors qu'il vient de cultiver pour la première fois la pomme de terre à Vienne. En 1647 l'agriculteur Hans Rogler est le pionnier de la culture de la pomme de terre en Bavière. >> Vos billets de train pour Sarrebruck Cet article vous a plu ? Partagez-le ! Facebook WhatsApp X, formerly Twitter Pinterest Mail La Rédaction SNCF Connect 03/12/2022 Nos engagements Meilleurs prix garantis Paiement sécurisé Contact 7j/7 Service client de l'année 2025 Moyens de paiement Infos et conditions Paiement en Chèque-Vacances Connect Infos et conditions de paiement avec les cartes Ayvens, Betterway, Pluxee ou RoadMate Choix du pays Langue France Langue Belgique België Belgium Deutschland España France Italia Luxembourg Nederland Suisse Schweiz Switzerland Other regions and countries Nos partenaires Inscrivez-vous à notre newsletter et profitez des meilleurs bons plans Suivez-nous ! L'entreprise Conditions de présentation des offres sur le site Conditions générales de vente Droits des voyageurs ferroviaires et Règlement européen n°2021/782 Informations légales Charte de confidentialité et cookies Gestion des cookies Partenariat Régie publicitaire Devenir partenaire ou affilié Widget SNCF Connect Sites du groupe Site SNCF Connect & Tech Espace Presse SNCF Connect & Tech Carrières SNCF Connect & Tech Le compte des agents SNCF Groupe-sncf.com Emploi Groupe SNCF Vous informer Aide Contactez-nous Vos billets Communauté SNCF Connect Plan du site SNCF Connect Guide du voyageur Franchissement frontière Handicap & mobilité réduite Nos services pour les voyageurs PSH/PMR Tout savoir sur le service d'assistance en gare Accessibilité numérique : conformité partielle Fonctionnalités d'accessibilité de nos applications mobiles Les autres services d'assistance en Europe Transporteurs TGV INOUI OUIGO TER BlaBlaCar Bus FlixBus BlaBlaCar INTERCITES LYRIA EUROSTAR TGV INOUI vers Bruxelles DB SNCF Voyageurs en coopération TGV INOUI vers l'Espagne TGV INOUI vers l'Italie TGV INOUI vers le Luxembourg TGV INOUI vers Fribourg Itinéraires populaires Train Paris Bordeaux Train Paris Marseille Train Bordeaux Paris Train Paris Lyon Train Paris Bruxelles Train Paris Strasbourg Train Paris Toulouse Train Toulouse Paris Train Lyon Paris Train Paris Amsterdam Train Paris Lille Train Nantes Paris Train Paris Genève Train Paris Barcelone Train Paris Nantes Trajets Transporteurs TGV INOUI Lille-Paris TGV INOUI Lyon-Paris TGV INOUI Paris-Nice TGV INOUI Marseille-Paris TGV INOUI Paris-Nantes OUIGO Fleury-les-Aubrais-Paris OUIGO Paris-Fleury-les-Aubrais OUIGO Rennes-Paris OUIGO Marseille-Lyon OUIGO Nantes-Paris TER Paris-Trouville Deauville TER Trouville Deauville-Paris TER Paris-Le Mans TER Le Mans-Paris TER Nice-Cannes : horaires et billets Top destinations Train France Train Paris Train Lyon Train Bordeaux Train Strasbourg Train Nantes Train Marseille Train Lille Train Marne-la-Vallée Chessy (Disneyland® Paris) Train Amsterdam Train Londres Train Barcelone Train Rennes Train Italie Train Suisse Nos applications mobiles","5 spécialités allemandes à goûter sur place
Réserver un billet de train
Pour se régaler en Allemagne :
La Forêt-Noire
Histoire
Pourquoi ce nom ?
Le saviez-vous ?
Truite de la Forêt-Noire à Baden-Baden
L'élevage de truites de Baden-Baden
La sauce verte de Francfort-sur-le-Main
La légende
A faire soi-même
Un festival, une association... c'est une affaire sérieuse !
Les raviolis de Karlsruhe
Les légendes
A tester aussi à Karlsruhe :
Le Dibbelabbes de Sarrebruck
Histoire de la pomme de terre allemande"
plage a hyeres,"- Plages à Hyères: découvrez les joyaux de la Côte d'Azur
- Les plus belles plages de Hyères à portée de main
- Explorer les plages de Hyères: votre guide complet",lutte contre (4) plages prêtes (3) parc naturel (3) naturel borrels (3) catégorie actu (3) actu municipale (3) 1 clic (2) offres demploi (2) démarches ligne (2) prise rendezvous (2)provencealpescôte dazur (34) plus belles (17) belles plages (17) région provencealpescôte (9) côte dazur (7) sud france (6) villes villages (5) entre mer (5) mer montagne (5) région sud (5)cette plage (6) plages hyères (5) côte dazur (5) jen profite (4) découvrir belambra (4) presquîle giens (4) plus belles (3) belles plages (3) voir toutes (3) séjours mer (3),parc naturel borrels (3) catégorie actu municipale (3) parcours arts patrimoine (2) lutte contre nuisibles (2) monuments sites rendezvous (2) sites rendezvous patrimoine (2) ville dart dhistoire (2) plages prêtes plages (2) tombolo ouest commune (2) 1er juillet 31 (2)plus belles plages (17) région provencealpescôte dazur (9) voir cette publication (5) cette publication instagram (5) publication instagram publication (5) instagram publication partagée (5) entre mer montagne (4) découvrir villes villages (3) provencealpescôte dazur a (3) belles plages dhyères (3)plus belles plages (3) entre ville nature (3) côte dazur partir (3) 01 46 10 (2) 46 10 13 (2) 10 13 14 (2) voir toutes destinations (2) fermer clubs 3b (2) plages hyères plongez (2) hyères plongez cœur (2),plages (0.44) eau (0.32) ville (0.32) patrimoine (0.25) plage (0.22) contre (0.16) hyères (0.16) marchés (0.16) mise (0.16) municipale (0.16) plan (0.16) port (0.16) prévention (0.16) rendez (0.16) service (0.16) arts (0.13) borrels (0.13) collecte (0.13) emploi (0.13) espace (0.13) littoral (0.13) lutte (0.13) naturel (0.13) parc (0.13) ports (0.13) public (0.13) qualité (0.13) réalisations (0.13) santé (0.13) services (0.13)alpes (0.43) provence (0.40) azur (0.38) côte (0.38) plus (0.21) plages (0.20) région (0.20) sud (0.19) belles (0.16) mer (0.15) activités (0.14) découvrir (0.13) plage (0.11) cette (0.09) entre (0.09) nature (0.09) publication (0.09) villages (0.09) aussi (0.08) faire (0.08) personnes (0.08) expériences (0.07) hyères (0.07) littoral (0.07) pays (0.07) paysages (0.07) presqu (0.07) villes (0.07) visites (0.07) voir (0.07)hyères (0.40) plage (0.34) belambra (0.26) clubs (0.26) fermer (0.23) plages (0.23) précédent (0.23) cette (0.19) partir (0.19) découvrir (0.17) offre (0.17) vacances (0.17) côte (0.15) plus (0.15) si (0.15) séjour (0.15) 15 (0.13) domaine (0.13) enfants (0.13) azur (0.11) bon (0.11) compte (0.11) destinations (0.11) giens (0.11) jusqu (0.11) où (0.11) séjours (0.11) toutes (0.11) très (0.11) île (0.11),"- **Protection de la biodiversité marine** : Les plages d’Hyères sont situées à proximité de zones protégées, telles que le Parc National de Port-Cros, favorisant la préservation des écosystèmes marins et la diversité des espèces.
- **Accès éco-responsable** : La commune encourage l’utilisation des transports en commun et propose des infrastructures pour les cyclistes, réduisant ainsi l'empreinte carbone des visiteurs se rendant aux plages.
- **Initiatives de sensibilisation** : Des programmes éducatifs et des ateliers sont organisés régulièrement pour sensibiliser le public à la protection de l’environnement et à l’importance de maintenir les plages propres.
- **Événements culturels sur le littoral** : Tout au long de l'année, des festivals et des concerts sont organisés sur les plages, offrant une expérience culturelle enrichissante aux visiteurs tout en profitant du cadre naturel.
- **Sécurité et accessibilité** : Les plages d’Hyères sont équipées de nombreuses installations pour garantir la sécurité des baigneurs, y compris des postes de secours et des services de surveillance renforcée durant la saison estivale.","- la commune procède du 1er juillet au 31 août , au nettoyage quotidien des plages de manière manuelle et mécanique.
- le remplacement des portes sacs par des conteneurs d’environ 660 litres qui permet de lutter contre les dépôts sauvages et les poubelles qui débordent sur les plages
- 7 plages bénéficient du label « plage-handi »
- 100% gratuit
- Circulation 7j/7 de 10h30 à 12h30 et de 14h à 19h30 Passage toutes les 30 min
- Terminus au village de Giens 3 arrêts sécurisés
- 2400 ans d’histoire
- La plage de l’Almanarre, longue de 5 kilomètres
- La plage de la Capte Longue de 4 kilomètres
- Située à 5 minutes du fort de la tour",plage a hyeres,"Les meilleures plages aux alentours de Hyères - SNCF Connect Aller au contenu principal Voyager Voyager Voyager Fermer Tout pour voyager Réserver Réserver Billets de train Voyages en bus Trajets en covoiturage Location de voiture Hôtels Taxi/VTC Bons plans Bons plans Voyages en groupe Voyages pro Enfant voyageant seul Informations Informations Horaires en gare Info trafic Handicap et accessibilité Tous les transporteurs Tous les services Nos réponses à vos questions Guide de voyage Guide de voyage Où voyager en France, en Europe Voyager selon vos envies Billets Billets Billets Fermer Voir vos billets et titres Vos voyages Vos voyages Tous vos voyages Importer un voyage Compensation en cas de retard Faire une réclamation Modifier un voyage Assurance Allianz Vos cartes et abonnements Vos cartes et abonnements Importer une carte ou abonnement Acheter une carte ou abonnement Compléter votre voyage Compléter votre voyage Louer une voiture Réserver un hôtel Réserver un Taxi/VTC Transports urbains Restauration à bord TGV INOUI Restauration à bord INTERCITES Tous les services Offres Offres Offres Fermer Parcourir toutes les offres Cartes et abonnements SNCF Cartes et abonnements SNCF Carte Avantage Jeune Carte Avantage Adulte Carte Avantage Senior Carte Liberté Abonnement MAX ACTIF Abonnement MAX JEUNE Toutes les cartes et abonnements Offres régionales Offres régionales TER Auvergne-Rhône-Alpes TER Hauts de France LiO Train Occitanie TER Nouvelle-Aquitaine Titres Île-de-France Mobilités Consulter les offres régionales Offres urbaines Offres urbaines Avignon – Réseau Orizo Caen – Réseau Twisto Montbéliard – Réseau évolitY Perpignan – Réseau Sankéo Sophia Antipolis – Réseau Envibus Tours – Réseau Fil Bleu Consulter les offres urbaines Services Services Louer une voiture Réserver un hôtel Réserver un Taxi/VTC Assurer votre voyage Livraison de bagages Transport de véhicules Restauration à bord Domicile + Train Tous les services Compte Compte Compte Fermer Accéder à votre compte Vos espaces Vos espaces Se connecter Se créer un compte Espace MAX JEUNE Espace MAX SENIOR Communauté SNCF Connect Vos informations Vos informations Vos informations personnelles Cartes et programmes de fidélité Vos achats Vos moyens de paiement Compagnons de voyage Aide et légal Aide et légal Charte de confidentialité Conditions générales d'utilisation Compensation en cas de retard Aide en ligne Contacts Les meilleures plages aux alentours de Hyères Accueil A voir, à faire Hyères Les meilleures plages aux alentours de Hyères A la recherche de vacances farniente et plage ? A Hyères, vous serez comblé ! La petite ville cerclée par la Méditerranée comporte de nombreuses plages. Nous avons listé pour vous les meilleures. Réserver un billet de train Réserver un billet de train Rechercher Annuler Située dans le Var, sur la Côte d'Azur, Hyères bénéficie d’un taux d’ensoleillement exceptionnel, à faire des jaloux partout en France. Vous rêvez de plonger vos pieds dans le sable ? Voici pour vous les plus belles plages du coin ! >> Je pars en train à Hyères Hyères - © iStock-Victor Fernandez Les meilleures plages aux alentours de Hyères : La plage de la Capte La plage de l’Almanarre sur la presqu’île de Giens Les plages de l’Ayguade La plage d’Argent sur l’île de Porquerolles La plage du Sud à Port-Cros La plage de la Capte - © iStock-andrzej63 La plage de la Capte à Hyères La plage de la Capte est peut-être la plus tranquille de toutes les plages. Elle est située sur la traverse de l’Arrogante et est surtout fréquentée par les Hyérois du coin : de l’eau peu profonde, du sable et un peu de galets. On peut facilement commencer l’apprentissage de la voile , planche à voiles ou catamaran . A noter que la Capte est bien abritée du vent. Un vrai plus les jours de mistral ! Presqu'île de Giens - © iStock-benslimanhassan La plage de l’Almanarre sur la presqu’île de Giens Située sur la partie ouest de la presqu’île de Giens , la plage de l’Almanarre est la plus longue de Hyères. Elle s’étend sur quatre kilomètres et alterne sable blanc et petits galets . Le site est internationalement connu par les amateurs de planche à voile, kitesurf, funboard ... Un groupe d'ami s'amusent et se prend en selfie sur une plage - © istock - wunder visuals La plage de l’Ayguade La plage de l’Ayguade est séparée en deux. La première partie va du port de l’Ayguade au Port Saint-Pierre et est souvent prise d’assaut durant la belle saison car on peut se garer facilement. Si vous voulez éviter la foule, privilégiez la portion qui va de l’Ayguade aux Salins , elle est plus spacieuse et il y a des aires de jeux et de pique-nique pour les familles. Île de Porquerolles - © iStock-nikitje La plage d’Argent sur l’île de Porquerolles Ourlée d’eucalyptus et de pins parasols, la plage d’Argent située à l’ouest du village de l’île de Porquerolles , est composée de sable blanc très fin et l’eau y est cristalline et peu profonde. Elle est particulièrement bien adaptée aux familles. Port Cros - © iStock-legna69 La plage du Sud à Port-Cros Après une petite balade à Port-Cros - la plage est située à 30 minutes du village -, la plage du Sud se mérite. L’eau est turquoise et le sable…fin ! Un vrai bonheur. Cet article vous a plu ? Partagez-le ! Facebook WhatsApp X, formerly Twitter Pinterest Mail La Rédaction SNCF Connect 01/03/2021 Vous aimerez aussi Fermer Voir tout Que faire à Hyères en famille : découvrez tous les incontournables Douceur de vivre à La Londe-Les-Maures 5 lieux secrets à visiter à moins d'une heure de TER de Toulon Top des meilleurs spots où observer les étoiles Quelles sont les plus belles plages de Toulon ? La Villa Noailles à Hyères Top 10 des choses à faire à Toulon Porquerolles, l’île aux trésors Vacances dans la station balnéaire du Lavandou Week-end romantique et gourmand au Lavandou Visites et activités nature autour du Lavandou Week-end éco-responsable à Hyères Nos engagements Meilleurs prix garantis Paiement sécurisé Contact 7j/7 Service client de l'année 2025 Moyens de paiement Infos et conditions Paiement en Chèque-Vacances Connect Infos et conditions de paiement avec les cartes Ayvens, Betterway, Pluxee ou RoadMate Choix du pays Langue France Langue Belgique België Belgium Deutschland España France Italia Luxembourg Nederland Suisse Schweiz Switzerland Other regions and countries Nos partenaires Inscrivez-vous à notre newsletter et profitez des meilleurs bons plans Suivez-nous ! L'entreprise Conditions de présentation des offres sur le site Conditions générales de vente Droits des voyageurs ferroviaires et Règlement européen n°2021/782 Informations légales Charte de confidentialité et cookies Gestion des cookies Partenariat Régie publicitaire Devenir partenaire ou affilié Widget SNCF Connect Sites du groupe Site SNCF Connect & Tech Espace Presse SNCF Connect & Tech Carrières SNCF Connect & Tech Le compte des agents SNCF Groupe-sncf.com Emploi Groupe SNCF Vous informer Aide Contactez-nous Vos billets Communauté SNCF Connect Plan du site SNCF Connect Guide du voyageur Franchissement frontière Handicap & mobilité réduite Nos services pour les voyageurs PSH/PMR Tout savoir sur le service d'assistance en gare Accessibilité numérique : conformité partielle Fonctionnalités d'accessibilité de nos applications mobiles Les autres services d'assistance en Europe Transporteurs TGV INOUI OUIGO TER BlaBlaCar Bus FlixBus BlaBlaCar INTERCITES LYRIA EUROSTAR TGV INOUI vers Bruxelles DB SNCF Voyageurs en coopération TGV INOUI vers l'Espagne TGV INOUI vers l'Italie TGV INOUI vers le Luxembourg TGV INOUI vers Fribourg Itinéraires populaires Train Paris Bordeaux Train Paris Marseille Train Bordeaux Paris Train Paris Lyon Train Paris Bruxelles Train Paris Strasbourg Train Paris Toulouse Train Toulouse Paris Train Lyon Paris Train Paris Amsterdam Train Paris Lille Train Nantes Paris Train Paris Genève Train Paris Barcelone Train Paris Nantes Trajets Transporteurs TGV INOUI Lille-Paris TGV INOUI Lyon-Paris TGV INOUI Paris-Nice TGV INOUI Marseille-Paris TGV INOUI Paris-Nantes OUIGO Fleury-les-Aubrais-Paris OUIGO Paris-Fleury-les-Aubrais OUIGO Rennes-Paris OUIGO Marseille-Lyon OUIGO Nantes-Paris TER Paris-Trouville Deauville TER Trouville Deauville-Paris TER Paris-Le Mans TER Le Mans-Paris TER Nice-Cannes : horaires et billets Top destinations Train France Train Paris Train Lyon Train Bordeaux Train Strasbourg Train Nantes Train Marseille Train Lille Train Marne-la-Vallée Chessy (Disneyland® Paris) Train Amsterdam Train Londres Train Barcelone Train Rennes Train Italie Train Suisse Nos applications mobiles","Les meilleures plages aux alentours de Hyères
Réserver un billet de train
Les meilleures plages aux alentours de Hyères :
La plage de la Capte à Hyères
La plage de l’Almanarre sur la presqu’île de Giens
La plage de l’Ayguade
La plage d’Argent sur l’île de Porquerolles
La plage du Sud à Port-Cros
Vous aimerez aussi"
les plus belles villes de bretagne en bord de mer,"- Les plus belles villes de Bretagne en bord de mer : top 10 des stations balnéaires
- Découvrez les stations balnéaires incontournables de Bretagne en bord de mer
- Les plus beaux villages côtiers bretons : notre sélection des 6 meilleurs",station balnéaire (13) plus belles (10) stations balnéaires (10) top 10 (8) 10 plus (8) belles plages (7) balnéaires bretagne (6) belles stations (5) saint briac (5) golfe morbihan (4)plus belles (13) belles villes (12) voir maisons (11) ruelles pavées (9) top 10 (8) léchange maisons (8) villes bretagne (7) maisons colombages (7) bons plans (4) riche patrimoine (4)côtes darmor (8) tout voir (6) stations balnéaires (3) sites incontournables (3) voir faire (3) villes villages (3) vivre côtes (2) séminaires groupes (2) balades randos (2) trouver balade (2)plus beaux (8) beaux villages (8) juin 2025 (7) romain longuet (7) quil faut (6) faut savoir (6) fait différence (6) léquipe a (6) a préféré (6) 2025 3 (5)lire suite (17) stations balnéaires (4) balnéaires bretonnes (4) alexandre lamoureux (4) tourisme bretagne (3) baie morlaix (3) pointe mousterlin (3) plages sable (3) baie saintbrieuc (2) loire océan (2),top 10 plus (8) 10 plus belles (8) stations balnéaires bretagne (6) plus belles stations (5) belles stations balnéaires (5) plus belles plages (5) saint briac mer (4) découvrir cette page (2) sans aucun doute (2) lune stations balnéaires (2)plus belles villes (12) belles villes bretagne (7) villes bretagne top (3) bretagne top 10 (3) destinations bons plans (3) bons plans voyage (3) top 10 plus (3) 10 plus belles (3) apprécieront visite musée (3) homeexchange blog lechange (3)vivre côtes darmor (2) patrimoine villes villages (2) villes villages classés (2) recevez lactualité côtes (2) lactualité côtes darmor (2) stations balnéaires bord (1) balnéaires bord mer (1) bord mer côtes (1) mer côtes darmor (1) côtes darmor menu (1)plus beaux villages (8) quil faut savoir (6) léquipe a préféré (6) 2025 3 mins (5) 3 mins 3 (5) mins 3 min (5) juin 2025 3 (4) beaux villages france (3) partager facebook partager (3) facebook partager x (3)stations balnéaires bretonnes (4) phare lîle vierge (2) lîle vierge depuis (2) vierge depuis beg (2) depuis beg monom (2) vue vilaine depuis (2) vilaine depuis pont (2) depuis pont bretagne (2) belle île phare (2) île phare poulains (2),plus (0.48) camping (0.33) campings (0.28) bretagne (0.26) balnéaire (0.23) mer (0.22) station (0.22) balnéaires (0.20) belles (0.20) plages (0.18) saint (0.18) 10 (0.17) stations (0.17) côte (0.15) cette (0.13) top (0.13) village (0.12) bénodet (0.10) luxe (0.10) port (0.10) bord (0.08) briac (0.08) carnac (0.08) dinard (0.08) morbihan (0.08) nombreux (0.08) proximité (0.08) être (0.08) finistère (0.07) glénan (0.07)maisons (0.48) ville (0.40) plus (0.27) bretagne (0.25) charme (0.19) villes (0.19) belles (0.17) histoire (0.17) voir (0.17) échange (0.17) visiteur (0.16) offre (0.15) historique (0.13) homeexchange (0.13) région (0.13) située (0.13) 10 (0.12) art (0.12) cette (0.12) pavées (0.12) ruelles (0.12) top (0.12) ambiance (0.11) invitent (0.11) locaux (0.11) musée (0.11) patrimoine (0.11) peuvent (0.11) également (0.11) pittoresque (0.09)voir (0.40) armor (0.36) côtes (0.32) tout (0.28) balades (0.20) saint (0.20) stations (0.20) agenda (0.16) bretagne (0.16) mer (0.16) nature (0.16) sites (0.16) trouver (0.16) vacances (0.16) villages (0.16) vélo (0.16) balnéaires (0.12) faire (0.12) hiver (0.12) hôtels (0.12) idées (0.12) incontournables (0.12) parcs (0.12) patrimoine (0.12) pied (0.12) rando (0.12) séjours (0.12) villes (0.12) vivre (0.12) vtt (0.12)partager (0.33) pépites (0.26) 2025 (0.24) bretagne (0.21) france (0.21) mer (0.21) min (0.21) mins (0.21) villages (0.21) beaux (0.19) plus (0.19) saint (0.19) village (0.19) cancale (0.17) juin (0.17) longuet (0.17) romain (0.17) différence (0.14) fait (0.14) faut (0.14) loger (0.14) plages (0.14) préféré (0.14) région (0.14) savoir (0.14) équipe (0.14) célèbre (0.12) fouesnant (0.12) paimpol (0.12) port (0.12)bretagne (0.46) lire (0.32) saint (0.32) suite (0.32) mer (0.30) port (0.21) île (0.19) baie (0.17) plage (0.17) belle (0.15) alexandre (0.11) binic (0.11) bretonne (0.11) bretonnes (0.11) cancale (0.11) depuis (0.11) lamoureux (0.11) littoral (0.11) morlaix (0.11) pointe (0.11) portrieux (0.11) presqu (0.11) the (0.11) château (0.09) côte (0.09) plages (0.09) roscoff (0.09) vue (0.09) îles (0.09) quay (0.08),"- **Climat et Meilleures Saisons** : Intégrer des informations sur le climat maritime de la Bretagne et les périodes idéales pour visiter chaque station balnéaire.
- **Activités et Événements Locaux** : Ajouter des détails sur les festivals annuels, les compétitions de sports nautiques et les événements culturels spécifiques à chaque ville.
- **Patrimoine Historique et Monuments** : Mentionner les principaux sites historiques, monuments et musées présents dans chaque destination pour enrichir l'aspect culturel.
- **Accessibilité et Transports** : Fournir des informations pratiques sur les moyens de transport disponibles pour se rendre dans chaque ville et se déplacer localement (train, bus, voitures de location, etc.).
- **Conseils Pratiques pour les Visiteurs** : Inclure des recommandations sur les options d'hébergement, les meilleurs restaurants locaux, et les services essentiels pour faciliter le séjour des visiteurs.","- ""Alors qu’en France, nombre de stations balnéaires ont été aménagées ex-nihilo dans les années 60, 70 et 80, la Bretagne fait ici figure d’exception.""
- ""Saint Briac sur Mer est un village d’à peine 2 000 habitants qui voit sa population se multiplier chaque année à la faveur des beaux jours.""
- ""Carantec est classée comme telle depuis 1926.""
- ""Carantec se distingue par ses sept plages pour la baignade et ses 18 kilomètres de sentiers côtiers offrant çà et là des panoramas d’exception sur la baie de Morlaix et le Pays de Léon.""
- ""Chaque été, la ville voit sa population passer de 7 300 à plus de 40 000 habitants.""
- ""Fouesnant-les-Glénan dispose de 17 kilomètres de littoral.""",les plus belles villes de bretagne en bord de mer,"Les plus beaux villages du littoral breton - SNCF Connect Aller au contenu principal Voyager Voyager Voyager Fermer Tout pour voyager Réserver Réserver Billets de train Voyages en bus Trajets en covoiturage Location de voiture Hôtels Taxi/VTC Bons plans Bons plans Voyages en groupe Voyages pro Enfant voyageant seul Informations Informations Horaires en gare Info trafic Handicap et accessibilité Tous les transporteurs Tous les services Nos réponses à vos questions Guide de voyage Guide de voyage Où voyager en France, en Europe Voyager selon vos envies Billets Billets Billets Fermer Voir vos billets et titres Vos voyages Vos voyages Tous vos voyages Importer un voyage Compensation en cas de retard Faire une réclamation Modifier un voyage Assurance Allianz Vos cartes et abonnements Vos cartes et abonnements Importer une carte ou abonnement Acheter une carte ou abonnement Compléter votre voyage Compléter votre voyage Louer une voiture Réserver un hôtel Réserver un Taxi/VTC Transports urbains Restauration à bord TGV INOUI Restauration à bord INTERCITES Tous les services Offres Offres Offres Fermer Parcourir toutes les offres Cartes et abonnements SNCF Cartes et abonnements SNCF Carte Avantage Jeune Carte Avantage Adulte Carte Avantage Senior Carte Liberté Abonnement MAX ACTIF Abonnement MAX JEUNE Toutes les cartes et abonnements Offres régionales Offres régionales TER Auvergne-Rhône-Alpes TER Hauts de France LiO Train Occitanie TER Nouvelle-Aquitaine Titres Île-de-France Mobilités Consulter les offres régionales Offres urbaines Offres urbaines Avignon – Réseau Orizo Caen – Réseau Twisto Montbéliard – Réseau évolitY Perpignan – Réseau Sankéo Sophia Antipolis – Réseau Envibus Tours – Réseau Fil Bleu Consulter les offres urbaines Services Services Louer une voiture Réserver un hôtel Réserver un Taxi/VTC Assurer votre voyage Livraison de bagages Transport de véhicules Restauration à bord Domicile + Train Tous les services Compte Compte Compte Fermer Accéder à votre compte Vos espaces Vos espaces Se connecter Se créer un compte Espace MAX JEUNE Espace MAX SENIOR Communauté SNCF Connect Vos informations Vos informations Vos informations personnelles Cartes et programmes de fidélité Vos achats Vos moyens de paiement Compagnons de voyage Aide et légal Aide et légal Charte de confidentialité Conditions générales d'utilisation Compensation en cas de retard Aide en ligne Contacts Les plus beaux  villages du littoral breton Accueil A voir, à faire Les plus beaux  villages du littoral breton On l’aime pour ses caps, ses falaises, sa nature brute, la gifle du vent, la morsure du sel. Dans cet écrin sauvage se cachent des perles : les villages de bord de mer qui font tout le charme et la douceur de la Bretagne. Du repaire de pêcheurs à la coquette petite station balnéaire, en passant par le village préféré des peintres impressionnistes… Voici notre sélection des plus beaux villages de Bretagne ! Réserver un billet de train Réserver un billet de train Rechercher Annuler Les plus beaux villages bretons : Camaret-sur-Mer, le plus typique (Finistère) Saint-Briac-sur-Mer, le joyau de la côté d’Émeraude (Ile-et-Vilaine) Sables-d’Or-les-Pins, le plus nature (Côtes-d’Armor) Saint-Suliac, le village de pêcheurs (Ile-et-Vilaine) Fouesnant, la Riviera bretonne (Finistère) Camaret-sur-Mer - © Istock - Irantzu Arbaizagoitia Camaret-sur-Mer, le plus typique (Finistère) Avec ses petites maisons colorées, le port typique de Camaret vous séduira pour son charme de petit village de bout du monde. On aime flâner sur les quais animés par les pêcheurs. Prolongez la balade jusqu’à la tour Vauban , dite « tour dorée » en raison de sa teinte ocre. Inscrite au patrimoine mondial de l’UNESCO, elle protégeait le sillon de Camaret et l’entrée du goulet de Brest. La spécialité du coin ? Le délicieux Kig ha farz, un pot-au-feu breton à la farine de sarrasin. La station balnéaire de la presqu’île de Crozon est aussi connue pour être une destination de choix pour les amateurs de glisse et les surfeurs. Deux spots se distinguent : Pen Hat , situé juste à la sortie du village où de larges vagues puissantes s’effondrent sur un somptueux rivage, et la Palue , à une vingtaine de minutes depuis le centre de Camaret, qui propose les meilleurs tubes de la région. Attention, les deux spots sont d’abord réservés aux bons riders qui ont l’habitude d’affronter de violents courants. Il est possible d’y suivre des cours ou des stages de surf. Gare : Brest, puis 45 minutes en voiture. Vous pouvez prendre un bus depuis la gare routière SNCF de Brest, jusqu’à Camaret (1h30). Entre avril et septembre : bateau depuis Brest, jusqu’au Fret. Vous pouvez aussi louer une voiture pour mieux explorer la région. >> Vos billets de train pour Brest Saint-Briac-sur-Mer, Bretagne - © photononstop - Gérard LABRIET Saint-Briac-sur-Mer, le joyau de la côte d’Émeraude (Ile-et-Vilaine) Très apprécié des peintres impressionnistes pour sa beauté et sa lumière sans cesse changeante, le pittoresque village de Saint-Briac , surnommé « la Perle » de la côte d’Émeraude , cultive son identité balnéaire intemporelle avec ses cabines de bain vintage , ses huit plages de sable fin et ses manoirs coquets . Pour les amateurs de marche, lancez-vous sur la première étape du sentier des douaniers , célèbre randonnée du GR34, longue de 13 km. Vous y découvrirez des sites magnifiques immortalisés par les coups de pinceaux d’Auguste Renoir, de Paul Signac et de Henri Rivière à la fin du XIX e siècle. Gare : Saint-Briac (environ 3h30 depuis la gare Montparnasse). >> Vos billets de train pour Saint-Briac Sables-d'or-les-pins - © Istock - Clodio Sables-d’Or-les-Pins, le plus nature (Côtes-d’Armor) La station balnéaire des Côtes-d’Armor, à l’ouest de la côte d’Émeraude, a été créée en 1922 par deux promoteurs en quête d’harmonie, sur les communes de Fréhel et de Plurien. Célèbre pour ses marchés, dont les étals proposent les meilleurs produits de la région, et ses dunes de sable fin, Sables-d’Or-les-Pins est un petit village charmant où l’on peut aussi s’amuser à comparer la beauté des villas anglo-normandes à celle des propriétés Art déco. Comme le front de mer y est particulièrement calme pour la côte bretonne, n’hésitez pas à louer un catamaran pour passer une journée en famille ou entre amis et même une planche à voile pour tester votre équilibre. Gare : Lamballe, puis 20 minutes en voiture. Si vous voyagez en transport en commun, descendez à la gare de Saint-Brieuc, puis prenez le bus 2 jusqu’au terminus « Les Hôpitaux » (environ 1h15). >> Vos billets de train pour Lamballe Saint-Suliac - © Istock - Jjfarquitectos Saint-Suliac, le village de pêcheurs (Ile-et-Vilaine) Le petit village de pêcheurs de Saint-Suliac , classé parmi les plus beaux villages de France , est situé au fond d’une anse, sur la rive est du fleuve de la Rance. Après s’être perdu dans les toutes petites ruelles où s’enchevêtrent des maisons en granit rose, on visite d’anciennes salines, un moulin à marée, un plan de menhirs et, plus étonnant… des vignes. Les passionnés d’histoire pourront visiter les vestiges de l’enceinte fortifiée d’un campement viking datant du X e siècle. Les bords de la Rance sont aussi des lieux de plaisance et de villégiature tranquilles qui font du village de Saint-Suliac une destination idéale pour pratiquer la pêche à pied en famille. Petit conseil : bien ouvrir les yeux, de nombreuses espèces d’oiseaux et de rapaces ont pris l’habitude de s’y attarder. Gare : Miniac-Morvan, puis 12 km en voiture. Vous pouvez également prendre le bus 82 à l’arrêt Costardais, jusqu’à la station Les Gatines (21 minutes). >> Vos billets de train pour Saint-Suliac, via Miniac-Morvan Plage de Beg Meil, sur la commune de Fouesnant - © Istock - Christian Musat Fouesnant, la Riviera bretonne (Finistère) En plein cœur de la Cornouaille , sur le littoral sud du Finistère, le village du Fouesnant est idéalement situé : à 15 km au sud de Quimper et à 8 km à l’ouest de Concarneau. Entre ses côtes découpées, ses longues plages, ses chemins de traverse… le petit village de « la Riviera bretonne » offre une multitude d’activités et les plus belles plages de la région. N’hésitez pas à vous offrir une excursion en bateau sur l’archipel des Glénan qui fait face au village. Ces sept îlots encerclés d’une mer intérieure aux eaux transparentes et cernés de sable blanc ressemblent à s’y tromper aux plus belles plages des Seychelles. Un rêve éveillé. Gare : Concarneau, 4h depuis Paris-Montparnasse. Puis sur le parvis de la gare, prenez le bus 48, jusqu’à Centre Kerourgué (30 minutes). >> Vos billets de train pour Concarneau Cet article vous a plu ? Partagez-le ! Facebook WhatsApp X, formerly Twitter Pinterest Mail La Rédaction SNCF Connect 14/04/2022 Vous aimerez aussi Fermer Voir tout Les plus belles plages de Crozon : un paradis naturel en Bretagne Les presqu’îles de Bretagne sont des bouts de paradis Océanopolis, l'aquarium de Brest Top 10 des choses à faire à Brest Les Fêtes maritimes internationales de Brest Que faire un week-end à Brest ? Randonnée à Camaret-sur-Mer sur la presqu’île de Crozon Nos engagements Meilleurs prix garantis Paiement sécurisé Contact 7j/7 Service client de l'année 2025 Moyens de paiement Infos et conditions Paiement en Chèque-Vacances Connect Infos et conditions de paiement avec les cartes Ayvens, Betterway, Pluxee ou RoadMate Choix du pays Langue France Langue Belgique België Belgium Deutschland España France Italia Luxembourg Nederland Suisse Schweiz Switzerland Other regions and countries Nos partenaires Inscrivez-vous à notre newsletter et profitez des meilleurs bons plans Suivez-nous ! L'entreprise Conditions de présentation des offres sur le site Conditions générales de vente Droits des voyageurs ferroviaires et Règlement européen n°2021/782 Informations légales Charte de confidentialité et cookies Gestion des cookies Partenariat Régie publicitaire Devenir partenaire ou affilié Widget SNCF Connect Sites du groupe Site SNCF Connect & Tech Espace Presse SNCF Connect & Tech Carrières SNCF Connect & Tech Le compte des agents SNCF Groupe-sncf.com Emploi Groupe SNCF Vous informer Aide Contactez-nous Vos billets Communauté SNCF Connect Plan du site SNCF Connect Guide du voyageur Franchissement frontière Handicap & mobilité réduite Nos services pour les voyageurs PSH/PMR Tout savoir sur le service d'assistance en gare Accessibilité numérique : conformité partielle Fonctionnalités d'accessibilité de nos applications mobiles Les autres services d'assistance en Europe Transporteurs TGV INOUI OUIGO TER BlaBlaCar Bus FlixBus BlaBlaCar INTERCITES LYRIA EUROSTAR TGV INOUI vers Bruxelles DB SNCF Voyageurs en coopération TGV INOUI vers l'Espagne TGV INOUI vers l'Italie TGV INOUI vers le Luxembourg TGV INOUI vers Fribourg Itinéraires populaires Train Paris Bordeaux Train Paris Marseille Train Bordeaux Paris Train Paris Lyon Train Paris Bruxelles Train Paris Strasbourg Train Paris Toulouse Train Toulouse Paris Train Lyon Paris Train Paris Amsterdam Train Paris Lille Train Nantes Paris Train Paris Genève Train Paris Barcelone Train Paris Nantes Trajets Transporteurs TGV INOUI Lille-Paris TGV INOUI Lyon-Paris TGV INOUI Paris-Nice TGV INOUI Marseille-Paris TGV INOUI Paris-Nantes OUIGO Fleury-les-Aubrais-Paris OUIGO Paris-Fleury-les-Aubrais OUIGO Rennes-Paris OUIGO Marseille-Lyon OUIGO Nantes-Paris TER Paris-Trouville Deauville TER Trouville Deauville-Paris TER Paris-Le Mans TER Le Mans-Paris TER Nice-Cannes : horaires et billets Top destinations Train France Train Paris Train Lyon Train Bordeaux Train Strasbourg Train Nantes Train Marseille Train Lille Train Marne-la-Vallée Chessy (Disneyland® Paris) Train Amsterdam Train Londres Train Barcelone Train Rennes Train Italie Train Suisse Nos applications mobiles","Les plus beaux  villages du littoral breton
Réserver un billet de train
Les plus beaux villages bretons :
Camaret-sur-Mer, le plus typique (Finistère)
Saint-Briac-sur-Mer, le joyau de la côte d’Émeraude (Ile-et-Vilaine)
Sables-d’Or-les-Pins, le plus nature (Côtes-d’Armor)
Saint-Suliac, le village de pêcheurs (Ile-et-Vilaine)
Fouesnant, la Riviera bretonne (Finistère)
Vous aimerez aussi"
lac autour de montpellier,"- Découvrez les plus beaux lacs autour de Montpellier
- Les meilleurs spots de baignade près de Montpellier
- Explorez les trésors aquatiques de Montpellier",lac salagou (15) villeneuve maguelone (4) port marianne (4) aallies heraulttourisme (3) heraulttourisme 2023 (3) terre rouge (3) base nautique (3) montpellier tourisme (2) cìur nature (2) maguelone vignes (2)elles loccitanie (11) lac rivière (8) rivière montpellier (8) lire aussi (8) site internet (8) lac salagou (7) pont diable (6) tout près (5) contact lettre (4) lettre dinformation (4)autour montpellier (19) voir balades (7) balades vélo (7) vélo ici (7) ici enregistrer (7) enregistrer envoyer (7) envoyer vers (7) vers mobile (7) mobile voir (7) collection komoot (5)lac plage (56) 1 an (23) plage lac (23) 3 mois (16) plage 1 (12) an lac (11) plage 3 (9) 1 avis (8) sports nautiques (7) ans 28 (7),aallies heraulttourisme 2023 (3) villeneuve maguelone vignes (2) maguelone vignes vin (2) port marianne vlo (2) marianne vlo montpellier (2) vlo montpellier vert (2) fise bmx lez (2) bmx lez public (2) haut_arc_afterwork bruno martinez (2) bruno martinez ot3m (2)lac rivière montpellier (8) contact lettre dinformation (4) lettre dinformation sommesnous (4) conditions générales dutilisation (4) générales dutilisation politique (4) dutilisation politique confidentialité (4) toulouse montpellier marseille (3) montpellier marseille talents (3) boostezvous elles talent (3) elles talent elles (3)voir balades vélo (7) balades vélo ici (7) vélo ici enregistrer (7) ici enregistrer envoyer (7) enregistrer envoyer vers (7) envoyer vers mobile (7) vers mobile voir (7) plus beaux lacs (4) itinéraires lieux voir (4) lieux voir lacs (4)lac plage lac (23) plage lac plage (23) plage 1 an (12) 1 an lac (11) an lac plage (11) lac plage 1 (11) lac plage 3 (9) plage 3 mois (8) 3 mois lac (5) mois lac plage (5),lac (0.46) montpellier (0.44) salagou (0.39) min (0.30) lod (0.23) ot3m (0.21) tourisme (0.18) ve (0.18) saint (0.14) rouge (0.12) activit (0.09) base (0.09) class (0.09) couvrir (0.09) faire (0.09) jeunes (0.09) juin24 (0.09) lo (0.09) maguelone (0.09) marianne (0.09) port (0.09) pr (0.09) rault (0.09) tour (0.09) villeneuve (0.09) nationale (0.07) nautique (0.07) nements (0.07) pic (0.07) tout (0.07)lac (0.40) montpellier (0.32) saint (0.29) elles (0.22) aussi (0.21) plages (0.21) tout (0.21) baignade (0.19) occitanie (0.19) pont (0.19) site (0.19) lifestyle (0.16) plus (0.16) accès (0.15) baigner (0.15) hérault (0.15) plage (0.15) sud (0.15) cascade (0.13) près (0.13) rivière (0.13) ski (0.13) surveillée (0.13) 00 (0.12) internet (0.12) lez (0.12) lire (0.12) direction (0.10) où (0.10) salagou (0.10)montpellier (0.44) voir (0.38) autour (0.35) lac (0.26) itinéraires (0.24) vélo (0.22) komoot (0.20) plus (0.20) lacs (0.16) vtt (0.16) enregistrer (0.15) avis (0.13) balades (0.13) envoyer (0.13) ici (0.13) incontournable (0.13) mobile (0.13) vers (0.13) étang (0.13) collection (0.11) confidentialité (0.11) lieux (0.11) course (0.09) randonnées (0.09) beaux (0.07) circuits (0.07) découvrir (0.07) fonctionnalités (0.07) occitanie (0.07) saint (0.07)plage (0.68) lac (0.52) an (0.19) ans (0.17) plages (0.17) avis (0.15) montpellier (0.15) mois (0.14) famille (0.13) région (0.10) enfants (0.09) baignade (0.08) baigner (0.08) nautiques (0.08) 28 (0.07) endroit (0.07) lacs (0.07) mer (0.07) parc (0.07) piscine (0.07) jeux (0.06) plus (0.06) sports (0.06) activités (0.05) cours (0.05) familles (0.05) france (0.05) loisirs (0.05) nombreuses (0.05) près (0.05),"- Ajouter des informations sur la biodiversité unique du lac du Salagou, incluant les espèces protégées présentes dans la région.
- Inclure des détails historiques sur la création du lac du Salagou en 1960 et son rôle dans l'irrigation et la gestion des crues.
- Décrire les activités récréatives disponibles, telles que le VTT, le stand up paddle, et les randonnées pédestres, en mettant en avant les infrastructures dédiées.
- Mentionner les événements culturels et sportifs organisés autour du lac, comme les festivals et compétitions de sports nautiques.
- Fournir des conseils pratiques pour les visiteurs, incluant les meilleures périodes pour visiter, les équipements disponibles sur place et les options de restauration.","- ""750 hectares de bleu saphir cernés de collines ocres : c’est l’incroyable décor du lac du Salagou à 50 km de Montpellier , avec sa base nautique, son lieu de baignade et ses points de vue.""

- ""Au cœur du département de l’Hérault, à 30 minutes de Montpellier près de Clermont l’Hérault , et à 40 kms de la mer, le lac du Salagou est un lac artificiel dont la couleur étonne.""

- ""Créé en 1960, le lac du Salagou est sans aucun doute le plus grand et le plus célèbre lac à Montpellier.""

- ""D’une superficie de près de 750 hectares, sa terre et sa roche rouge, vieille de 250 millions d’années, offre un paysage inattendu qui nous ferait presque penser à certains parcs naturels des États-Unis.""

- ""Le Lez s’étend sur 14 kilomètres.""

- ""Une piste cyclable d’une dizaine de kilomètres et des parcours sportifs en tout genre sont aussi proposés autour du site.""

- ""La base nautique offre également son lot d’activités aquatiques et terrestres puisque la pratique du VTT, la pêche et la randonnée sont vivement recommandées !""

- ""Baignade surveillée du 1er juin au 31 août.""

- ""Le lac du Salagou nous a même servi de décor pour un shooting mode de folie.""

- ""Piste cyclable de 10 kilomètres autour du lac du Crès.""

- ""Créé en 1031, le Pont du Diable joint deux falaises au-dessus des gorges de l’Hérault.""

- ""20 kilomètres de Lodève est classée Ville d’Art et d’Histoire.""

- ""L’atelier de Lodève perpétue une tradition vieille de près de quatre siècles de tissage de tapis.""

- ""Parking payant de 150 places à 600 m du site.""

- ""Cascades accessibles depuis Ganges, ligne 2 de tramway depuis la station Via Domitia.""

- ""25 années d'existence du site de la source du Fréjo.""

- ""Le lac de Cécelès dispose d’un classement A pour son excellente qualité d’eau.""

- ""Cascade de la Vis : parking fermé pendant la saison estivale avec 150 places à 600 m du site.""

- ""Le Pont du Diable est construit en 1031.""

- ""Le bassin de Thau abrite de nombreuses espèces et permet de se baigner en famille.""

- ""Piscine Tramp'O Splash dispose d'un parc aquatique de 1000m² de jeux aquatiques.""

- ""La plage de Palavas-Les-Flots offre 7 km de plage.""

- ""La plage de Cap D'Agde vous offre 14 km de plage.""

- ""La plage de Valras possède 4 km de plage avec de nombreux postes de secours.""

- ""L’étang de Vic fait partie des trésors de Camargue avec ses vastes étendues de marais.""

- ""Le lac du Crès est profond de 15 mètres.""

- ""Lac de Cambelliès situé dans la ville de Loupian avec une vue sur les falaises de l'ancienne carrière.""

- ""Lac du Jantou souvent à sec, offre un beau point de vue sur les massifs de l'Hortus et du Pic Saint-Loup.""

- ""Le lac du Salagou couvre une superficie de près de 750 hectares.""

- ""L'étang de Pérols abrite des flamants roses dans l'eau peu profonde.""

- ""Lac du Crès : une grande aire de 27 hectares de loisirs ouverte à tous.""

- ""Le lac de Cécelès est alimenté uniquement par l’eau de pluie.""

- ""La piste cyclable longe par endroits le fleuve Lez sur 14 kilomètres.""

- ""Les navettes en haute saison ligne 661 avec 5 départs par jour de Lodève du lundi au samedi et 2 créneaux le dimanche.""

- ""Tarifs : 1.60€ trajet unitaire / 1€ carnet de 10 voyages.""

- ""Le lac du Salagou offre une superficie de près de 750 hectares.""",lac autour de montpellier,"Lac de Salagou près de Montpellier : un parfum d’Afrique - SNCF Connect Aller au contenu principal Voyager Voyager Voyager Fermer Tout pour voyager Réserver Réserver Billets de train Voyages en bus Trajets en covoiturage Location de voiture Hôtels Taxi/VTC Bons plans Bons plans Voyages en groupe Voyages pro Enfant voyageant seul Informations Informations Horaires en gare Info trafic Handicap et accessibilité Tous les transporteurs Tous les services Nos réponses à vos questions Guide de voyage Guide de voyage Où voyager en France, en Europe Voyager selon vos envies Billets Billets Billets Fermer Voir vos billets et titres Vos voyages Vos voyages Tous vos voyages Importer un voyage Compensation en cas de retard Faire une réclamation Modifier un voyage Assurance Allianz Vos cartes et abonnements Vos cartes et abonnements Importer une carte ou abonnement Acheter une carte ou abonnement Compléter votre voyage Compléter votre voyage Louer une voiture Réserver un hôtel Réserver un Taxi/VTC Transports urbains Restauration à bord TGV INOUI Restauration à bord INTERCITES Tous les services Offres Offres Offres Fermer Parcourir toutes les offres Cartes et abonnements SNCF Cartes et abonnements SNCF Carte Avantage Jeune Carte Avantage Adulte Carte Avantage Senior Carte Liberté Abonnement MAX ACTIF Abonnement MAX JEUNE Toutes les cartes et abonnements Offres régionales Offres régionales TER Auvergne-Rhône-Alpes TER Hauts de France LiO Train Occitanie TER Nouvelle-Aquitaine Titres Île-de-France Mobilités Consulter les offres régionales Offres urbaines Offres urbaines Avignon – Réseau Orizo Caen – Réseau Twisto Montbéliard – Réseau évolitY Perpignan – Réseau Sankéo Sophia Antipolis – Réseau Envibus Tours – Réseau Fil Bleu Consulter les offres urbaines Services Services Louer une voiture Réserver un hôtel Réserver un Taxi/VTC Assurer votre voyage Livraison de bagages Transport de véhicules Restauration à bord Domicile + Train Tous les services Compte Compte Compte Fermer Accéder à votre compte Vos espaces Vos espaces Se connecter Se créer un compte Espace MAX JEUNE Espace MAX SENIOR Communauté SNCF Connect Vos informations Vos informations Vos informations personnelles Cartes et programmes de fidélité Vos achats Vos moyens de paiement Compagnons de voyage Aide et légal Aide et légal Charte de confidentialité Conditions générales d'utilisation Compensation en cas de retard Aide en ligne Contacts Lac de Salagou près de Montpellier : un parfum d’Afrique Accueil A voir, à faire Lac de Salagou près de Montpellier : un parfum d’Afrique A 1h de route de Montpellier , le lac de Salagou ressemble à un paysage d’Afrique avec sa terre ocre, son calme plat et ses monts environnants. Un lieu insolite qui nous fait voyager très loin… Réserver un billet de train Réserver un billet de train Rechercher Annuler Au cœur de l’ Hérault , il flotte presque comme un parfum du Kenya ou du Mali grâce au lac de Salagou. On s’attendrait même à voir surgir des gazelles ou des antilopes ! >> Direction Montpellier en train Lac de Salagou - © Istock_sigurcamp Activités au lac de Salagou : Séance photo insolite Balade autour du lac Sports nautiques Ascension du Mont Liausson Lac de Salagou - © Istock_LianeM Séance photo insolite Voici donc une grande étendue d’eau encerclée de terre rouge . Toute une palette de teintes en ressort, entre le bleu du ciel et de l’eau et la couleur brique puissante des « ruddes » (dépôts d’argile chargés en oxyde de fer). Tout cela fait étrangement penser à un paysage de savane . Alors on sort son appareil photo et on immortalise ce cadre, certes artificiel, mais qui rappelle la belle nature africaine. Lac de Salagou - © Istock_LianeM Balade autour du lac Pendant l’arrière-saison, il est très agréable de faire le tour du lac en VTT ou à pied . Les 28 km qui longent le lac sont un véritable havre de paix et on ne croise pas une seule habitation. La nature est omniprésente et la randonnée est très facile . Idéal en famille ! Attention, le tour du lac à pied demande quand même 5h de marche. © Istock_Raul Mellado Sports nautiques L’été, on peut aussi pratiquer des activités nautiques à la base de loisirs du lac . Le site du Salagou est particulièrement apprécié des planchistes car le vent y est régulier. C’est le moment ou jamais de se mettre au kite-surf ou à la voile ! Les amateurs de pêche s’y retrouveront aussi car le lac est réputé pour accueillir de gros brochets . Base de plein air de Salagou Route du Lac 34800 Clermont-l'Hérault France 04 67 96 05 71 Horaire d'ouverture : En saison, ouvert tous les jours de 9h à 19h30 Comment s'y rendre ? Autoroute : A 750 sortie Clermont-l'Hérault 
Route Nationale/Départementale : Dir. Clermont l'Hérault 
Route Nationale/Départementale : RD 908 dir. Bédarieux jusquà Mourèze 
Route Nationale/Départementale : D 148 dir. Salasc - Octon 
Autoroute : A75 sortie 55 Direction Octon à 2 km Jeune femme pratiquant le paddle - © Istock - antoniahidalgo Panorama sur le lac Si vous cherchez à prendre de la hauteur pour mieux observer le lac, direction le mont Liausson . Il domine les lieux à 535 m de hauteur. Entre faune et flore, plusieurs petits sentiers de randonnée vous emmènent en haut. A son sommet, vous avez sans doute la plus belle vue sur le lac Salagou, mais également sur tous les petits villages alentours. Cet article vous a plu ? Partagez-le ! Facebook WhatsApp X, formerly Twitter Pinterest Mail Juliette Bassine Rédaction SNCF Connect 24/04/2025 Nos engagements Meilleurs prix garantis Paiement sécurisé Contact 7j/7 Service client de l'année 2025 Moyens de paiement Infos et conditions Paiement en Chèque-Vacances Connect Infos et conditions de paiement avec les cartes Ayvens, Betterway, Pluxee ou RoadMate Choix du pays Langue France Langue Belgique België Belgium Deutschland España France Italia Luxembourg Nederland Suisse Schweiz Switzerland Other regions and countries Nos partenaires Inscrivez-vous à notre newsletter et profitez des meilleurs bons plans Suivez-nous ! L'entreprise Conditions de présentation des offres sur le site Conditions générales de vente Droits des voyageurs ferroviaires et Règlement européen n°2021/782 Informations légales Charte de confidentialité et cookies Gestion des cookies Partenariat Régie publicitaire Devenir partenaire ou affilié Widget SNCF Connect Sites du groupe Site SNCF Connect & Tech Espace Presse SNCF Connect & Tech Carrières SNCF Connect & Tech Le compte des agents SNCF Groupe-sncf.com Emploi Groupe SNCF Vous informer Aide Contactez-nous Vos billets Communauté SNCF Connect Plan du site SNCF Connect Guide du voyageur Franchissement frontière Handicap & mobilité réduite Nos services pour les voyageurs PSH/PMR Tout savoir sur le service d'assistance en gare Accessibilité numérique : conformité partielle Fonctionnalités d'accessibilité de nos applications mobiles Les autres services d'assistance en Europe Transporteurs TGV INOUI OUIGO TER BlaBlaCar Bus FlixBus BlaBlaCar INTERCITES LYRIA EUROSTAR TGV INOUI vers Bruxelles DB SNCF Voyageurs en coopération TGV INOUI vers l'Espagne TGV INOUI vers l'Italie TGV INOUI vers le Luxembourg TGV INOUI vers Fribourg Itinéraires populaires Train Paris Bordeaux Train Paris Marseille Train Bordeaux Paris Train Paris Lyon Train Paris Bruxelles Train Paris Strasbourg Train Paris Toulouse Train Toulouse Paris Train Lyon Paris Train Paris Amsterdam Train Paris Lille Train Nantes Paris Train Paris Genève Train Paris Barcelone Train Paris Nantes Trajets Transporteurs TGV INOUI Lille-Paris TGV INOUI Lyon-Paris TGV INOUI Paris-Nice TGV INOUI Marseille-Paris TGV INOUI Paris-Nantes OUIGO Fleury-les-Aubrais-Paris OUIGO Paris-Fleury-les-Aubrais OUIGO Rennes-Paris OUIGO Marseille-Lyon OUIGO Nantes-Paris TER Paris-Trouville Deauville TER Trouville Deauville-Paris TER Paris-Le Mans TER Le Mans-Paris TER Nice-Cannes : horaires et billets Top destinations Train France Train Paris Train Lyon Train Bordeaux Train Strasbourg Train Nantes Train Marseille Train Lille Train Marne-la-Vallée Chessy (Disneyland® Paris) Train Amsterdam Train Londres Train Barcelone Train Rennes Train Italie Train Suisse Nos applications mobiles","Lac de Salagou près de Montpellier : un parfum d’Afrique
Réserver un billet de train
Activités au lac de Salagou :
Séance photo insolite
Balade autour du lac
Sports nautiques
Panorama sur le lac"
ecluse beziers,"- Écluses de Fonseranes à Béziers : Découvrez ce site historique incontournable
- Visite des écluses de Fonseranes à Béziers : Une expérience unique à ne pas manquer
- Découvrez les écluses de Fonseranes à Béziers : Un patrimoine exceptionnel à explorer",9 écluses (11) écluses fonseranes (9) canal midi (6) béziers méditerranée (5) jean moulin (4) office tourisme (3) tourisme béziers (3) voir plus (3) plus retour (3) maison natale (3)9 écluses (16) écluses fonseranes (12) canal midi (6) béziers méditerranée (5) jean moulin (4) office tourisme (3) tourisme béziers (3) voir plus (3) plus retour (3) maison natale (3)écluses fonseranes (16) canal midi (12) modifier modifier (10) modifier code (10) déplacer vers (4) vers barre (4) barre latérale (4) latérale masquer (4) géolocalisation carte (4) notes références (3),9 écluses fonseranes (9) office tourisme béziers (3) tourisme béziers méditerranée (3) voir plus retour (3) maison natale jean (3) natale jean moulin (3) météo webcam carte (2) webcam carte agenda (2) jean moulin béziers (2) contacter loffice tourisme (2)9 écluses fonseranes (12) office tourisme béziers (3) tourisme béziers méditerranée (3) voir plus retour (3) maison natale jean (3) natale jean moulin (3) écluses fonseranes béziers (2) météo webcam carte (2) webcam carte agenda (2) jean moulin béziers (2)modifier modifier code (10) déplacer vers barre (4) vers barre latérale (4) barre latérale masquer (4) écluses fonseranes géolocalisation (3) fonseranes géolocalisation carte (3) faire don créer (2) don créer compte (2) créer compte connecter (2) afficher masquer soussection (2),béziers (0.37) suivez (0.37) écluses (0.37) fonseranes (0.28) midi (0.25) canal (0.19) maison (0.19) plus (0.19) site (0.19) agenda (0.15) découvrez (0.15) méditerranée (0.15) office (0.15) tourisme (0.15) visite (0.15) faire (0.12) histoire (0.12) jean (0.12) moulin (0.12) tout (0.12) carte (0.09) chasse (0.09) cinéma (0.09) espace (0.09) immersif (0.09) natale (0.09) pratiques (0.09) retour (0.09) trésor (0.09) voir (0.09)écluses (0.54) fonseranes (0.39) béziers (0.36) canal (0.18) eau (0.18) midi (0.18) plus (0.18) suivez (0.18) agenda (0.15) méditerranée (0.15) office (0.15) tourisme (0.15) découvrez (0.12) jean (0.12) maison (0.12) moulin (0.12) savoir (0.12) voir (0.12) bassins (0.09) carte (0.09) espace (0.09) faire (0.09) natale (0.09) passage (0.09) pente (0.09) retour (0.09) site (0.09) touristique (0.09) entre (0.06) météo (0.06)écluses (0.48) canal (0.36) modifier (0.32) portail (0.28) articles (0.25) fonseranes (0.25) liés (0.22) code (0.19) midi (0.19) béziers (0.16) page (0.16) eau (0.15) article (0.13) hérault (0.12) site (0.10) bassins (0.09) france (0.09) masquer (0.09) notes (0.09) orb (0.09) patrimoine (0.09) plus (0.09) saint (0.09) vers (0.09) écluse (0.09) 1996 (0.07) références (0.07) région (0.07) voir (0.07) wikipédia (0.07),"- Les 9 écluses de Fonseranes à Béziers sont un ouvrage majeur du Canal du Midi, permettant aux bateaux de franchir un dénivelé de 21,50 mètres sur une distance de 312 mètres.

- Composées de 8 bassins ovales en enfilade, ces écluses sont une prouesse d'ingénierie du XVIIᵉ siècle et sont classées au patrimoine mondial de l'UNESCO.

- Le site offre aux visiteurs diverses activités : promenades le long du canal, croisières, location de bateaux électriques, cinéma immersif sur l'histoire du canal et chasse au trésor pour les enfants.

- Après une rénovation en 2017, les écluses de Fonseranes disposent d'un restaurant panoramique offrant une vue imprenable sur la cathédrale Saint-Nazaire de Béziers.

- Les 9 écluses de Fonseranes sont le troisième site touristique le plus visité de l'ancienne région Languedoc-Roussillon, attirant des centaines de milliers de visiteurs chaque année.","- ""Découvrez ses 8 écluses et ses 9 bassins, et passez un moment relaxant, sportif ou culturel selon vos désirs !""
- ""L’Octuple (8 écluses, 9 bassins en enfilade) permet de franchir un dénivelé de 21,50 m.""
- ""Comme dans toutes les écluses du Canal du Midi, les bassins y sont ovales : cette forme permet aux murs de pierre de mieux résister à la pression de l’eau qui s’y déverse (700m3/chasse).""
- ""La pente d’eau a été abandonnée, peu après l’achèvement des travaux, il y a 20 ans.""
- ""Les écluses de Fonseranes, communément appelées les neuf écluses de Fonseranes, sont un escalier d'écluses (neuf portes et huit bassins) situé à Béziers, dans l'Hérault, et constituant un ouvrage majeur du canal du Midi.""
- ""Depuis 1858 et la construction du pont-canal de l'Orb, les deux dernières écluses ne sont plus utilisées.""
- ""L'échelle d'écluses comporte huit bassins de forme ovoïde (spécifique au canal du Midi), et donc neuf portes, permettant de franchir une dénivellation de 21,50 m, sur une longueur de 312 m.""
- ""Ne sont donc désormais utilisées que six écluses (sept portes).""
- ""Le site des écluses a subi d’importants travaux de réaménagement de janvier 2016 à juin 2017.""
- ""Le montant de l'opération s'est élevé à 13,2 M€ dont 36 % a été financé par la communauté d'agglomération Béziers Méditerranée, 18 % par la région Occitanie, 19 % par le département de l'Hérault et 4 % par la ville de Béziers. L'État et l’Union européenne y ont également contribué à hauteur de 22 %.""
- ""Après 18 mois de chantier, le site a rouvert au public le 1er juillet 2017.""
- ""Cette halte servait au XVIIIᵉ siècle pour servir la dînée, qui était alors le repas de midi, aux bateliers et à leurs passagers.""
- ""Trente mille péniches, house boats ou bateaux de promenade sont passées par Fonséranes en 2016.""
- ""Les écluses de Fonseranes ont fait l'objet d'un classement au titre des monuments historiques par un arrêté du 14 octobre 1996.""
- ""Il comprend : les parements des huit bassins ; les quais de l'ensemble de l'ouvrage, sur le canal du Midi et sur le canal d'évacuation ; les quatorze volées d'escalier qui flanquent les bassins ; les bornes d'amarre en pierre ; le ponceau voûté, à l'extrémité aval de l'ouvrage ; la passerelle voûtée, entre le quatrième et le cinquième bassin.""
- ""L'ensemble est également inscrit depuis 1996 sur la liste du patrimoine mondial de l'UNESCO au titre du canal du Midi.""",ecluse beziers,"Béziers, les 9 écluses de Fonseranes et le Canal du Midi - SNCF Connect Aller au contenu principal Voyager Voyager Voyager Fermer Tout pour voyager Réserver Réserver Billets de train Voyages en bus Trajets en covoiturage Location de voiture Hôtels Taxi/VTC Bons plans Bons plans Voyages en groupe Voyages pro Enfant voyageant seul Informations Informations Horaires en gare Info trafic Handicap et accessibilité Tous les transporteurs Tous les services Nos réponses à vos questions Guide de voyage Guide de voyage Où voyager en France, en Europe Voyager selon vos envies Billets Billets Billets Fermer Voir vos billets et titres Vos voyages Vos voyages Tous vos voyages Importer un voyage Compensation en cas de retard Faire une réclamation Modifier un voyage Assurance Allianz Vos cartes et abonnements Vos cartes et abonnements Importer une carte ou abonnement Acheter une carte ou abonnement Compléter votre voyage Compléter votre voyage Louer une voiture Réserver un hôtel Réserver un Taxi/VTC Transports urbains Restauration à bord TGV INOUI Restauration à bord INTERCITES Tous les services Offres Offres Offres Fermer Parcourir toutes les offres Cartes et abonnements SNCF Cartes et abonnements SNCF Carte Avantage Jeune Carte Avantage Adulte Carte Avantage Senior Carte Liberté Abonnement MAX ACTIF Abonnement MAX JEUNE Toutes les cartes et abonnements Offres régionales Offres régionales TER Auvergne-Rhône-Alpes TER Hauts de France LiO Train Occitanie TER Nouvelle-Aquitaine Titres Île-de-France Mobilités Consulter les offres régionales Offres urbaines Offres urbaines Avignon – Réseau Orizo Caen – Réseau Twisto Montbéliard – Réseau évolitY Perpignan – Réseau Sankéo Sophia Antipolis – Réseau Envibus Tours – Réseau Fil Bleu Consulter les offres urbaines Services Services Louer une voiture Réserver un hôtel Réserver un Taxi/VTC Assurer votre voyage Livraison de bagages Transport de véhicules Restauration à bord Domicile + Train Tous les services Compte Compte Compte Fermer Accéder à votre compte Vos espaces Vos espaces Se connecter Se créer un compte Espace MAX JEUNE Espace MAX SENIOR Communauté SNCF Connect Vos informations Vos informations Vos informations personnelles Cartes et programmes de fidélité Vos achats Vos moyens de paiement Compagnons de voyage Aide et légal Aide et légal Charte de confidentialité Conditions générales d'utilisation Compensation en cas de retard Aide en ligne Contacts Béziers, les 9 écluses de Fonseranes et le Canal du Midi Accueil A voir, à faire Béziers, les 9 écluses de Fonseranes et le Canal du Midi Le Canal du Midi, qui relie Toulouse à la Méditerranée passe par la ville de Béziers. C’est ici que l’on trouve les 9 écluses de Fonseranes, site fréquenté par 400 000 personnes chaque année , le 3e site patrimonial le plus visité ! Réserver un billet de train Réserver un billet de train Rechercher Annuler Sommaire Le canal du midi : son architecte Une écluse, huit bassins et neuf ports Nos bons plans pour bien profiter du site des 9 écluses © PNS-Eric-Teissedre Le canal du midi : son architecte L’ architecte de génie qui a su bâtir ce canal titanesque est Pierre-Paul Riquet . Parmi les lieux incontournables de ce canal, on trouve le tunnel du Malpas , une percée de 173m de long construite malgré l’interdiction de Colbert , mais aussi le fameux point des Neuf écluses . © PNS-Daniele-Schneider Une écluse, huit bassins et neuf ports Une seule écluse, mais huit bassins et neuf portes composent ce qu’on appelle aujourd’hui les « Neuf écluses ». Grande spécificité du Canal du Midi, les bassins sont de forme ovoïde. Au total, c’est un dénivelé de 21,50m que les péniches descendent (ou montent !) sur 312m de long. © PNS-Daniele-Schneider Pour bien profiter du site des 9 écluses Naviguez sur un chef d'œuvre Partez pour une croisière d'une heure, d'une demi-journée ou même d'une journée complète sur une péniche. A la barre, un équipage enthousiaste vous fait partager son amour de l'œuvre de Riquet. Vous pouvez même choisir de déguster un déjeuner à bord... La Compagnie des Bateaux du Midi, 14 rue des écluses 34500 Béziers, tel : 04 67 36 51 24 À bicyclette, sur les traces de Paul Riquet Louez un vélo, et en avant la balade le long du canal. Pour tout savoir des lieux que vous traversez, téléchargez l'itinéraire ""sur les pas de Paul Riquet"" (sur l'appli gratuite de l'Office de Tourisme) Localex - Rue du 8 mai 1945 34410 Sérignan, tel : 04 67 32 51 86 Un repas en terrasse A l'Ecluse, à Villeneuve-lès-Béziers, la terrasse surplombe le Canal, la cuisine est vraiment ""maison"", les menus renouvelés régulièrement : forcément, on n'y travaille que du produit frais, et de saison. L’Ecluse - 16 avenue Pierre Bérégovoy Route d'Agde 34420 Villeneuve-lès-Béziers, tel : 04 67 62 11 02 Cocktails, rhum et Canal Sur une péniche fringante : le Capharnarhum. Ses spécialités : Cocktails de ""tout poil"" (et surtout à base de rhum), soirée musicales sur le pont, ou dans la soute aménagée en bar. Le Capharnarhum - Avenue Joseph Lazare, 34500 Béziers, tel : 04 67 35 17 81 Un spectacle immersif Installez-vous et soyez prêts à voyager dans le temps ! 14 minutes de spectacle immersif vous emportent dans l’histoire du Canal du Midi et des 9 écluses de Fonseranes. Maison du Site des 9 écluses de Fonseranes, chemin des écluses, 34500 Béziers Cet article vous a plu ? Partagez-le ! Facebook WhatsApp X, formerly Twitter Pinterest Mail Coralie Salvi Rédaction SNCF Connect 18/05/2021 Préparez votre séjour : Béziers au départ de Paris Marseille Lyon Lille Bordeaux 31 / 07 Dès 84 € (1) 01 / 08 Dès 102 € (1) 02 / 08 Dès 94 € (1) 03 / 08 Dès 94 € (1) 04 / 08 Dès 87 € (1) 05 / 08 Dès 67 € (1) Le moins cher 06 / 08 Dès 67 € (1) Le moins cher Mentions légales (1) Voir les conditions des offres (1) Tarifs TTC, à partir de, pour une personne, pour un aller simple, en 2nd classe, sur une sélection de trains et de dates et sous réserve de disponibilité. Offres soumises à conditions d'échanges et de remboursement des transporteurs concernés à consulter lors de la commande. Paiement en ligne. Offres non cumulables avec d'autres promotions SNCF. Nos engagements Meilleurs prix garantis Paiement sécurisé Contact 7j/7 Service client de l'année 2025 Moyens de paiement Infos et conditions Paiement en Chèque-Vacances Connect Infos et conditions de paiement avec les cartes Ayvens, Betterway, Pluxee ou RoadMate Choix du pays Langue France Langue Belgique België Belgium Deutschland España France Italia Luxembourg Nederland Suisse Schweiz Switzerland Other regions and countries Nos partenaires Inscrivez-vous à notre newsletter et profitez des meilleurs bons plans Suivez-nous ! L'entreprise Conditions de présentation des offres sur le site Conditions générales de vente Droits des voyageurs ferroviaires et Règlement européen n°2021/782 Informations légales Charte de confidentialité et cookies Gestion des cookies Partenariat Régie publicitaire Devenir partenaire ou affilié Widget SNCF Connect Sites du groupe Site SNCF Connect & Tech Espace Presse SNCF Connect & Tech Carrières SNCF Connect & Tech Le compte des agents SNCF Groupe-sncf.com Emploi Groupe SNCF Vous informer Aide Contactez-nous Vos billets Communauté SNCF Connect Plan du site SNCF Connect Guide du voyageur Franchissement frontière Handicap & mobilité réduite Nos services pour les voyageurs PSH/PMR Tout savoir sur le service d'assistance en gare Accessibilité numérique : conformité partielle Fonctionnalités d'accessibilité de nos applications mobiles Les autres services d'assistance en Europe Transporteurs TGV INOUI OUIGO TER BlaBlaCar Bus FlixBus BlaBlaCar INTERCITES LYRIA EUROSTAR TGV INOUI vers Bruxelles DB SNCF Voyageurs en coopération TGV INOUI vers l'Espagne TGV INOUI vers l'Italie TGV INOUI vers le Luxembourg TGV INOUI vers Fribourg Itinéraires populaires Train Paris Bordeaux Train Paris Marseille Train Bordeaux Paris Train Paris Lyon Train Paris Bruxelles Train Paris Strasbourg Train Paris Toulouse Train Toulouse Paris Train Lyon Paris Train Paris Amsterdam Train Paris Lille Train Nantes Paris Train Paris Genève Train Paris Barcelone Train Paris Nantes Trajets Transporteurs TGV INOUI Lille-Paris TGV INOUI Lyon-Paris TGV INOUI Paris-Nice TGV INOUI Marseille-Paris TGV INOUI Paris-Nantes OUIGO Fleury-les-Aubrais-Paris OUIGO Paris-Fleury-les-Aubrais OUIGO Rennes-Paris OUIGO Marseille-Lyon OUIGO Nantes-Paris TER Paris-Trouville Deauville TER Trouville Deauville-Paris TER Paris-Le Mans TER Le Mans-Paris TER Nice-Cannes : horaires et billets Top destinations Train France Train Paris Train Lyon Train Bordeaux Train Strasbourg Train Nantes Train Marseille Train Lille Train Marne-la-Vallée Chessy (Disneyland® Paris) Train Amsterdam Train Londres Train Barcelone Train Rennes Train Italie Train Suisse Nos applications mobiles","Béziers, les 9 écluses de Fonseranes et le Canal du Midi
Réserver un billet de train
Sommaire
Le canal du midi : son architecte
Une écluse, huit bassins et neuf ports
Pour bien profiter du site des 9 écluses
Préparez votre séjour : Béziers au départ deParisMarseilleLyonLilleBordeaux
Mentions légales"
patinoire londres noel,"- Les plus belles patinoires de Noël à Londres
- Le guide ultime des patinoires de Noël à Londres
- Découvrez les incontournables patinoires de Noël à Londres",ice rink (11) partir londres (10) harry potter (9) bons plans (8) noël londres (7) hyde park (7) hampton court (7) battersea power (7) métro plus (7) power station (6)25 décembre (10) fermé 25 (8) décembre plus (8) plus dinformations (8) plus proche (7) voir voir (7) 2025 fermé (6) london lover (6) hyde park (5) novembre 2024 (5)nov jan (6) jan dates (6) dates confirmer (6) visites guidées (5) confirmer patinoire (5) toute lannée (5) patin glace (4) faire londres (4) canary wharf (4) winter wonderland (4)noël londres (8) hampton court (8) court palace (6) canary wharf (6) informations utiles (6) utiles dates (6) où réserver (6) guide complet (6) patinoires noël (5) bons plans (5)tgv inoui (12) train paris (12) sncf connect (9) 08 dès (6) paris train (6) cartes abonnements (5) somerset house (5) inoui vers (5) bons plans (4) hyde park (4),battersea power station (6) métro plus proche (6) hampton court palace (5) ouverture patinoire entre (5) patinoires noël londres (4) glide at battersea (4) at battersea power (4) station métro plus (4) 10h 22h fermée (4) 22h fermée 25 (4)fermé 25 décembre (8) 25 décembre plus (8) décembre plus dinformations (8) 2025 fermé 25 (6) voir voir voir (6) janvier 2025 fermé (5) novembre 2024 5 (4) 2024 5 janvier (4) 5 janvier 2025 (4) metro plus proche (4)nov jan dates (6) jan dates confirmer (6) dates confirmer patinoire (5) palais hampton court (4) patin glace londres (3) patinoire canary wharf (3) patinoire palais hampton (3) battersea power station (3) patinoire queens house (3) endroits faire patin (2)hampton court palace (6) informations utiles dates (6) patinoires noël londres (5) battersea power station (5) 2025 prix partir (5) stockage laccès technique (5) bons plans tous (4) janvier 2025 prix (4) londres 2025 guide (4) 2025 guide complet (4)tgv inoui vers (5) musée dhistoire naturelle (4) station métro plus (4) plus belles patinoires (3) belles patinoires noël (3) patinoires noël londres (3) kingdom of winter (3) métro plus proche (3) sncf connect tech (3) paris train paris (3),londres (0.81) london (0.26) patinoire (0.18) the (0.17) station (0.13) noël (0.12) ice (0.12) plus (0.11) rink (0.11) visite (0.11) house (0.10) partir (0.10) court (0.09) harry (0.09) janvier (0.09) novembre (0.09) ouverture (0.09) palace (0.09) park (0.09) potter (0.09) réserver (0.09) tower (0.09) 2023 (0.08) adresse (0.08) bons (0.08) métro (0.08) plans (0.08) battersea (0.07) hampton (0.07) power (0.07)londres (0.47) plus (0.45) patinoire (0.29) décembre (0.21) noël (0.21) 25 (0.19) informations (0.19) dates (0.16) fermé (0.16) novembre (0.16) 2024 (0.14) 2025 (0.14) découvrir (0.14) faire (0.14) voir (0.14) lieu (0.12) london (0.12) patinoires (0.12) proche (0.12) visites (0.12) cartes (0.10) janvier (0.10) line (0.10) lover (0.10) marque (0.10) station (0.10) battersea (0.09) park (0.09) power (0.09) royales (0.09)londres (0.66) patinoire (0.38) plus (0.26) glace (0.20) noël (0.18) faire (0.15) london (0.15) patinoires (0.14) profitez (0.14) patinage (0.12) visite (0.12) attractions (0.11) house (0.11) palais (0.11) année (0.09) billets (0.09) confirmer (0.09) dates (0.09) jan (0.09) nov (0.09) the (0.09) théâtre (0.09) toute (0.09) visites (0.09) guidées (0.08) image (0.08) meilleures (0.08) où (0.08) patins (0.08) tour (0.08)londres (0.70) noël (0.29) guide (0.20) 2025 (0.17) accès (0.17) activités (0.17) patinoire (0.17) station (0.16) 2024 (0.13) house (0.13) informations (0.13) patinoires (0.13) plus (0.13) court (0.11) hampton (0.11) incontournables (0.11) lieu (0.11) où (0.11) prix (0.11) bons (0.10) complet (0.10) canary (0.09) dates (0.09) palace (0.09) park (0.09) préférences (0.09) réserver (0.09) utiles (0.09) visiter (0.09) wharf (0.09)train (0.52) paris (0.45) londres (0.30) sncf (0.23) offres (0.20) inoui (0.17) plus (0.17) tgv (0.17) patiner (0.16) connect (0.14) patinoire (0.14) réserver (0.13) ter (0.13) voyage (0.13) billets (0.10) cartes (0.10) conditions (0.10) dès (0.10) services (0.10) tous (0.10) voyager (0.10) 08 (0.09) carte (0.09) france (0.09) informations (0.09) noël (0.09) ouigo (0.09) paiement (0.09) réseau (0.09) voyages (0.09),{Pas de fait important},"- Ouverture du 10 Novembre 2023 au 07 Janvier 2024.
- Ouverture de la patinoire entre le 15 Novembre 2023 et le 14 Janvier 2024 de 10h à18h en moyenne.
- Ouverture de la patinoire entre le 17 Novembre 2023 et le 01 Janvier 2024 - tous les jours de 10h à 22h- Fermée le 25 décembre.
- Ouverture de la patinoire entre le 21 Octobre 2023 et le 24 Février 2024 de 10h à 22h fermée le 25 Décembre.
- Ouverture de la patinoire entre le 16 Novembre et le 05 Janvier ( Définitivement fermée ) de 10h à 22h fermée le 25 Décembre.
- Ouverture de la patinoire du 17 Novembre 2023 au 07 Janvier 2024 de 11h à 22h.
- Ouverture de la patinoire entre le 21 Novembre et le 05 Janvier ( ouverture du 10 Novembre 2023 au 07 Janvier 2024 ) de 10h à 22h - fermée le 25 décembre.
- Ouverture de la patinoire en famille du 13 novembre 2024 – 12 janvier 2025.
- Ouverture de la patinoire de Winter Wonderland du 17 novembre 2024 – 1er janvier 2025.
- Ouverture de la patinoire à Battersea Power Station du 9 novembre 2024 – 5 janvier 2025.
- Ouverture de la patinoire de Hampton Court Palace du 22 novembre 2024 – 5 janvier 2025.
- Ouverture de la patinoire de Canary Wharf du 26 octobre 2024 – 23 février 2025.
- Ouverture de la patinoire de Queen’s House : FERMÉ en 2024-2025.
- Ouverture de la patinoire de Queens toute l’année.
- Ouverture de la patinoire d'Ally Pally toute l’année.
- Ouverture des deux patinoires au Lee Valley Ice Centre avec des séances toute l'année.",patinoire londres noel,"Les plus belles patinoires de Noël à Londres - SNCF Connect Aller au contenu principal Voyager Voyager Voyager Fermer Tout pour voyager Réserver Réserver Billets de train Voyages en bus Trajets en covoiturage Location de voiture Hôtels Taxi/VTC Bons plans Bons plans Voyages en groupe Voyages pro Enfant voyageant seul Informations Informations Horaires en gare Info trafic Handicap et accessibilité Tous les transporteurs Tous les services Nos réponses à vos questions Guide de voyage Guide de voyage Où voyager en France, en Europe Voyager selon vos envies Billets Billets Billets Fermer Voir vos billets et titres Vos voyages Vos voyages Tous vos voyages Importer un voyage Compensation en cas de retard Faire une réclamation Modifier un voyage Assurance Allianz Vos cartes et abonnements Vos cartes et abonnements Importer une carte ou abonnement Acheter une carte ou abonnement Compléter votre voyage Compléter votre voyage Louer une voiture Réserver un hôtel Réserver un Taxi/VTC Transports urbains Restauration à bord TGV INOUI Restauration à bord INTERCITES Tous les services Offres Offres Offres Fermer Parcourir toutes les offres Cartes et abonnements SNCF Cartes et abonnements SNCF Carte Avantage Jeune Carte Avantage Adulte Carte Avantage Senior Carte Liberté Abonnement MAX ACTIF Abonnement MAX JEUNE Toutes les cartes et abonnements Offres régionales Offres régionales TER Auvergne-Rhône-Alpes TER Hauts de France LiO Train Occitanie TER Nouvelle-Aquitaine Titres Île-de-France Mobilités Consulter les offres régionales Offres urbaines Offres urbaines Avignon – Réseau Orizo Caen – Réseau Twisto Montbéliard – Réseau évolitY Perpignan – Réseau Sankéo Sophia Antipolis – Réseau Envibus Tours – Réseau Fil Bleu Consulter les offres urbaines Services Services Louer une voiture Réserver un hôtel Réserver un Taxi/VTC Assurer votre voyage Livraison de bagages Transport de véhicules Restauration à bord Domicile + Train Tous les services Compte Compte Compte Fermer Accéder à votre compte Vos espaces Vos espaces Se connecter Se créer un compte Espace MAX JEUNE Espace MAX SENIOR Communauté SNCF Connect Vos informations Vos informations Vos informations personnelles Cartes et programmes de fidélité Vos achats Vos moyens de paiement Compagnons de voyage Aide et légal Aide et légal Charte de confidentialité Conditions générales d'utilisation Compensation en cas de retard Aide en ligne Contacts Les plus belles patinoires de Noël à Londres Accueil A voir, à faire Londres Les plus belles patinoires de Noël à Londres Filez direction Londres et profitez des animations de fin d'année. Les plus beaux monuments de Londres s'entourent de glace pour vous offrir un cadre féérique où patiner... Réserver un billet de train Réserver un billet de train Rechercher Annuler Sommaire Somerset House pour patiner en famille Kingdom of Winter, pour patiner en intérieur Hyde Park Wonderland pour patiner entre amis Musée d’Histoire naturelle pour patiner en douceur Somerset House - © Anatoleya Somerset House pour patiner en famille Au bord de la Tamise, à quelques pas de la cathédrale Saint-Paul, dans la grande cour de Somerset House , bâtiment datant du 18e siècle, voici un décor étonnant pour une patinoire ! Les enfants peuvent faire leurs premières glissades grâce à des gros pingouins en plastique. Avec eux, faites une pause chocolat chaud chez Fortnum and Mason, à l'intérieur de Somerset House. Tous les mardis, les patineurs et spectateurs pourront profiter d'animations de Noël. Station de métro la plus proche : Temple ( zone 1) Ouverture de la patinoire entre le 15 novembre 2023 et le 14 Janvier 2024 de 10h à 18h. Patinoire en amoureux  - © Istock - Georgijevic Kingdom of Winter, pour patiner en intérieur Testez la patinoire intérieure du Kingdom of Winter à l'ExCeL de Londres. Elle fait partie d'un grand festival indoor, qui combien plusieurs attractions, comme des spectacles de cirque, des manèges, un parcours immersif sur le thème des expéditions polaires... Attention, pour patiner, pensez bien à réserver votre session de 45mn. Station de métro la plus proche : One Western Gateway. Ouverture du 8 décembre au 7 janvier. © VictorHuang Hyde Park Wonderland pour patiner entre amis Une fois par an, la plus grande patinoire en plein air du Royaume-Uni s’installe à Hyde Park . Plus qu’une piste de glisse, la patinoire d’Hyde Park se métamorphose en parc d’attraction où il fait bon célébrer les fêtes de fin d’années. Lumières, décorations et grande roue vous y attendent. Les plus petits auront la chance de rencontrer le Père Noël au milieu de son marché de Noël . Station de métro les plus proches : Marble Arch & Hyde Park. Ouverture de la patinoire entre le 17 novembre 2023 et le 01 janvier 2024. Fermée le 25 décembre . Patinoire du Musée d'Histoire naturelle de Londres - © coldsnowstorm Musée d’Histoire naturelle pour patiner en douceur Ce n’est pas la place qui manque à la patinoire située dans la cour du Musée d’Histoire naturelle de Londres . 1 000 mètres carrés pour patiner toute la journée jusqu’au soir ! Les petits appréhenderont la glace dans leur espace réservé. Chaussez vos patins et glissez au rythme des musiques live tous les jeudis soirs . Réchauffez-vous le temps d’une pause autour des boissons chaudes proposées au Bar café, avec vue sur la patinoire. Station de métro la plus proche : South Kensington. Cet article vous a plu ? Partagez-le ! Facebook WhatsApp X, formerly Twitter Pinterest Mail La Rédaction SNCF Connect 20/09/2023 Préparez votre séjour : Londres au départ de Paris Lille 31 / 07 Dès 97 € (1) 01 / 08 Dès 121 € (1) 02 / 08 Dès 121 € (1) 03 / 08 Dès 156 € (1) 04 / 08 Dès 99 € (1) 05 / 08 Dès 87 € (1) 06 / 08 Dès 79 € (1) Le moins cher Vous aimerez aussi Fermer Voir tout Oxford Street : l'avenue shopping de Londres Top 5 des restaurants romantiques à Londres Une journée découverte à Londres en famille Brunch à Londres : les incontournables Voyage à Londres et aux Studios Harry Potter en train tout compris : le guide 5 bonnes raisons de voyager sur Eurostar Les incontournables d'un PRO à Londres avec Eurostar Top 7 des salons de thé incontournables à Londres Les visites incontournables de Londres Les palais royaux d’Angleterre Nos bons plans bars et restos à Londres Les plus beaux parcs et jardins de Londres Mentions légales (1) Voir les conditions des offres (1) Tarifs TTC, à partir de, pour une personne, pour un aller simple, en 2nd classe, sur une sélection de trains et de dates et sous réserve de disponibilité. Offres soumises à conditions d'échanges et de remboursement des transporteurs concernés à consulter lors de la commande. Paiement en ligne. Offres non cumulables avec d'autres promotions SNCF. Nos engagements Meilleurs prix garantis Paiement sécurisé Contact 7j/7 Service client de l'année 2025 Moyens de paiement Infos et conditions Paiement en Chèque-Vacances Connect Infos et conditions de paiement avec les cartes Ayvens, Betterway, Pluxee ou RoadMate Choix du pays Langue France Langue Belgique België Belgium Deutschland España France Italia Luxembourg Nederland Suisse Schweiz Switzerland Other regions and countries Nos partenaires Inscrivez-vous à notre newsletter et profitez des meilleurs bons plans Suivez-nous ! L'entreprise Conditions de présentation des offres sur le site Conditions générales de vente Droits des voyageurs ferroviaires et Règlement européen n°2021/782 Informations légales Charte de confidentialité et cookies Gestion des cookies Partenariat Régie publicitaire Devenir partenaire ou affilié Widget SNCF Connect Sites du groupe Site SNCF Connect & Tech Espace Presse SNCF Connect & Tech Carrières SNCF Connect & Tech Le compte des agents SNCF Groupe-sncf.com Emploi Groupe SNCF Vous informer Aide Contactez-nous Vos billets Communauté SNCF Connect Plan du site SNCF Connect Guide du voyageur Franchissement frontière Handicap & mobilité réduite Nos services pour les voyageurs PSH/PMR Tout savoir sur le service d'assistance en gare Accessibilité numérique : conformité partielle Fonctionnalités d'accessibilité de nos applications mobiles Les autres services d'assistance en Europe Transporteurs TGV INOUI OUIGO TER BlaBlaCar Bus FlixBus BlaBlaCar INTERCITES LYRIA EUROSTAR TGV INOUI vers Bruxelles DB SNCF Voyageurs en coopération TGV INOUI vers l'Espagne TGV INOUI vers l'Italie TGV INOUI vers le Luxembourg TGV INOUI vers Fribourg Itinéraires populaires Train Paris Bordeaux Train Paris Marseille Train Bordeaux Paris Train Paris Lyon Train Paris Bruxelles Train Paris Strasbourg Train Paris Toulouse Train Toulouse Paris Train Lyon Paris Train Paris Amsterdam Train Paris Lille Train Nantes Paris Train Paris Genève Train Paris Barcelone Train Paris Nantes Trajets Transporteurs TGV INOUI Lille-Paris TGV INOUI Lyon-Paris TGV INOUI Paris-Nice TGV INOUI Marseille-Paris TGV INOUI Paris-Nantes OUIGO Fleury-les-Aubrais-Paris OUIGO Paris-Fleury-les-Aubrais OUIGO Rennes-Paris OUIGO Marseille-Lyon OUIGO Nantes-Paris TER Paris-Trouville Deauville TER Trouville Deauville-Paris TER Paris-Le Mans TER Le Mans-Paris TER Nice-Cannes : horaires et billets Top destinations Train France Train Paris Train Lyon Train Bordeaux Train Strasbourg Train Nantes Train Marseille Train Lille Train Marne-la-Vallée Chessy (Disneyland® Paris) Train Amsterdam Train Londres Train Barcelone Train Rennes Train Italie Train Suisse Nos applications mobiles","Les plus belles patinoires de Noël à Londres
Réserver un billet de train
Sommaire
Somerset House pour patiner en famille
Kingdom of Winter, pour patiner en intérieur
Hyde Park Wonderland pour patiner entre amis
Musée d’Histoire naturelle pour patiner en douceur
Préparez votre séjour : Londres au départ deParisLille
Vous aimerez aussi
Mentions légales"
meilleur restaurant port de vannes,"
- Découvrez le meilleur restaurant du port de Vannes en 2025
- Les 4 restaurants incontournables de Vannes - Le blog ultime
- Les 10 meilleurs restos du port de Vannes selon Petit Futé",maÿlis luco (6) cuisine française (6) breizh club (5) mère 6 (5) 6 sous (5) juin 2025 (5) mai 2025 (5) vallée saints (5) 56000 vannes (4) chez mère (4)réserver table (5) restaurant bar (4) cartes menus (4) nouvelle adresse (3) politique confidentialité (3) fraya restaurant (2) bar vannes (2) carte vins (2) table accueil (2) menus actualités (2)56000 vannes (20) avis ouvert (20) ouvert fermé (20) accès pmr (17) lire suite (15) petit futé (14) fermé accès (13) vannes restaurant (12) bistrot brasserie (9) cuisine française (9),mère 6 sous (5) chez mère 6 (4) vallée saints bretagne (4) jardins remarquables bretagne (3) quand visiter sillon (3) visiter sillon talbert (3) plage tahiti bretagne (3) blog breizh club (2) escapades rencontres food (2) rencontres food club (2)fraya restaurant bar (2) restaurant bar vannes (2) réserver table accueil (2) menus actualités galerie (2) 3 32 97 (2) 32 97 68 (2) 97 68 15 (2) 68 15 89 (2) tous jours 12h (2) jours 12h 21h30 (2)avis ouvert fermé (20) ouvert fermé accès (13) fermé accès pmr (13) 56000 vannes restaurant (12) restaurant cuisine française (5) 56000 vannes bistrot (5) vannes bistrot brasserie (5) accès pmr restaurant (5) meilleurs restaurants vannes (3) bistrot brasserie 25 (3),bretagne (0.43) vannes (0.43) cuisine (0.26) 2025 (0.24) si (0.24) restaurant (0.20) chez (0.17) club (0.17) française (0.17) plage (0.17) bistrot (0.15) découvrir (0.15) luco (0.13) maÿlis (0.13) sans (0.13) tout (0.13) ambiance (0.11) bien (0.11) breizh (0.11) idées (0.11) juin (0.11) lieu (0.11) mai (0.11) mère (0.11) où (0.11) plus (0.11) profiter (0.11) saints (0.11) sous (0.11) vallée (0.11)fraya (0.48) carte (0.30) bar (0.26) vannes (0.26) confidentialité (0.22) données (0.22) menus (0.22) soirée (0.22) adresse (0.18) restaurant (0.18) réserver (0.18) table (0.18) actualités (0.15) cartes (0.15) jeudi (0.15) juillet (0.15) nouvelle (0.15) accès (0.11) politique (0.11) tous (0.11) vins (0.11) événements (0.11) dimanche (0.07) dj (0.07) droit (0.07) découvrez (0.07) email (0.07) festive (0.07) fr (0.07) galerie (0.07)restaurant (0.62) vannes (0.34) cuisine (0.27) avis (0.21) 2025 (0.19) 56000 (0.17) fermé (0.17) ouvert (0.17) 02 (0.15) 97 (0.15) accès (0.15) pmr (0.15) futé (0.14) lire (0.14) petit (0.13) suite (0.13) bistrot (0.10) brasserie (0.10) place (0.09) restaurants (0.09) rue (0.09) voyage (0.09) française (0.09) produits (0.09) friendly (0.08) location (0.07) meilleurs (0.07) services (0.07) crêperie (0.06) 47 (0.05),"- Le port de Vannes offre une variété de restaurants proposant des fruits de mer frais issus du Golfe du Morbihan.
- Les terrasses des restaurants du port permettent de profiter d'une vue imprenable sur les voiliers et l'animation maritime.
- La cuisine traditionnelle bretonne est à l'honneur, avec des spécialités comme les galettes de sarrasin et les plats à base de poisson.
- Plusieurs établissements du port proposent des options végétariennes et véganes pour satisfaire tous les goûts.
- L'ambiance chaleureuse et conviviale des restaurants du port de Vannes en fait un lieu prisé pour les repas en famille ou entre amis.","- ""Fraya vous accueille tous les jours de 12h à 21h30 (19h le dimanche)""
- ""📍 4 Rue du Commerce, 56000 Vannes""
- ""+3 32 97 68 15 89""",meilleur restaurant port de vannes,"Le top des restos à Vannes - SNCF Connect Aller au contenu principal Voyager Voyager Voyager Fermer Tout pour voyager Réserver Réserver Billets de train Voyages en bus Trajets en covoiturage Location de voiture Hôtels Taxi/VTC Bons plans Bons plans Voyages en groupe Voyages pro Enfant voyageant seul Informations Informations Horaires en gare Info trafic Handicap et accessibilité Tous les transporteurs Tous les services Nos réponses à vos questions Guide de voyage Guide de voyage Où voyager en France, en Europe Voyager selon vos envies Billets Billets Billets Fermer Voir vos billets et titres Vos voyages Vos voyages Tous vos voyages Importer un voyage Compensation en cas de retard Faire une réclamation Modifier un voyage Assurance Allianz Vos cartes et abonnements Vos cartes et abonnements Importer une carte ou abonnement Acheter une carte ou abonnement Compléter votre voyage Compléter votre voyage Louer une voiture Réserver un hôtel Réserver un Taxi/VTC Transports urbains Restauration à bord TGV INOUI Restauration à bord INTERCITES Tous les services Offres Offres Offres Fermer Parcourir toutes les offres Cartes et abonnements SNCF Cartes et abonnements SNCF Carte Avantage Jeune Carte Avantage Adulte Carte Avantage Senior Carte Liberté Abonnement MAX ACTIF Abonnement MAX JEUNE Toutes les cartes et abonnements Offres régionales Offres régionales TER Auvergne-Rhône-Alpes TER Hauts de France LiO Train Occitanie TER Nouvelle-Aquitaine Titres Île-de-France Mobilités Consulter les offres régionales Offres urbaines Offres urbaines Avignon – Réseau Orizo Caen – Réseau Twisto Montbéliard – Réseau évolitY Perpignan – Réseau Sankéo Sophia Antipolis – Réseau Envibus Tours – Réseau Fil Bleu Consulter les offres urbaines Services Services Louer une voiture Réserver un hôtel Réserver un Taxi/VTC Assurer votre voyage Livraison de bagages Transport de véhicules Restauration à bord Domicile + Train Tous les services Compte Compte Compte Fermer Accéder à votre compte Vos espaces Vos espaces Se connecter Se créer un compte Espace MAX JEUNE Espace MAX SENIOR Communauté SNCF Connect Vos informations Vos informations Vos informations personnelles Cartes et programmes de fidélité Vos achats Vos moyens de paiement Compagnons de voyage Aide et légal Aide et légal Charte de confidentialité Conditions générales d'utilisation Compensation en cas de retard Aide en ligne Contacts Le top des restos à Vannes Accueil A voir, à faire Vannes Le top des restos à Vannes Soirée musicale et gourmande sur une péniche, tête-à-tête amoureux dans un étoilé contemporain, apéro dinatoire dans un bar à vins ou ventrée de fruits de mer face au golfe du Morbihan… Voici notre sélection de restaurants préférés à Vannes! Réserver un billet de train Réserver un billet de train Rechercher Annuler Suivez le guide et découvrez notre top 5 des bonnes adresses gourmandes de Vannes ! Notre sélection des meilleurs restaurants de Vannes Le Piano Barge, le plus barge! Le Roscanvec, le plus étoilé! Côté Patio, le plus tropical! BiBoViNo, le plus bobo épicurien! Le Café de Conleau, le plus iodé! Le Piano Barge à Vannes - © Le Piano Barge Le Piano Barge, le plus barge! En voilà, une adresse originale , pour déguster un risotto de légumes, de coques et de palourdes, savourer un filet de cannette arrosé d’un jus de griottes ou un far aux pralines roses… Car l’endroit que nous vous conseillons n’est autre qu’ une péniche de 1900 entièrement restaurée et réaménagée en restaurant, bar à vin et café-concert. Eclairé par des lampions multicolores,  bien décoré et ultra convivial, le Piano Barge vous embarquera pour une aventure culinaire –et musicale !-  au ras des flots… Le Piano Barge Allée Loïc Caradec – Parc du Golfe 56000 Vannes France 02 97 47 76 05 Horaire d'ouverture : Ouvert toute l’année, sauf le dimanche et le lundi. © iStock - sorendls Le Roscanvec, le plus étoilé! Vous programmez un séjour romantique ? Un dîner en amoureux, yeux dans les yeux ? Alors jouez le grand jeu et réservez votre table au Roscanvec dont la cuisine est aussi pétillante que raffinée. Vous aimerez l’atmosphère particulière de cette maison à colombages qui cache un décor des plus contemporains, la cuisine moderne et pleine de surprises du chef Thierry Seychelles, ancien élève de Passard, Gagnaire et Ducasse. Un vrai éblouissement ! >> Découvrez toutes les activités à faire en Bretagne Le Roscanvec 17, rue des Halles 56000 Vannes France 02 97 47 15 96 Horaire d'ouverture : Fermé en janvier, mais ouvert le reste de l’année du mercredi au samedi, de 19h à 21h, du mercredi au dimanche, de 12h à 13h30. Espace bar, restaurant Côté Patio à vannes - © Baptiste Le Port Côté Patio, le plus tropical ! Quelle que soit la météo, Vannes est toujours belle… Mais si la grisaille se fait pesante lors de votre séjour dans le Morbihan, réfugiez-vous dare-dare chez Côté Patio , le très dépaysant restaurant de l’hôtel Best Western . Fraîchement rénové dans un esprit contemporain et arty, cet Eden urbain vous enrobe de lumière et de motifs tropicaux. Ouvert sur une terrasse et un petit jardin aromatique, il propose une cuisine de type brasserie élaborée à partir de produits frais locaux : simple, mais savoureux et totalement dépaysant… Côté Patio 6, place de la Libération 56000 Vannes France 02 97 63 20 20 Horaire d'ouverture : Ouvert du lundi au samedi, de 12h à 13h45 et de 19h à 21h15. Dégustation de vin blanc - © unsplash - Matthieu Joannon BiBoViNo, le plus bobo épicurien! Vous préférez un apéro dinatoire entre amis ? Optez pour l’ambiance conviviale de BiBoViNo dont vous repérerez facilement la vitrine bleue lavande. Niché en plein cœur de Vannes, l’endroit possède une double casquette qui enchantera les amoureux de Bacchus : il abrite la première marque de vins haut de gamme conditionnés en bag in box , ainsi qu’un très sympathique bar à vins et tapas . Gourmandes et bien garnies, les planchas et verrines à partager sont accompagnées d’excellents crus que vous pourrez toujours ramener chez vous sous forme de bag in box ! BiBoViNo 18, rue Emile Burgault 56000 Vannes France 09 86 44 17 06 Horaire d'ouverture : Ouvert le lundi, de 10h à 14h30 et de 17h à 22h, du mardi au jeudi de 10h30 à 15h et de 17h à 22h, le vendredi de 10h30 à 15h et de 17h à minuit, le samedi de 10h30 à 1h. En été, ouvert du lundi au samedi de 10h30 à 22h30 et le dimanche de 10h30 à 14h30. © istock-genekrebs Le Café de Conleau, le plus iodé! Le Café de Conleau a un double avantage pour ceux qui découvre Vannes pour la première fois : située au bord de l’eau, sur la presqu’île de Conleau, cette brasserie balnéaire propose des spécialités de fruits de mer et de poissons que l’on peut déguster en terrasse, face au superbe golfe du Morbihan. Plateaux garnis d’huîtres, crevettes et langoustines, poissons fraîchement pêchés et savamment cuisinés…Vous pourrez profiter de l’air marin tout en faisant le plein d’iode et d’oméga 3 ! Et pour ce qui est de la promenade ou de la sieste digestive, le choix est vaste car la brasserie est entourée de plages et de sentiers ! Café de Conleau Presqu’île de Conleau, 10, allée des Frères Cadoret 56000 Vannes France 02 97 63 47 47 Horaire d'ouverture : Ouvert toute l’année, de 12h15 à 14h15 et de 19h15 à 21h15. Cet article vous a plu ? Partagez-le ! Facebook WhatsApp X, formerly Twitter Pinterest Mail La Rédaction SNCF Connect 15/05/2025 Vous aimerez aussi Fermer Voir tout Top 8 des activités en famille dans la région de Vannes Week-end thalasso et spa à Vannes Les plus beaux paysages en Bretagne Excursion sur l'île aux Moines Le Top 10 des Festivals à ne pas rater en Bretagne cet été Le Ker, nouveau parc d'attraction 100% breton à Vannes Nos engagements Meilleurs prix garantis Paiement sécurisé Contact 7j/7 Service client de l'année 2025 Moyens de paiement Infos et conditions Paiement en Chèque-Vacances Connect Infos et conditions de paiement avec les cartes Ayvens, Betterway, Pluxee ou RoadMate Choix du pays Langue France Langue Belgique België Belgium Deutschland España France Italia Luxembourg Nederland Suisse Schweiz Switzerland Other regions and countries Nos partenaires Inscrivez-vous à notre newsletter et profitez des meilleurs bons plans Suivez-nous ! L'entreprise Conditions de présentation des offres sur le site Conditions générales de vente Droits des voyageurs ferroviaires et Règlement européen n°2021/782 Informations légales Charte de confidentialité et cookies Gestion des cookies Partenariat Régie publicitaire Devenir partenaire ou affilié Widget SNCF Connect Sites du groupe Site SNCF Connect & Tech Espace Presse SNCF Connect & Tech Carrières SNCF Connect & Tech Le compte des agents SNCF Groupe-sncf.com Emploi Groupe SNCF Vous informer Aide Contactez-nous Vos billets Communauté SNCF Connect Plan du site SNCF Connect Guide du voyageur Franchissement frontière Handicap & mobilité réduite Nos services pour les voyageurs PSH/PMR Tout savoir sur le service d'assistance en gare Accessibilité numérique : conformité partielle Fonctionnalités d'accessibilité de nos applications mobiles Les autres services d'assistance en Europe Transporteurs TGV INOUI OUIGO TER BlaBlaCar Bus FlixBus BlaBlaCar INTERCITES LYRIA EUROSTAR TGV INOUI vers Bruxelles DB SNCF Voyageurs en coopération TGV INOUI vers l'Espagne TGV INOUI vers l'Italie TGV INOUI vers le Luxembourg TGV INOUI vers Fribourg Itinéraires populaires Train Paris Bordeaux Train Paris Marseille Train Bordeaux Paris Train Paris Lyon Train Paris Bruxelles Train Paris Strasbourg Train Paris Toulouse Train Toulouse Paris Train Lyon Paris Train Paris Amsterdam Train Paris Lille Train Nantes Paris Train Paris Genève Train Paris Barcelone Train Paris Nantes Trajets Transporteurs TGV INOUI Lille-Paris TGV INOUI Lyon-Paris TGV INOUI Paris-Nice TGV INOUI Marseille-Paris TGV INOUI Paris-Nantes OUIGO Fleury-les-Aubrais-Paris OUIGO Paris-Fleury-les-Aubrais OUIGO Rennes-Paris OUIGO Marseille-Lyon OUIGO Nantes-Paris TER Paris-Trouville Deauville TER Trouville Deauville-Paris TER Paris-Le Mans TER Le Mans-Paris TER Nice-Cannes : horaires et billets Top destinations Train France Train Paris Train Lyon Train Bordeaux Train Strasbourg Train Nantes Train Marseille Train Lille Train Marne-la-Vallée Chessy (Disneyland® Paris) Train Amsterdam Train Londres Train Barcelone Train Rennes Train Italie Train Suisse Nos applications mobiles","Le top des restos à Vannes
Réserver un billet de train
Notre sélection des meilleurs restaurants de Vannes
Le Piano Barge, le plus barge!
Le Roscanvec, le plus étoilé!
Côté Patio, le plus tropical !
BiBoViNo, le plus bobo épicurien!
Le Café de Conleau, le plus iodé!
Vous aimerez aussi"
ligne maginot visite,"- Découvrez la ligne Maginot en Alsace
- Explorez les forts de la ligne Maginot en Alsace
- Visitez les sites de la ligne Maginot en Alsace",at 200 (12) 200 pm (12) fort hackenberg (11) gros ouvrage (10) pünktlich um (10) um 1400 (10) 1400 uhr (10) ligne maginot (6) maginot hackenberg (6) louvrage hackenberg (6)oti lalsace (9) lalsace verte (9) verte oti (8) ligne maginot (7) retour retour (7) destination tourisme (6) fort schoenenbourg (5) alsace destination (5) politique protection (4) protection données (4)casemate dinfanterie (22) ouvrage dartillerie (20) ligne maginot (18) ouvrage dinfanterie (16) dinfanterie double (11) dinfanterie simple (10) visiter ligne (4) cette liste (3) dinfanterie département (3) dinfanterie forteresse (3)alsace ligne (1) ligne maginot (1) maginot fort (1) fort schoenenbourg (1),at 200 pm (12) pünktlich um 1400 (10) um 1400 uhr (10) départ 14h00 précise (6) gros ouvrage maginot (5) ouvrage maginot hackenberg (5) 2019 at 200 (5) maginot hackenberg veckring (4) décembre 2019 départ (4) 2019 départ 14h00 (4)oti lalsace verte (9) lalsace verte oti (8) verte oti lalsace (8) retour retour retour (6) alsace destination tourisme (5) politique protection données (4) fort schoenenbourg ligne (3) schoenenbourg ligne maginot (3) protection données caractère (3) données caractère personnel (3)casemate dinfanterie double (11) casemate dinfanterie simple (10) visiter ligne maginot (4) ouvrage dinfanterie département (3) mortier 81 mm (2) position dartillerie préparée (2) blockhaus arme infanterie (2) régiment dinfanterie forteresse (2) louvrage dartillerie michelsberg (2) cloches gfm deux (2)alsace ligne maginot (1) ligne maginot fort (1) maginot fort schoenenbourg (1),hackenberg (0.46) 2019 (0.44) and (0.24) 00 (0.23) fort (0.22) ouvrage (0.22) der (0.18) und (0.18) 14 (0.16) maginot (0.15) 2020 (0.14) at (0.14) sie (0.14) um (0.14) pm (0.13) samedi (0.13) to (0.13) décembre (0.12) saturday (0.12) uhr (0.12) 2018 (0.11) gros (0.11) ist (0.11) précise (0.11) pünktlich (0.11) the (0.11) veckring (0.11) august (0.10) départ (0.10) samstag (0.10)alsace (0.76) oti (0.20) verte (0.20) retour (0.17) visite (0.17) données (0.15) fort (0.15) km (0.15) ligne (0.15) maginot (0.15) tourisme (0.15) destination (0.13) groupes (0.11) mail (0.11) newsletter (0.11) politique (0.11) schoenenbourg (0.11) 2025 (0.09) hunspach (0.09) partager (0.09) protection (0.09) toute (0.09) accessible (0.07) caractère (0.07) carte (0.07) forts (0.07) français (0.07) personnel (0.07) sites (0.07) tout (0.07)ouvrage (0.56) infanterie (0.46) casemate (0.32) artillerie (0.31) maginot (0.20) ligne (0.19) abri (0.15) département (0.13) fort (0.13) simple (0.13) double (0.12) 1940 (0.11) visite (0.11) deux (0.10) entre (0.10) hommes (0.10) blockhaus (0.08) forteresse (0.07) nom (0.07) nord (0.07) pc (0.07) rif (0.07) sud (0.07) découvrir (0.06) michelsberg (0.06) ouvrages (0.06) poste (0.06) saint (0.06) secteur (0.06) 57330 (0.05)alsace (0.45) fort (0.45) ligne (0.45) maginot (0.45) schoenenbourg (0.45),{Pas de fait important},"- ""la construction débuta en 1930.""
- ""Der Bunker, erbaut zwischen 1929-1935, ist eine der grössten Festungsanlagen der « Maginotlinie ».""
- ""partez pour 2 heures de visite extraordinaire et découvrez un univers souterrain à pied et en petit train !""
- ""in 2,5 Std dauernden Führungen.""
- ""FERMETURE EXCEPTIONNELLE DU LUNDI 28 AOUT AU JEUDI 31 AOUT 2023""
- ""A PARTIR DE JUILLET 2025 l'association AMIFORT fête ses 50 ans d'existence et les 50 années de sauvegarde et d'ouverture au public du plus gros ouvrage de la Ligne Maginot LE HACKENBERG.""
- ""En 2022, VENEZ PRENDRE LE TRAIN DE L'HISTOIRE à l'Ouvrage du Hackenberg pour des visites intimistes.""
- ""et nous sommes ouvert 7 jours sur 7 jusqu'au 13 novembre.""
- ""La Lorraine [...] la construction de la plus importante fortification de ce XXème siècle..la Ligne Maginot.""
- ""Cette phrase a une résonnance toute particulière alors qu'une Guerre et des combats se déroulent aux portes de l'Europe.""
- ""Le train de l'histoire En 2022 [...] jusqu'au 13 novembre.""
- ""Nous sommes ouvert 7 jours sur 7 jusqu'au 13 novembre.""
- ""A PARTIR DE JUILLET 2025 [...] 50 ans d'existence et les 50 années de sauvegarde.""
- ""En janvier 2019 [...]""
- ""la visite commence par une présentation générale de la ligne Maginot en extérieur, puis conduit de l'entrée aux secteurs logistiques (usine, casernement, etc) jusqu'au bloc 2...""
- ""Au total le fort pouvait accueillir jusqu’à 630 hommes.""
- ""Nous sommes ouvert 7 jours sur 7 jusqu'au 13 novembre.""
- ""en 2 heures à travers de vastes galeries.""",ligne maginot visite,"Le Fort Hackenberg de Thionville : le géant de la ligne Maginot - SNCF Connect Aller au contenu principal Voyager Voyager Voyager Fermer Tout pour voyager Réserver Réserver Billets de train Voyages en bus Trajets en covoiturage Location de voiture Hôtels Taxi/VTC Bons plans Bons plans Voyages en groupe Voyages pro Enfant voyageant seul Informations Informations Horaires en gare Info trafic Handicap et accessibilité Tous les transporteurs Tous les services Nos réponses à vos questions Guide de voyage Guide de voyage Où voyager en France, en Europe Voyager selon vos envies Billets Billets Billets Fermer Voir vos billets et titres Vos voyages Vos voyages Tous vos voyages Importer un voyage Compensation en cas de retard Faire une réclamation Modifier un voyage Assurance Allianz Vos cartes et abonnements Vos cartes et abonnements Importer une carte ou abonnement Acheter une carte ou abonnement Compléter votre voyage Compléter votre voyage Louer une voiture Réserver un hôtel Réserver un Taxi/VTC Transports urbains Restauration à bord TGV INOUI Restauration à bord INTERCITES Tous les services Offres Offres Offres Fermer Parcourir toutes les offres Cartes et abonnements SNCF Cartes et abonnements SNCF Carte Avantage Jeune Carte Avantage Adulte Carte Avantage Senior Carte Liberté Abonnement MAX ACTIF Abonnement MAX JEUNE Toutes les cartes et abonnements Offres régionales Offres régionales TER Auvergne-Rhône-Alpes TER Hauts de France LiO Train Occitanie TER Nouvelle-Aquitaine Titres Île-de-France Mobilités Consulter les offres régionales Offres urbaines Offres urbaines Avignon – Réseau Orizo Caen – Réseau Twisto Montbéliard – Réseau évolitY Perpignan – Réseau Sankéo Sophia Antipolis – Réseau Envibus Tours – Réseau Fil Bleu Consulter les offres urbaines Services Services Louer une voiture Réserver un hôtel Réserver un Taxi/VTC Assurer votre voyage Livraison de bagages Transport de véhicules Restauration à bord Domicile + Train Tous les services Compte Compte Compte Fermer Accéder à votre compte Vos espaces Vos espaces Se connecter Se créer un compte Espace MAX JEUNE Espace MAX SENIOR Communauté SNCF Connect Vos informations Vos informations Vos informations personnelles Cartes et programmes de fidélité Vos achats Vos moyens de paiement Compagnons de voyage Aide et légal Aide et légal Charte de confidentialité Conditions générales d'utilisation Compensation en cas de retard Aide en ligne Contacts Le Fort Hackenberg de Thionville : le géant de la ligne Maginot Accueil A voir, à faire Le Fort Hackenberg de Thionville : le géant de la ligne Maginot Visiter le Fort du Hackenberg, c’est se plonger dans l’histoire de l’ouvrage le plus important de la ligne Maginot. Cuisine, centrale électrique, magasin à munitions, un guide passionné vous emmène à la découverte de ce monde sous-terrain. Passionnant ! Réserver un billet de train Réserver un billet de train Rechercher Annuler En Moselle, à 15km de la frontière allemande , ne manquez pas de visiter l’ouvrage du Hackenberg et ses impressionnantes galeries. >> Prenez vos billets de train pour Thionville © iStock-louismc Le Fort Hackenberg de Thionville : Un ouvrage unique Devoir de mémoire Musée sous-terrain © iStock-GokcenTUNC Un ouvrage unique Construit en 1929 et 1935, le fort du Hackenberg fut le prototype des ouvrages d’artillerie de la ligne Maginot, la ligne de défense fortifiée qui protégeait les frontières du nord-est de la France. 10km de galeries, 17 blocs de combat, cet ouvrage était un véritable bijou de technologie. Jusqu’à 1200 hommes de troupe se relayaient dans ses immenses sous-terrains. Découvrez leur quotidien ! © iStock-jojoo64 Devoir de mémoire Embarquez dans le métro du Hackenberg pour un voyage dans le temps et dans l’histoire. Ce train d’époque vous transporte d’un bloc de combat à un autre. Pour vous guider, un membre de l’association qui oeuvre au quotidien pour faire vivre ce lieu. Pendant 2h30, il vous livre tous les secrets de cette fortification et ne manque pas d’anecdotes sur la vie dans ces sous-terrains. Musée sous-terrain Découvrez des installations d’origine en parfait état de fonctionnement. Le fort avait sa propre usine électrique ! Dans l’imposant bloc 9, assistez à la démonstration du fonctionnement de sa tourelle d’artillerie de 163 tonnes. Impressionnant. Cuisine, infirmerie, de nombreuses salles ont été reconstituées à l’identique pour une immersion totale. Un cours d’histoire pour petits (à partir de 8 ans) et pour grands ! Bon à savoir : prévoyez une petite laine car la température dans les galeries est fraîche. Gros Ouvrage du Hackenberg Route Militaire 57920 Veckring France 03 82 82 30 08 Horaire d'ouverture : Visite à 14h30 du lun à vend, sam à 9h30 et de 14h à 15h30 et dim et jours fériés de 14h à 15h30. De mi-juil à août, de lun à vend de 14h15 à 14h45, de mar au sam à 9h30 et les week-end et jours fériés, de 14h à 15h30. De mi-nov à mars, merc et sam à 14h Infos prix : Gratuit pour les moins de 3 ans Comment s'y rendre ? Bus 107 depuis Thionville Cet article vous a plu ? Partagez-le ! Facebook WhatsApp X, formerly Twitter Pinterest Mail Philippe  Trzebiatowski Journaliste et blogueur 21/09/2021 Nos engagements Meilleurs prix garantis Paiement sécurisé Contact 7j/7 Service client de l'année 2025 Moyens de paiement Infos et conditions Paiement en Chèque-Vacances Connect Infos et conditions de paiement avec les cartes Ayvens, Betterway, Pluxee ou RoadMate Choix du pays Langue France Langue Belgique België Belgium Deutschland España France Italia Luxembourg Nederland Suisse Schweiz Switzerland Other regions and countries Nos partenaires Inscrivez-vous à notre newsletter et profitez des meilleurs bons plans Suivez-nous ! L'entreprise Conditions de présentation des offres sur le site Conditions générales de vente Droits des voyageurs ferroviaires et Règlement européen n°2021/782 Informations légales Charte de confidentialité et cookies Gestion des cookies Partenariat Régie publicitaire Devenir partenaire ou affilié Widget SNCF Connect Sites du groupe Site SNCF Connect & Tech Espace Presse SNCF Connect & Tech Carrières SNCF Connect & Tech Le compte des agents SNCF Groupe-sncf.com Emploi Groupe SNCF Vous informer Aide Contactez-nous Vos billets Communauté SNCF Connect Plan du site SNCF Connect Guide du voyageur Franchissement frontière Handicap & mobilité réduite Nos services pour les voyageurs PSH/PMR Tout savoir sur le service d'assistance en gare Accessibilité numérique : conformité partielle Fonctionnalités d'accessibilité de nos applications mobiles Les autres services d'assistance en Europe Transporteurs TGV INOUI OUIGO TER BlaBlaCar Bus FlixBus BlaBlaCar INTERCITES LYRIA EUROSTAR TGV INOUI vers Bruxelles DB SNCF Voyageurs en coopération TGV INOUI vers l'Espagne TGV INOUI vers l'Italie TGV INOUI vers le Luxembourg TGV INOUI vers Fribourg Itinéraires populaires Train Paris Bordeaux Train Paris Marseille Train Bordeaux Paris Train Paris Lyon Train Paris Bruxelles Train Paris Strasbourg Train Paris Toulouse Train Toulouse Paris Train Lyon Paris Train Paris Amsterdam Train Paris Lille Train Nantes Paris Train Paris Genève Train Paris Barcelone Train Paris Nantes Trajets Transporteurs TGV INOUI Lille-Paris TGV INOUI Lyon-Paris TGV INOUI Paris-Nice TGV INOUI Marseille-Paris TGV INOUI Paris-Nantes OUIGO Fleury-les-Aubrais-Paris OUIGO Paris-Fleury-les-Aubrais OUIGO Rennes-Paris OUIGO Marseille-Lyon OUIGO Nantes-Paris TER Paris-Trouville Deauville TER Trouville Deauville-Paris TER Paris-Le Mans TER Le Mans-Paris TER Nice-Cannes : horaires et billets Top destinations Train France Train Paris Train Lyon Train Bordeaux Train Strasbourg Train Nantes Train Marseille Train Lille Train Marne-la-Vallée Chessy (Disneyland® Paris) Train Amsterdam Train Londres Train Barcelone Train Rennes Train Italie Train Suisse Nos applications mobiles","Le Fort Hackenberg de Thionville : le géant de la ligne Maginot
Réserver un billet de train
Le Fort Hackenberg de Thionville :
Un ouvrage unique
Devoir de mémoire
Musée sous-terrain"
les quais de seine,"
- Découvrez les plus beaux spots le long des quais de Seine à Paris
- Balade insolite le long des quais de Seine à Paris
- Guide des meilleurs endroits sur les quais de Seine à Paris",lieux insolites (6) faire paris (4) jardin sauvage (4) quais seine (3) paris zigzag (3) bar restaurant (3) berges seine (3) maison maison (3) meilleurs spots (2) spots quais (2)plus dinfos (31) paris 1er (9) musée ouvert (7) alexandre iii (7) visite guidée (6) musée dorsay (6) pont arts (6) pont neuf (6) 1er plus (6) pont alexandre (6)quai seine (18) modifier modifier (10) modifier code (10) bassin villette (8) déplacer vers (4) vers barre (4) barre latérale (4) latérale masquer (4) rue crimée (4) arrondissement paris (4)quais seine (6) vedettes paris (5) meilleurs spots (4) spots quais (4) croisière guidée (4) café vedettes (4) liens utiles (4) apéro entre (4) entre amis (4) paris croisière (3),meilleurs spots quais (2) spots quais seine (2) faire paris toutes (2) paris toutes idées (2) toutes idées sorties (2) paris lieux insolites (2) famille tops faire (2) tops faire paris (2) faire paris visites (2) paris visites insolites (2)paris 1er plus (6) 1er plus dinfos (6) pont alexandre iii (6) plus dinfos musée (5) city pass officiel (4) parc rives seine (4) balade long seine (3) paris taime office (3) taime office tourisme (3) visiteurs convention bureau (3)modifier modifier code (10) déplacer vers barre (4) vers barre latérale (4) barre latérale masquer (4) 19e arrondissement paris (3) faire don créer (2) don créer compte (2) créer compte connecter (2) bâtiments remarquables lieux (2) remarquables lieux mémoire (2)meilleurs spots quais (4) spots quais seine (4) apéro entre amis (4) liens utiles croisière (3) croisière guidée nouveau (2) guidée nouveau regard (2) nouveau regard paris (2) regard paris croisière (2) vedettes paris tootbus (2) croisière musicale apéro (2),paris (0.60) insolites (0.26) seine (0.26) quai (0.23) quais (0.23) lieux (0.20) maison (0.20) insolite (0.17) cette (0.14) faire (0.14) plus (0.14) restaurant (0.14) tout (0.14) zigzag (0.14) avant (0.11) bar (0.11) jardin (0.11) plein (0.11) port (0.11) publication (0.11) sauvage (0.11) terrasse (0.11) tous (0.11) toutes (0.11) bien (0.09) côté (0.09) face (0.09) javelle (0.09) newsletter (0.09) puis (0.09)paris (0.72) plus (0.27) pont (0.27) infos (0.24) quai (0.22) musée (0.19) seine (0.18) voir (0.17) palais (0.13) saint (0.12) île (0.12) jardin (0.09) arts (0.09) orsay (0.09) place (0.09) découvrir (0.08) long (0.07) rive (0.07) rue (0.07) 1er (0.06) exposition (0.06) balade (0.06) beaux (0.06) france (0.06) ouvert (0.06) pass (0.06) via (0.06) alexandre (0.05) réserver (0.05) vélo (0.05)quai (0.41) seine (0.41) modifier (0.40) paris (0.29) code (0.23) rue (0.23) villette (0.20) bassin (0.18) articles (0.16) portail (0.16) article (0.13) liés (0.13) france (0.11) page (0.11) saint (0.11) voir (0.11) arrondissement (0.09) cette (0.09) commons (0.09) crimée (0.09) historique (0.09) masquer (0.09) nom (0.09) place (0.09) route (0.09) wikimedia (0.09) 19 (0.07) canal (0.07) lien (0.07) vers (0.07)seine (0.36) apéro (0.34) croisière (0.34) paris (0.34) quai (0.26) vedettes (0.23) croisières (0.21) quais (0.21) endroit (0.16) lieu (0.16) spots (0.16) vue (0.16) espaces (0.13) meilleurs (0.13) moment (0.13) saint (0.13) amis (0.10) café (0.10) entre (0.10) guidée (0.10) liens (0.10) paramètres (0.10) parfait (0.10) plein (0.10) plus (0.10) poser (0.10) situé (0.10) utiles (0.10) visite (0.10) confidentialité (0.08),"- Les quais de Seine disposent de pistes cyclables sécurisées, favorisant les déplacements écologiques et offrant aux visiteurs la possibilité de découvrir Paris à vélo.
- Les berges de la Seine accueillent régulièrement des événements culturels et sportifs, tels que des festivals de musique, des courses de croisières et des expositions en plein air.
- Plusieurs œuvres d'art contemporain sont installées le long des quais, enrichissant le paysage culturel parisien et attirant les amateurs d'art.
- Les quais abritent de nombreux espaces verts et jardins publics, offrant des havres de paix au cœur de la ville et contribuant à la biodiversité urbaine.
- Historiquement, les quais de Seine ont joué un rôle crucial dans le développement économique de Paris en tant que voie de commerce fluvial depuis l'époque médiévale.","- ""en partie grâce à leur piétonnisation.""
- ""sur l’un de ses 3 niveaux.""
- ""Formules déjeuner 19-23 €, assiettes 8-12 €, desserts 7-8 €.""
- ""sa terrasse de 450m2 exposée plein sud.""
- ""une salle de spectacles de 117 places.""
- ""certains bâtiments mesurent 850 m de long et 12 m de large.""
- ""le parc Rives de Seine... Long de 2,3 km, il s’étend sur 10 hectares.""
- ""90 000 feuilles d’or mat ont été nécessaire pour les recouvrir.""
- ""grimper les 1665 marches pour monter jusqu’à son sommet.""
- ""Création 1829.""
- ""Dénomination 1857.""
- ""decret du 23 mai 1863.""
- ""le 23 mars 1918.""
- ""l’ancienne voie Georges Pompidou pour profiter du parc Rives de Seine qui, depuis quelques années...""
- ""un pont avec ses pylônes de 17 mètres de haut.""
- ""installée lors de l'Exposition Universelle de 1889.""
- ""grimper les 1665 marches pour monter jusqu’à son sommet.""",les quais de seine,"Balade romantique sur les quais de Seine - SNCF Connect Aller au contenu principal Voyager Voyager Voyager Fermer Tout pour voyager Réserver Réserver Billets de train Voyages en bus Trajets en covoiturage Location de voiture Hôtels Taxi/VTC Bons plans Bons plans Voyages en groupe Voyages pro Enfant voyageant seul Informations Informations Horaires en gare Info trafic Handicap et accessibilité Tous les transporteurs Tous les services Nos réponses à vos questions Guide de voyage Guide de voyage Où voyager en France, en Europe Voyager selon vos envies Billets Billets Billets Fermer Voir vos billets et titres Vos voyages Vos voyages Tous vos voyages Importer un voyage Compensation en cas de retard Faire une réclamation Modifier un voyage Assurance Allianz Vos cartes et abonnements Vos cartes et abonnements Importer une carte ou abonnement Acheter une carte ou abonnement Compléter votre voyage Compléter votre voyage Louer une voiture Réserver un hôtel Réserver un Taxi/VTC Transports urbains Restauration à bord TGV INOUI Restauration à bord INTERCITES Tous les services Offres Offres Offres Fermer Parcourir toutes les offres Cartes et abonnements SNCF Cartes et abonnements SNCF Carte Avantage Jeune Carte Avantage Adulte Carte Avantage Senior Carte Liberté Abonnement MAX ACTIF Abonnement MAX JEUNE Toutes les cartes et abonnements Offres régionales Offres régionales TER Auvergne-Rhône-Alpes TER Hauts de France LiO Train Occitanie TER Nouvelle-Aquitaine Titres Île-de-France Mobilités Consulter les offres régionales Offres urbaines Offres urbaines Avignon – Réseau Orizo Caen – Réseau Twisto Montbéliard – Réseau évolitY Perpignan – Réseau Sankéo Sophia Antipolis – Réseau Envibus Tours – Réseau Fil Bleu Consulter les offres urbaines Services Services Louer une voiture Réserver un hôtel Réserver un Taxi/VTC Assurer votre voyage Livraison de bagages Transport de véhicules Restauration à bord Domicile + Train Tous les services Compte Compte Compte Fermer Accéder à votre compte Vos espaces Vos espaces Se connecter Se créer un compte Espace MAX JEUNE Espace MAX SENIOR Communauté SNCF Connect Vos informations Vos informations Vos informations personnelles Cartes et programmes de fidélité Vos achats Vos moyens de paiement Compagnons de voyage Aide et légal Aide et légal Charte de confidentialité Conditions générales d'utilisation Compensation en cas de retard Aide en ligne Contacts Balade romantique sur les quais de Seine Accueil A voir, à faire Paris Balade romantique sur les quais de Seine Paris est l’une des villes les plus romantiques du monde. Que diriez-vous d’une balade en amoureux, main dans la main, sur les quais de la Seine ? Du pont Alexandre III au pont de Tolbiac, suivez les rives de la Seine classées à l’UNESCO. Réserver un billet de train Réserver un billet de train Rechercher Annuler Sommaire Détente au pont Alexandre III 7ème Art au pont des Arts Un peu d’Histoire au Pont Neuf Calme et volupté sur l'Île de la Cité Pont et île Saint-Louis Pont Marie et Pont de Sully Sous le quai Saint-Bernard Le quai d'Austerlitz Pont de Tolbiac et le quartier de Bercy © NoSystem images Détente au pont Alexandre III Commençons par le pont Alexandre III, l’un des plus beaux de Paris. Symbole de l’amitié franco-russe, il a été inauguré lors de l’exposition universelle de 1900. C’est lors de cette même occasion que le Grand Palais et le Petit Palais ont été construits, à deux pas du pont. Les Invalides Sur l’autre rive se dresse un bâtiment non moins emblématique de Paris : les Invalides et leur célèbre dôme doré. Une pause sur une péniche En descendant les marches pour vous rendre sur les quais, prenez un instant pour admirer la vue du pont lui-même. Profitez-en pour boire un verre sur l’une des péniches-bar accostées ici, comme le Rosa Bonheur. Le coin est particulièrement accueillant : quelques péniches pour siroter un cocktail, les quais pour se promener ou faire du sport, les petits cafés dans les arches et des bancs originaux. Pont des Arts, Paris - © Istock - anyaivanova 7ème Art au pont des Arts ""Insaisissable"", ""La Mémoire dans la peau"", ""le Diable s’habille en Prada"", ""Le Fabuleux Destin d’Amélie Poulain""… On ne compte plus les films dans lesquels le pont des Arts apparaît. Films, chansons, tableaux, poèmes… Il inspire les artistes et les amoureux. Si on ne devait citer qu’un seul pont romantique à Paris, ce serait bien celui-ci. Une photo mais pas de cadenas Jusqu’en 2016, les tourtereaux y accrochaient un cadenas avec leurs initiales afin de symboliser leur amour pour la vie. Cette pratique n’est plus possible aujourd’hui pour des raisons de sécurité (le pont s'alourdissait) mais le lieu garde de son romantisme . Alors impossible de repartir sans une photo en amoureux pour immortaliser ce moment ! Le Palais du Louvre rive droite Profitez-en ensuite pour faire tour rive droite, au Palais du Louvre. Sa cour carrée, la pyramide, sa galerie commerciale et le musée méritent évidement la visite. Les galeries de la rive gauche Après ce petit cocon, direction la rive gauche où de nombreuses galeries d’art et antiquaires n’attendent que vous. © iStock-anyaivanova Un peu d’Histoire au Pont Neuf Le pont ""Neuf"" tire son nom de son originalité architecturale pour l’époque : un pont découvert, sans habitations, avec des trottoirs. Les bouquinistes rive gauche Prenez votre temps pour flâner chez les bouquinistes , devant l’institut de France, la bibliothèque Mazarine et la Monnaie de Paris. La statue d'Henri IV Traversez le plus vieux pont de Paris où se trouve la statue équestre d’Henri IV . Les quais de la Seine, vue sur l'île de la Cité, Paris - © Istock - RossHelen Calme et volupté sur l’Ile de la Cité Sur l’île de la Cité, descendez au square du Vert Galant pour une vraie pause au bord de l’eau . La place Dauphine Une fois reposés, découvrez une place semblable à celle d’un village : la place Dauphine . L'Île de la Cité Depuis la Seine, la Conciergerie est imposante. Juste à côté se trouve la Sainte-Chapelle et en face d'elle, la célèbre Cathédrale Notre Dame... Couple en balade, Paris - © iStock - kupicoo Pont et île Saint-Louis En sortant du jardin de la cathédrale, le fameux square Jean XXIII , un nouveau pont vous attend : le pont Saint-Louis , qui mène à l’île éponyme. Une glace chez Berthillon Promenez-vous au gré de vos envies jusqu’au centre de l’île. Là, vous trouverez l’un des glaciers les plus célèbres de Paris, Berthillon . Il propose des glaces et sorbets aussi bons qu’étonnants. Alors, une petite pause gourmande et c’est reparti ! La place des Vosges - © iStock - slowcentury Pont Marie et pont de Sully Repassez sur la rive droite pour un saut à la Cité internationale des arts . Place des Vosges, rive droite Si le cœur vous en dit, faites une pause place des Vosges , l’une des plus anciennes place de Paris et aussi l’une des plus belles. La place est le point de départ idéal pour découvrir le Marais , l’un des quartiers historiques les plus charmants de la capitale. Revenez ensuite vers la Seine pour suivre la voie Georges Pompidou jusqu’au Pavillon de l’Arsena l. L’Institut du monde arabe rive gauche Ensuite empruntez le pont de Sully, vous retraversez l’île Saint-Louis jusqu’à Rive gauche où se trouve l’ Institut du monde arabe . N'hésitez pas à utiliser son observatoire panoramique ! Jardin des Plantes à Paris - © Istock - Nikada Sous le quai Saint-Bernard Sur la rive gauche, tout un espace en bordure d’eau est réservé aux piétons . Main dans la main, savourez les espaces verts du jardin Tino Rossi et les petites places qui s’animent aux beaux jours pour faire place à la danse. Le Jardin des Plantes En continuant vers le sud, le Jardin des Plantes avec ses serres, sa ménagerie et son labyrinthe offre une pause bucolique. Viaduc d'Austerlitz et quais d'Austerlitz, Paris, France - © Istock - Leonid Andronov Le quai d’Austerlitz En restant sur la rive gauche, vous longez Les Docks, Cité de la Mode et du Design puis un peu plus loin, la Bibliothèque Nationale de France . La péniche piscine Joséphine Baker Tout un concept original : une piscine sur une péniche, qui vous permet de vous baigner non pas dans mais sur la Seine ! Les péniches-bars Le long du quai, de nombreuses péniches-bars sont amarrées. On peut y boire un verre, se restaurer ou même danser ! Cour Saint-Emilion à Paris - © Daniel Thierry / Photononstop Pont de Tolbiac et le quartier de Bercy Empruntez un dernier pont, le pont de Tolbiac, pour vous rendre dans le parc de Bercy . Bercy Village Adresse fétiche des amoureux, Bercy Village et ses restaurants en terrasse proches du parc de Bercy, avec son cinéma, vous permet de terminer la soirée en beauté. Cet article vous a plu ? Partagez-le ! Facebook WhatsApp X, formerly Twitter Pinterest Mail La Rédaction SNCF Connect 02/06/2024 Préparez votre séjour : Paris au départ de Marseille Lyon Lille Bordeaux 31 / 07 Dès 29 € (1) 01 / 08 Dès 39 € (1) 02 / 08 Dès 45 € (1) 03 / 08 Dès 46 € (1) 04 / 08 Dès 29 € (1) 05 / 08 Dès 25 € (1) Le moins cher 06 / 08 Dès 25 € (1) Le moins cher Vous aimerez aussi Fermer Voir tout Visite du Stade de France à Saint-Denis : le temple du sport et du spectacle Gare Montparnasse : les meilleures options de restauration Top 10 des plus belles promenades dans Paris : découvrez la capitale autrement Que faire dans le quartier Saint-Michel à Paris ? La Tour Eiffel, l’emblème national La culture à Paris pour les phobiques des musées Paris au fil des arrondissements Voyage pro à Paris :  Que faire dans la capitale entre deux rendez-vous ? Bio : Notre top 5 des meilleurs restaurants parisiens Top 5 des meilleurs restaurants de poissons à Paris Que faire autour de la place Dauphine à Paris ? Les meilleurs pubs irlandais de Paris Mentions légales (1) Voir les conditions des offres (1) Tarifs TTC, à partir de, pour une personne, pour un aller simple, en 2nd classe, sur une sélection de trains et de dates et sous réserve de disponibilité. Offres soumises à conditions d'échanges et de remboursement des transporteurs concernés à consulter lors de la commande. Paiement en ligne. Offres non cumulables avec d'autres promotions SNCF. Nos engagements Meilleurs prix garantis Paiement sécurisé Contact 7j/7 Service client de l'année 2025 Moyens de paiement Infos et conditions Paiement en Chèque-Vacances Connect Infos et conditions de paiement avec les cartes Ayvens, Betterway, Pluxee ou RoadMate Choix du pays Langue France Langue Belgique België Belgium Deutschland España France Italia Luxembourg Nederland Suisse Schweiz Switzerland Other regions and countries Nos partenaires Inscrivez-vous à notre newsletter et profitez des meilleurs bons plans Suivez-nous ! L'entreprise Conditions de présentation des offres sur le site Conditions générales de vente Droits des voyageurs ferroviaires et Règlement européen n°2021/782 Informations légales Charte de confidentialité et cookies Gestion des cookies Partenariat Régie publicitaire Devenir partenaire ou affilié Widget SNCF Connect Sites du groupe Site SNCF Connect & Tech Espace Presse SNCF Connect & Tech Carrières SNCF Connect & Tech Le compte des agents SNCF Groupe-sncf.com Emploi Groupe SNCF Vous informer Aide Contactez-nous Vos billets Communauté SNCF Connect Plan du site SNCF Connect Guide du voyageur Franchissement frontière Handicap & mobilité réduite Nos services pour les voyageurs PSH/PMR Tout savoir sur le service d'assistance en gare Accessibilité numérique : conformité partielle Fonctionnalités d'accessibilité de nos applications mobiles Les autres services d'assistance en Europe Transporteurs TGV INOUI OUIGO TER BlaBlaCar Bus FlixBus BlaBlaCar INTERCITES LYRIA EUROSTAR TGV INOUI vers Bruxelles DB SNCF Voyageurs en coopération TGV INOUI vers l'Espagne TGV INOUI vers l'Italie TGV INOUI vers le Luxembourg TGV INOUI vers Fribourg Itinéraires populaires Train Paris Bordeaux Train Paris Marseille Train Bordeaux Paris Train Paris Lyon Train Paris Bruxelles Train Paris Strasbourg Train Paris Toulouse Train Toulouse Paris Train Lyon Paris Train Paris Amsterdam Train Paris Lille Train Nantes Paris Train Paris Genève Train Paris Barcelone Train Paris Nantes Trajets Transporteurs TGV INOUI Lille-Paris TGV INOUI Lyon-Paris TGV INOUI Paris-Nice TGV INOUI Marseille-Paris TGV INOUI Paris-Nantes OUIGO Fleury-les-Aubrais-Paris OUIGO Paris-Fleury-les-Aubrais OUIGO Rennes-Paris OUIGO Marseille-Lyon OUIGO Nantes-Paris TER Paris-Trouville Deauville TER Trouville Deauville-Paris TER Paris-Le Mans TER Le Mans-Paris TER Nice-Cannes : horaires et billets Top destinations Train France Train Paris Train Lyon Train Bordeaux Train Strasbourg Train Nantes Train Marseille Train Lille Train Marne-la-Vallée Chessy (Disneyland® Paris) Train Amsterdam Train Londres Train Barcelone Train Rennes Train Italie Train Suisse Nos applications mobiles","Balade romantique sur les quais de Seine
Réserver un billet de train
Sommaire
Détente au pont Alexandre III
Les Invalides
Une pause sur une péniche
7ème Art au pont des Arts
Une photo mais pas de cadenas
Le Palais du Louvre rive droite
Les galeries de la rive gauche
Un peu d’Histoire au Pont Neuf
Les bouquinistes rive gauche
La statue d'Henri IV
Calme et volupté sur l’Ile de la Cité
La place Dauphine
L'Île de la Cité
Pont et île Saint-Louis
Une glace chez Berthillon
Pont Marie et pont de Sully
Place des Vosges, rive droite
L’Institut du monde arabe rive gauche
Sous le quai Saint-Bernard
Le Jardin des Plantes
Le quai d’Austerlitz
La péniche piscine Joséphine Baker
Les péniches-bars
Pont de Tolbiac et le quartier de Bercy
Bercy Village
Préparez votre séjour : Paris au départ deMarseilleLyonLilleBordeaux
Vous aimerez aussi
Mentions légales"
activités le touquet,"- Activités et loisirs à Le Touquet-Paris-Plage
- Découvrez les meilleures activités au Touquet-Paris-Plage
- Guide des activités à faire au Touquet-Paris-Plage",activités loisirs (5) côte dopale (4) office tourisme (3) tourisme touquetparisplage (3) touquetparisplage côte (3) voir plus (3) plus retour (3) tourisme daffaires (3) 30 résultats (3) paradis shopping (2)touquetparisplage favori (19) favori comparer (19) baie somme (19) km touquetparisplage (17) lieu loisirs (16) nature grand (12) grand air (12) côte dopale (8) loisirs plage (7) point information (6)touquet parisplage (145) 5 bulles (50) hôtels près (20) parisplage hôtels (18) près site (18) tripadvisor llc (16) plus avis (12) cet avis (12) avis lopinion (12) lopinion subjective (12)loisirs détente (4) côte dopale (4) office tourisme (3) tourisme touquetparisplage (3) touquetparisplage côte (3) voir plus (3) plus retour (3) tourisme daffaires (3) 41 résultats (3) touquetparisplage réservable (3)touquetparisplage réservable (8) réservable ligne (8) touquetparisplage partir (7) visite guidée (7) partir 05072025 (5) côte dopale (4) ligne 05072025 (4) 05072025 3 (4) office tourisme (3) tourisme touquetparisplage (3),office tourisme touquetparisplage (3) tourisme touquetparisplage côte (3) touquetparisplage côte dopale (3) voir plus retour (3) météo marées webcams (2) marées webcams contacter (2) séjourner activités loisirs (2) 13h00 14h00 18h00 (2) activités loisirs office (1) loisirs office tourisme (1)touquetparisplage favori comparer (19) km touquetparisplage favori (17) nature grand air (12) lieu loisirs plage (7) point information office (4) information office tourisme (4) trottinette électrique tout (4) électrique tout terrain (4) merlimont lieu loisirs (3) camiers lieu loisirs (3)touquet parisplage hôtels (18) hôtels près site (18) cet avis lopinion (12) avis lopinion subjective (12) lopinion subjective dun (12) subjective dun membre (12) dun membre tripadvisor (12) membre tripadvisor non (12) tripadvisor non lavis (12) non lavis tripadvisor (12)office tourisme touquetparisplage (3) tourisme touquetparisplage côte (3) touquetparisplage côte dopale (3) voir plus retour (3) touquetparisplage réservable ligne (3) météo marées webcams (2) marées webcams contacter (2) shopping loisirs détente (2) 13h00 14h00 18h00 (2) loisirs détente office (1)touquetparisplage réservable ligne (8) touquetparisplage partir 05072025 (5) réservable ligne 05072025 (4) office tourisme touquetparisplage (3) tourisme touquetparisplage côte (3) touquetparisplage côte dopale (3) voir plus retour (3) 3 visite guidée (3) météo marées webcams (2) marées webcams contacter (2),touquet (0.53) paris (0.49) plage (0.49) paradis (0.21) loisirs (0.19) tourisme (0.16) activités (0.14) côte (0.09) office (0.09) opale (0.09) 07 (0.07) 30 (0.07) affaires (0.07) bien (0.07) contacter (0.07) enfants (0.07) golf (0.07) ligne (0.07) météo (0.07) plus (0.07) retour (0.07) shopping (0.07) sports (0.07) suivez (0.07) séjourner (0.07) voir (0.07) être (0.07) caddy (0.05) services (0.05) site (0.05)plage (0.43) touquet (0.38) paris (0.33) baie (0.27) comparer (0.22) km (0.22) situé (0.21) somme (0.21) loisirs (0.20) favori (0.19) lieu (0.16) grand (0.15) air (0.14) nature (0.14) 10 (0.13) mer (0.13) 30 (0.10) plus (0.10) opale (0.09) vacances (0.09) étaples (0.09) activités (0.08) côte (0.08) entre (0.08) tout (0.08) wissant (0.08) end (0.07) location (0.07) terrain (0.07) électrique (0.07)touquet (0.55) plage (0.53) paris (0.49) avis (0.20) bulles (0.16) tripadvisor (0.15) hôtels (0.14) près (0.12) site (0.08) 2024 (0.07) km (0.07) plus (0.07) llc (0.05) part (0.04) visites (0.04) faire (0.04) non (0.04) très (0.04) activités (0.04) cet (0.04) france (0.04) membre (0.04) opinion (0.04) soumis (0.04) subjective (0.04) vérifications (0.04) écrit (0.04) contributions (0.04) casino (0.03) musées (0.03)touquet (0.53) plage (0.50) paris (0.48) paradis (0.22) loisirs (0.17) tourisme (0.17) détente (0.12) shopping (0.12) côte (0.10) ligne (0.10) office (0.10) opale (0.10) 41 (0.07) affaires (0.07) bien (0.07) contacter (0.07) météo (0.07) plus (0.07) presse (0.07) retour (0.07) réservable (0.07) suivez (0.07) voir (0.07) être (0.07) brochures (0.05) fermer (0.05) maison (0.05) marées (0.05) résultats (0.05) site (0.05)touquet (0.51) paris (0.44) plage (0.44) 2025 (0.31) 07 (0.29) 05 (0.14) ligne (0.14) paradis (0.14) réservable (0.12) guidée (0.11) partir (0.11) tourisme (0.11) visite (0.11) 06 (0.08) agenda (0.06) côte (0.06) exposition (0.06) loisirs (0.06) office (0.06) opale (0.06) shopping (0.06) art (0.05) bien (0.05) plus (0.05) recherche (0.05) rechercher (0.05) stages (0.05) suivez (0.05) séjourner (0.05) être (0.05),"- Présentation des principales plages du Touquet, telles que la plage du Touquet, Plage de Dannes et Plage de Merlimont, idéales pour les activités nautiques et les promenades.
- Informations sur les événements annuels, comme les Rallyes automobiles et le Festival du Cinéma, qui attirent de nombreux visiteurs.
- Description des parcs naturels alentours, notamment le Parc Nature Baie de Canche et ses sentiers de randonnée offrant des paysages variés.
- Présentation des activités sportives disponibles, telles que le golf, le tennis, et les sports de voile, adaptées à tous les niveaux.
- Informations sur les visites culturelles, y compris le Musée du Touquet-Paris-Plage - Édouard Champion et les sites historiques locaux.","- ""Le Touquet-Paris-Plage vous accueille tout au long de l’année, de janvier à décembre.""
- ""Nous n'avons pas fait la montée.""
- ""Le Caddy est à 100 ans !""
- ""Les moniteurs diplômés de Bed&Kite vous amène sur la Baie de Wissant et notamment à la… Situé à 41 km du Touquet-Paris-Plage.""
- ""Le Musée du Touquet-Paris-Plage - Édouard Champion plonge le visiteur dans l’art de la modernité depuis la fin du XIXe siècle jusqu’à nos jours.""
- ""Les règles de confidentialité et les conditions d'utilisation de Google s'appliquent.""
- ""À 23 km Boulogne-sur-Mer.""
- ""À partir du 07/07/2025.""
- ""Prix d'accès dérisoire.""
- ""Les échappées nocturnes sont disponibles à partir de 69€ par groupe.""",activités le touquet,"5 activités insolites à faire au Touquet - SNCF Connect Aller au contenu principal Voyager Voyager Voyager Fermer Tout pour voyager Réserver Réserver Billets de train Voyages en bus Trajets en covoiturage Location de voiture Hôtels Taxi/VTC Bons plans Bons plans Voyages en groupe Voyages pro Enfant voyageant seul Informations Informations Horaires en gare Info trafic Handicap et accessibilité Tous les transporteurs Tous les services Nos réponses à vos questions Guide de voyage Guide de voyage Où voyager en France, en Europe Voyager selon vos envies Billets Billets Billets Fermer Voir vos billets et titres Vos voyages Vos voyages Tous vos voyages Importer un voyage Compensation en cas de retard Faire une réclamation Modifier un voyage Assurance Allianz Vos cartes et abonnements Vos cartes et abonnements Importer une carte ou abonnement Acheter une carte ou abonnement Compléter votre voyage Compléter votre voyage Louer une voiture Réserver un hôtel Réserver un Taxi/VTC Transports urbains Restauration à bord TGV INOUI Restauration à bord INTERCITES Tous les services Offres Offres Offres Fermer Parcourir toutes les offres Cartes et abonnements SNCF Cartes et abonnements SNCF Carte Avantage Jeune Carte Avantage Adulte Carte Avantage Senior Carte Liberté Abonnement MAX ACTIF Abonnement MAX JEUNE Toutes les cartes et abonnements Offres régionales Offres régionales TER Auvergne-Rhône-Alpes TER Hauts de France LiO Train Occitanie TER Nouvelle-Aquitaine Titres Île-de-France Mobilités Consulter les offres régionales Offres urbaines Offres urbaines Avignon – Réseau Orizo Caen – Réseau Twisto Montbéliard – Réseau évolitY Perpignan – Réseau Sankéo Sophia Antipolis – Réseau Envibus Tours – Réseau Fil Bleu Consulter les offres urbaines Services Services Louer une voiture Réserver un hôtel Réserver un Taxi/VTC Assurer votre voyage Livraison de bagages Transport de véhicules Restauration à bord Domicile + Train Tous les services Compte Compte Compte Fermer Accéder à votre compte Vos espaces Vos espaces Se connecter Se créer un compte Espace MAX JEUNE Espace MAX SENIOR Communauté SNCF Connect Vos informations Vos informations Vos informations personnelles Cartes et programmes de fidélité Vos achats Vos moyens de paiement Compagnons de voyage Aide et légal Aide et légal Charte de confidentialité Conditions générales d'utilisation Compensation en cas de retard Aide en ligne Contacts 5 activités insolites à faire au Touquet Accueil A voir, à faire Le Touquet-Paris-Plage 5 activités insolites à faire au Touquet De la pirogue, de la glisse, des dégustations de plantes… Le Touquet ne manque pas d’arguments pour vous faire vivre un séjour hors-norme. Voici un petit panel d’activités qui vous donnera envie d'aller découvrir la station balnéaire la plus chic de la Côte d’Opale. Réserver un billet de train Réserver un billet de train Rechercher Annuler Sommaire Découvrir la baie de Canche en pirogue S'initier au wakeboard sur le front de mer du Touquet Goûter les spécialités du Touquet Visiter le Touquet-Paris-Plage en segway Faire une sortie pêche en mer au large du Touquet Le Touquet-Paris-Plage, Hauts de France - © Antoine Dellenbach - Istock Découvrir la baie de Canche en pirogue Le Touquet-Paris-Plage se trouve à l’embouchure de la baie de Canche , une réserve naturelle où se rejoignent la mer et les eaux douces au milieu d’environ 600 espèces végétales. Histoire de découvrir cet espace sans gêner les espèces qui y vivent - à commencer par les sangliers, les chevreuils ou les blaireaux – pourquoi ne pas emprunter ses rivages en pirogue ? Jusqu’à onze par embarcation et en compagnie d’un guide, vous pourrez voguer pendant deux heures dans un cadre sauvage. Et qui sait, peut-être apercevrez-vous les phoques veaux-marins qui se prélassent parfois dans les bancs de sable de l’estuaire ? Pour plus d’infos, contactez le Centre Nautique de la Baie de Canche au 03 21 05 33 51. Le wakeboard, des sensations incomparables... - © Istock - Silvrshootr S’initier au wakeboard sur le front de mer Entre les mois d’avril et octobre, un bassin de 25 mètres de large et 100 mètres de long s’impose sur le front de mer du Touquet. Ouvert à tous dès l’âge de huit ans, il se destine exclusivement à la pratique du wakeboard . « Du quoi ? », demandent déjà certains. Pour les novices, le wakeboard est un sport de glisse qui consiste à se tenir debout sur une planche de surf tout en étant tracté par un téléski nautique. Débutant ou expert, vous pourrez bénéficier des conseils d’un coach pour parfaire votre technique… ou plus simplement pour garder la tête hors de l’eau ! Mais qu’importe votre niveau, l’important reste de prendre du plaisir. Plus d’infos au 03 21 05 33 51. Salicornes - © Istock - Clubfoto Goûter les spécialités du Touquet De retour dans la baie de Canche , voilà une petite balade qui devrait donner le sourire aux plus gourmands. Si les noms de « salicorne », « aster maritime » ou « obione » ne vous disent rien, on parie que ce ne sera plus le cas après cette visite à pied de la baie. En compagnie d’un guide, vous apprendrez à reconnaître ces plantes comestibles, à les cueillir et surtout, à les préparer ! Petit plus : une dégustation vient conclure cette visite de deux heures où le port des bottes se révèle rapidement indispensable. Pour plus d’infos, contactez l’office de tourisme du Touquet au 03 21 06 72 00. Balade en segway - © Istock - Jordi Ramisa Visiter le Touquet-Paris-Plage en segway Décidément, les Segway sont partout ! L’agence Mobilboard située en face de l’Aqualud vous propose de découvrir la ville monté sur l’un de ces gyropodes. Une façon amusante d’arpenter aussi bien les rues, le front de mer que les bois environnants. Différents parcours sont proposés, du « Sensation » pour apprendre à maîtriser son Segway, au parcours « Aventure » pour tout connaître du Touquet et ses alentours. © Istock - Fmajor Faire une sortie pêche en mer au large du Touquet Il serait presque dommage de côtoyer autant la mer sans finir par prendre le grand large, non ? Cela tombe plutôt bien, Dédé vous emmène sur son bateau pour une journée (ou demi-journée) de pêche en mer . Ce pêcheur confirmé vous apportera tous ses conseils et son savoir-faire. Vous avez oublié votre canne à pêche chez vous ? Pas d’inquiétude, les cannes sont fournies et les leurres, mitraillettes et appâts sont vendus à bord. Pensez juste à prendre des vêtements chauds et vous serez parés pour quelques belles prises ! Renseignements au 06 12 64 00 18. Comment aller au Touquet-Paris-Plage en train La gare d'Etaples - Le Touquet se trouve à Etaples, sur l'autre rive de la Canche. Pour vous rendre en centre-ville du Touquet-Paris-Plage facilement depuis la gare, la navette « Caddy express » de 8 places est à votre disposition. La réservation de la navette se fait uniquement en ligne ou à l’Office de tourisme du Touquet. >> Réserver vos billets de train pour le Touquet-Paris-Plage Cet article vous a plu ? Partagez-le ! Facebook WhatsApp X, formerly Twitter Pinterest Mail La Rédaction SNCF Connect 27/05/2025 Vous aimerez aussi Fermer Voir tout 5 adresses gourmandes au Touquet-Paris-Plage 5 raisons de découvrir le Touquet-Paris-Plage Itinéraire sur la Côte d’Opale Le Touquet romantique et secret Le Touquet-Paris-Plage en famille Nos engagements Meilleurs prix garantis Paiement sécurisé Contact 7j/7 Service client de l'année 2025 Moyens de paiement Infos et conditions Paiement en Chèque-Vacances Connect Infos et conditions de paiement avec les cartes Ayvens, Betterway, Pluxee ou RoadMate Choix du pays Langue France Langue Belgique België Belgium Deutschland España France Italia Luxembourg Nederland Suisse Schweiz Switzerland Other regions and countries Nos partenaires Inscrivez-vous à notre newsletter et profitez des meilleurs bons plans Suivez-nous ! L'entreprise Conditions de présentation des offres sur le site Conditions générales de vente Droits des voyageurs ferroviaires et Règlement européen n°2021/782 Informations légales Charte de confidentialité et cookies Gestion des cookies Partenariat Régie publicitaire Devenir partenaire ou affilié Widget SNCF Connect Sites du groupe Site SNCF Connect & Tech Espace Presse SNCF Connect & Tech Carrières SNCF Connect & Tech Le compte des agents SNCF Groupe-sncf.com Emploi Groupe SNCF Vous informer Aide Contactez-nous Vos billets Communauté SNCF Connect Plan du site SNCF Connect Guide du voyageur Franchissement frontière Handicap & mobilité réduite Nos services pour les voyageurs PSH/PMR Tout savoir sur le service d'assistance en gare Accessibilité numérique : conformité partielle Fonctionnalités d'accessibilité de nos applications mobiles Les autres services d'assistance en Europe Transporteurs TGV INOUI OUIGO TER BlaBlaCar Bus FlixBus BlaBlaCar INTERCITES LYRIA EUROSTAR TGV INOUI vers Bruxelles DB SNCF Voyageurs en coopération TGV INOUI vers l'Espagne TGV INOUI vers l'Italie TGV INOUI vers le Luxembourg TGV INOUI vers Fribourg Itinéraires populaires Train Paris Bordeaux Train Paris Marseille Train Bordeaux Paris Train Paris Lyon Train Paris Bruxelles Train Paris Strasbourg Train Paris Toulouse Train Toulouse Paris Train Lyon Paris Train Paris Amsterdam Train Paris Lille Train Nantes Paris Train Paris Genève Train Paris Barcelone Train Paris Nantes Trajets Transporteurs TGV INOUI Lille-Paris TGV INOUI Lyon-Paris TGV INOUI Paris-Nice TGV INOUI Marseille-Paris TGV INOUI Paris-Nantes OUIGO Fleury-les-Aubrais-Paris OUIGO Paris-Fleury-les-Aubrais OUIGO Rennes-Paris OUIGO Marseille-Lyon OUIGO Nantes-Paris TER Paris-Trouville Deauville TER Trouville Deauville-Paris TER Paris-Le Mans TER Le Mans-Paris TER Nice-Cannes : horaires et billets Top destinations Train France Train Paris Train Lyon Train Bordeaux Train Strasbourg Train Nantes Train Marseille Train Lille Train Marne-la-Vallée Chessy (Disneyland® Paris) Train Amsterdam Train Londres Train Barcelone Train Rennes Train Italie Train Suisse Nos applications mobiles","5 activités insolites à faire au Touquet
Réserver un billet de train
Sommaire
Découvrir la baie de Canche en pirogue
S’initier au wakeboard sur le front de mer
Goûter les spécialités du Touquet
Visiter le Touquet-Paris-Plage en segway
Faire une sortie pêche en mer au large du Touquet
Comment aller au Touquet-Paris-Plage en train
Vous aimerez aussi"
