Mot clé,Titres,Bigrams,Trigrams,TFIDF,importantfacts,important_numbers,Search Term,Body,Headings
plus beaux villages alsace,"- Découvrez les plus beaux villages d'Alsace en 2025
- Top villages à visiter en Alsace
- Les magnifiques villages d'Alsace à explorer",visite cave (55) plus beaux (19) beaux villages (17) visite château (14) dégustation vin (10) reims visite (10) cognac visite (8) route vins (7) villages visiter (6) visiter alsace (6)tgv inoui (12) train paris (12) sncf connect (8) maisons colombages (8) plus beaux (6) paris train (6) beaux villages (5) cartes abonnements (5) inoui vers (5) village préféré (4)plus beaux (10) beaux villages (10) activités suggérées (9) bonjour alsace (7) route vins (6) petit village (6) i activités (6) villages france (5) maisons colombages (5) proposer activité (4)où partir (21) plus beaux (11) beaux villages (11) top villes (11) idées weekend (9) destination moment (9) moment découvrez (9) lonely planet (8) maisons colombages (6) villages dalsace (5)plus beaux (7) beaux villages (6) villages france (5) fort schoenenbourg (5) schoenenbourg fort (4) maison ungerer (4) parc naturel (3) naturel régional (3) régional vosges (3) vosges nord (3),plus beaux villages (17) reims visite cave (10) beaux villages visiter (6) villages visiter alsace (6) route vins dalsace (4) classé parmi plus (4) parmi plus beaux (4) beaux villages france (4) visite cave dégustation (4) cave dégustation vin (4)tgv inoui vers (5) plus beaux villages (4) village préféré français (4) top 7 plus (3) 7 plus beaux (3) beaux villages dalsace (3) vitres verre bombé (3) sncf connect tech (3) paris train paris (3) compensation cas retard (2)plus beaux villages (10) i activités suggérées (6) beaux villages france (5) beaux villages dalsace (3) alsace proposer activité (3) village préféré français (3) bonjour alsace proposer (2) bonjour alsace blog (2) villages plus connus (2) aussi pépites cachées (2)plus beaux villages (11) destination moment découvrez (9) beaux villages dalsace (5) beaux villages france (5) 15 plus beaux (4) minutes idées weekend (4) classé parmi plus (3) parmi plus beaux (3) partenariat 14102021 6 (3) 14102021 6 minutes (3)plus beaux villages (6) beaux villages france (5) fort schoenenbourg fort (4) parc naturel régional (3) naturel régional vosges (3) régional vosges nord (3) 03 88 80 (3) lun pbvf partenaires (2) seconde guerre mondiale (2) blocs combat poste (2),visite (0.62) cave (0.45) alsace (0.25) village (0.23) plus (0.22) villages (0.18) château (0.16) beaux (0.16) vignobles (0.16) vin (0.16) visiter (0.15) entre (0.10) vins (0.10) dégustation (0.09) kaysersberg (0.08) reims (0.08) faire (0.07) ribeauvillé (0.07) winalist (0.07) cognac (0.06) france (0.06) riquewihr (0.06) route (0.06) alsacien (0.05) eguisheim (0.05) français (0.05) médiéval (0.05) top (0.05) tout (0.05) ville (0.05)train (0.50) paris (0.42) alsace (0.33) maisons (0.19) plus (0.19) sncf (0.19) tgv (0.19) village (0.19) inoui (0.16) france (0.15) offres (0.15) colmar (0.13) colombages (0.13) villages (0.13) connect (0.12) kaysersberg (0.12) ter (0.12) carte (0.11) obernai (0.11) ribeauvillé (0.11) réserver (0.11) voyage (0.11) beaux (0.09) billets (0.09) cartes (0.09) compte (0.09) faire (0.09) informations (0.09) services (0.09) tout (0.09)alsace (0.70) village (0.44) plus (0.21) villages (0.20) activités (0.18) partir (0.13) pourrez (0.13) 00 (0.12) beaux (0.12) suggérées (0.11) aussi (0.09) bonjour (0.09) ribeauvillé (0.09) si (0.09) vins (0.09) france (0.08) obernai (0.08) petit (0.08) pied (0.08) alsaciens (0.07) château (0.07) haut (0.07) maisons (0.07) où (0.07) rhin (0.07) route (0.07) saint (0.07) situé (0.07) trouve (0.07) également (0.07)village (0.37) où (0.32) partir (0.31) alsace (0.28) plus (0.24) top (0.22) villages (0.22) villes (0.19) également (0.18) 10 (0.16) destination (0.16) découvrez (0.16) france (0.16) sud (0.16) beaux (0.15) end (0.15) week (0.15) maisons (0.14) 2025 (0.12) idées (0.12) minutes (0.12) moment (0.12) afrique (0.11) entre (0.11) lonely (0.11) planet (0.11) saint (0.11) voyage (0.11) asie (0.09) châteaux (0.09)hunspach (0.68) plus (0.29) villages (0.29) alsace (0.22) france (0.20) beaux (0.18) fort (0.18) forêt (0.13) km (0.13) maison (0.13) séjour (0.13) village (0.13) hôte (0.11) kilomètres (0.11) lpbvf (0.11) schoenenbourg (0.11) boutique (0.09) cette (0.09) guerre (0.09) maisons (0.09) nord (0.09) site (0.09) ungerer (0.09) architecture (0.07) aussi (0.07) mail (0.07) naturel (0.07) outre (0.07) parc (0.07) réserver (0.07),"- Intégrer des informations sur les origines historiques des villages pour enrichir le contexte culturel.
- Ajouter des détails sur les festivals locaux et événements annuels spécifiques à chaque village.
- Inclure des informations sur la biodiversité et les parcs naturels environnants pour attirer les amateurs de nature.
- Mentionner des itinéraires de randonnée ou de vélo spécifiques reliant les villages pour les passionnés de sport.
- Fournir des conseils pratiques sur les meilleures périodes pour visiter chaque village en fonction des saisons.","- ""Top 10 des Plus beaux villages à Visiter en Alsace en 2025""
- ""31 janvier 2025 lire en 7 min""
- ""Kaysersberg a été élu « village préféré des français » en 2017.""
- ""le marché de Noël Kaysersberg.""
- ""Réservez sans frais votre visite de cave à vin Kaysersberg ci-dessous :""
- ""le marché de Noël médiéval""
- ""réservé pour 2025""
- ""5830 villages viticoles""
- ""château du Haut-Ribeaupierre""
- ""fort Schoenenbourg""
- ""1931 et 1935""
- ""600 soldats""
- ""le plus important ouvrage visitable de la Ligne Maginot en Alsace.""
- ""un village de 1 700 habitants""
- ""en 2003""
- ""élue « village préféré des français » à l’unanimité en 2020.""
- ""5 km de gare de Hunspach""
- ""Trois châteaux forts construits par la famille de seigneurs""
- ""3 km de galeries à 30 mètres sous terre.""
- ""plus de 3 km de galeries à 30 mètres sous terre""
- ""60 maisons à colombages""
- ""plus beau village en 2022""
- ""classement du Patrimoine de l’Unesco depuis 2008.""
- ""classement des villages favoris des français""",plus beaux villages alsace,"Top 7 des plus beaux villages d’Alsace - SNCF Connect Aller au contenu principal Voyager Voyager Voyager Fermer Tout pour voyager Réserver Réserver Billets de train Voyages en bus Trajets en covoiturage Location de voiture Hôtels Taxi/VTC Bons plans Bons plans Voyages en groupe Voyages pro Enfant voyageant seul Informations Informations Horaires en gare Info trafic Handicap et accessibilité Tous les transporteurs Tous les services Nos réponses à vos questions Guide de voyage Guide de voyage Où voyager en France, en Europe Voyager selon vos envies Billets Billets Billets Fermer Voir vos billets et titres Vos voyages Vos voyages Tous vos voyages Importer un voyage Compensation en cas de retard Faire une réclamation Modifier un voyage Assurance Allianz Vos cartes et abonnements Vos cartes et abonnements Importer une carte ou abonnement Acheter une carte ou abonnement Compléter votre voyage Compléter votre voyage Louer une voiture Réserver un hôtel Réserver un Taxi/VTC Transports urbains Restauration à bord TGV INOUI Restauration à bord INTERCITES Tous les services Offres Offres Offres Fermer Parcourir toutes les offres Cartes et abonnements SNCF Cartes et abonnements SNCF Carte Avantage Jeune Carte Avantage Adulte Carte Avantage Senior Carte Liberté Abonnement MAX ACTIF Abonnement MAX JEUNE Toutes les cartes et abonnements Offres régionales Offres régionales TER Auvergne-Rhône-Alpes TER Hauts de France LiO Train Occitanie TER Nouvelle-Aquitaine Titres Île-de-France Mobilités Consulter les offres régionales Offres urbaines Offres urbaines Avignon – Réseau Orizo Caen – Réseau Twisto Montbéliard – Réseau évolitY Perpignan – Réseau Sankéo Sophia Antipolis – Réseau Envibus Tours – Réseau Fil Bleu Consulter les offres urbaines Services Services Louer une voiture Réserver un hôtel Réserver un Taxi/VTC Assurer votre voyage Livraison de bagages Transport de véhicules Restauration à bord Domicile + Train Tous les services Compte Compte Compte Fermer Créer un compte Accéder à votre compte Accéder à la rubrique sans se connecter Vos espaces Vos espaces Se connecter Se créer un compte Espace MAX JEUNE Espace MAX SENIOR Communauté SNCF Connect Vos informations Vos informations Vos informations personnelles Cartes et programmes de fidélité Vos achats Vos moyens de paiement Compagnons de voyage Aide et légal Aide et légal Charte de confidentialité Conditions générales d'utilisation Compensation en cas de retard Aide en ligne Contacts Top 7 des plus beaux villages d’Alsace Accueil A voir, à faire Top 7 des plus beaux villages d’Alsace En Alsace, il y a Strasbourg et Colmar mais aussi de magnifiques villages. Réputés pour être les plus beaux de France, ils ont chacun leur spécialité… à découvrir depuis Colmar, à 2h30 de Paris en TGV. Réserver un billet de train Réserver un billet de train Rechercher Annuler 7 beaux villages à visiter en Alsace : Eguisheim et ses maisons à colombages Kaysersberg, village préféré des français Riquewihr et son crémant d’Alsace Ribeauvillé et son kougelhopf Obernai et sa choucroute Hunspach et ses vitres à verre bombé Bergheim, un joyau dans un écrin Eguisheim - © iStock Eguisheim et ses maisons à colombages Eguisheim , c’est l’ Alsace comme vous en avez rêvé (et même encore mieux !). Ici, tout est « mignonnerie ». Maisons à colombages, géraniums et cigognes, c’est un décor de carte postale « made in Alsace » qui vous attend. Niché au coeur du vignoble, à 15mn de Colmar, E guisheim fait partie des Plus Beaux Villages de France et a même été élu Village Préféré des Français en 2013. Ce qui le démarque des autres ? Sa cité médiévale qui s’entoure comme un escargot autour de magnifiques monuments. Les maisons à colombages Elles sont nombreuses à Eguisheim … Aussi belles les unes que les autres ! Votre visite commence devant le célèbre pigeonnier du village. Puis, dans les ruelles pavées, les maisons à colombages se succèdent… Vous serez très vite intrigués par les inscriptions qui se trouvent au-dessus de leur belle porte. Envie de les déchiffrer ? Date de construction, initiales, blason, profession du propriétaire, formules religieuses, moralisantes ou humoristiques, ce sont autant d ’informations qui vous sont données. À Eguisheim, vous verrez de nombreuses serpettes… car c’est un village de vignerons . >> Découvrez toutes nos idées à faire à Colmar Kaysersberg - © iStock Kaysersberg À 20mn d’Éguisheim, c’est un autre Village Préféré des Français qui vous attend, celui de Kaysersberg (élu en 2017). Une nouvelle fois, vous serez entouré(e) de magnifiques maisons à pans de bois aux couleurs vives, typiques de l'Alsace. Et au milieu de Kaysersberg coule une rivière… Du pont fortifié qui l’enjambe, vous ferez vos plus belles photos. Puis, il est temps de grimper (sans trop se fatiguer) jusqu’au château médiéval qui surplombe la ville. Tout là-haut, c’est toute la beauté de la vallée de Kaysersberg qui s’offre à vous. Marché de Noël de Kaysersberg Noël en Alsace, c’est quelque chose ! Une tradition ancestrale que les Alsaciens continuent de faire vivre avec brio. De fin novembre à fin décembre, c’est toute l’Alsace qui s’illumine. À Kaysersberg , le marché de Noël vous transporte dans un monde enchanteur, aux arômes de pain d’épices et aux effluves de vin chaud. Illuminations et décorations , tout le village se met sur son 31 ! Des artisans vous attendent dans leur chalet en bois pour vous faire découvrir leur savoir-faire et les saveurs de l’Alsace. Ne manquez pas de goûter les bredalas , les petits gâteaux de Noël alsaciens. Riquewihr - © iStock Riquewihr et son crémant d’Alsace Toujours sur la route des vins d’Alsace, à 15mn de Kaysersberg, Riquewihr vous attend pour, à son tour, vous dévoiler ses charmes. Au milieu des vignobles, ses remparts protègent de nombreux trésors : des maisons à colombages et des monuments d’exception qui datent pour la plupart du Moyen Âge . Commencez votre visite au niveau de la mairie, puis remontez la rue du général de Gaulle, jalonnée de petits bijoux architecturaux… Enfin, c’est la tour du Dolder qui s’élève devant vous. Elle abrite un musée qui vous plongera dans l’histoire passionnante de cette cité fortifiée . Le crémant d’Alsace « Mieux vaut un bon crémant qu’un mauvais champagne ». C’est ce que vous entendrez souvent en Alsace et plus particulièrement à Riquewihr . Et oui, c’est dans cet autre plus beau village de France qu’un vigneron, Julien Dopff , a été le premier à fabriquer le fameux crémant d’Alsace. Rencontrez ses descendants au domaine Dopff Au Moulin et dégustez leurs meilleurs crémants . S’gelt (santé en alsacien) ! Ribeauvillé - © iStock Ribeauvillé et son kougelhopf Niché au pied des Vosges, Ribeauvillé , à 10mn de Riquewihr, est une autre carte postale de l’Alsace ! En plus des vignes et des maisons à colombages, vous avez des châteaux… au nombre de trois ! Lors d’une randonnée , au départ du centre de Ribeauvillé, partez sur les traces des seigneurs qui les ont construits au XIVe siècle. Avant ou après, ne manquez pas de vous perdre dans les ruelles de la charmante cité de Ribeauvillé et de découvrir ses douceurs culinaires comme le kougelhopf. Le kougelhopf Connaissez-vous le kougelhopf , cette brioche à la forme si particulière dont les Alsaciens raffolent ? Selon la légende, cette spécialité sucrée ou salée aurait été inventée à Ribeauvillé par les Rois Mages ! Les historiens, eux, n’ont pas encore tranché mais pour les habitants de Ribeauvillé, cela ne fait aucun doute. Vous en trouverez dans toutes les bonnes boulangeries du village… Au petit-déjeuner , c’est juste parfait ! Obernai - © Istock - Jorisvo Obernai et sa choucroute Après avoir exploré les villages du département du Haut-Rhin, il est temps de se rendre dans le Bas-Rhin (situé juste au-dessus)… tout en restant sur la R oute des Vins d’Alsace . Rendez-vous à Obernai , située à une vingtaine de minutes de Strasbourg . Si l’accent est ici sensiblement différent, les charmes de l’Alsace sont toujours là… ainsi que les maisons à colombages ! Le symbole de la ville ? Un beffroi du XIIIe siècle qui domine le centre historique et qui accueille à ses pieds le célèbre marché de Noël d’Obernai . >> Réservez votre billet de train vers Obernai La choucroute, spécialité d'Alsace C’est dans un magnifique écrin de nature que se situe Obernai. Il y a les Vosges, il y a les vignes et il y a les champs de choux à choucroute ! Étape incontournable de la route des vins, Obernai est aussi sur la route de la choucroute . Empruntez-la pour rencontrer producteurs et restaurateurs qui font la part belle à cette spécialité alsacienne . Village de Hunspach - © Adobe Stock - Panoramo Hunspach et ses vitres à verre bombé Très différent de ses voisins du Haut-Rhin, avec leurs maisons à couleurs vives, Hunspach présente, avec ses imposantes maisons de torchis blanc à pans de bois, l’architecture typique des villages du Nord de l’Alsace. Ses maisons blanches à colombages, ses toits à pans coupés, ses vitres à verre bombé, ses corps de ferme d’antan et ses puits à balancier typiques font le charme unique de Hunspach . On aime s’y ressourcer et profiter d'une escapade hors des sentiers battus à seulement quelques kilomètres au nord de Strasbourg. A une poignée de kilomètres du bourg, Hunspach abrite un témoignage majeur de l’Histoire de la Seconde Guerre Mondiale : le fort de Schoenenbourg . Construit entre 1931 et 1935, cet ensemble impressionnant de galeries renferme blocs de combat, poste de commandement, casemates d’infanterie, cuisine… Conçu pour accueillir 600 hommes et assurer leur autonomie pendant trois mois, il fut le plus attaqué des ouvrages militaires durant la Seconde Guerre et constitue aujourd’hui le plus important ouvrage visitable de la Ligne Maginot en Alsace . Village de Bergheim - © Istock - Leonid Andronov Bergheim un joyau dans un écrin Plus confidentiel que d'autres villages de la Route des Vins, le village de Bergheim , situé entre Sélestat et Colmar, vient d'être labellisé ""plus beau village de France"" et a également remporté le titre 2022 à l'émission de France 3 ""Le village préféré des Français"". Ce village médiéval, ceinturé par des remparts, mérite la visite pour son bel exemple de fortification médiévale, sa Porte Haute, ses maisons à pans de bois colorées et son art de vivre alsacien toujours présent. Franchissez les portes des fortifications pour découvrir le charme pittoresque commun aux villages alsaciens de la Route des Vins : petites rues escarpées et pavées, maisons fleuries à colombages, fontaine et lavoir... Les amateurs de vélo pourront explorer la Véloroute du Vignoble qui passe par Bergheim, tandis que les marcheurs pourront arpenter les sentiers viticoles. A faire absolument, un arrêt dégustation dans l’une des caves pour goûter à l’incontournable spécificité de Bergheim : le Grand Cru Altenberg. Cet article vous a plu ? Partagez-le ! Facebook WhatsApp X, formerly Twitter Pinterest Mail Philippe  Trzebiatowski Journaliste et blogueur 18/04/2025 Vous aimerez aussi Fermer Voir tout Colmar : découvrez la statue de la Liberté de Colmar et le Musée Bartholdi Marché de Noël à Colmar : magie et féerie en Alsace Le musée Unterlinden de Colmar Les plus beaux marchés de Noël en Alsace Colmar pour les gourmands Nos engagements Meilleurs prix garantis Paiement sécurisé Contact 7j/7 Service client de l'année 2025 Moyens de paiement Infos et conditions Paiement en Chèque-Vacances Connect Infos et conditions de paiement avec les cartes Ayvens, Betterway, Pluxee ou RoadMate Choix du pays Langue France Langue Belgique België Belgium Deutschland España France Italia Luxembourg Nederland Suisse Schweiz Switzerland Other regions and countries Nos partenaires Suivez-nous ! L'entreprise Conditions de présentation des offres sur le site Conditions générales de vente Droits des voyageurs ferroviaires et Règlement européen n°2021/782 Informations légales Charte de confidentialité et cookies Gestion des cookies Partenariat Régie publicitaire Devenir partenaire ou affilié Widget SNCF Connect Sites du groupe Site SNCF Connect & Tech Espace Presse SNCF Connect & Tech Carrières SNCF Connect & Tech Le compte des agents SNCF Groupe-sncf.com Emploi Groupe SNCF Vous informer Aide Contactez-nous Vos billets Communauté SNCF Connect Plan du site SNCF Connect Guide du voyageur Franchissement frontière Handicap & mobilité réduite Nos services pour les voyageurs PSH/PMR Tout savoir sur le service d'assistance en gare Accessibilité numérique : conformité partielle Fonctionnalités d'accessibilité de nos applications mobiles Les autres services d'assistance en Europe Transporteurs TGV INOUI OUIGO TER BlaBlaCar Bus FlixBus BlaBlaCar INTERCITES TGV Lyria EUROSTAR TGV INOUI vers Bruxelles DB SNCF Voyageurs en coopération TGV INOUI vers l'Espagne TGV INOUI vers l'Italie TGV INOUI vers le Luxembourg TGV INOUI vers Fribourg Itinéraires populaires Train Paris Bordeaux Train Paris Marseille Train Bordeaux Paris Train Paris Lyon Train Paris Bruxelles Train Paris Strasbourg Train Paris Toulouse Train Toulouse Paris Train Lyon Paris Train Paris Amsterdam Train Paris Lille Train Nantes Paris Train Paris Genève Train Paris Barcelone Train Paris Nantes Trajets Transporteurs TGV INOUI Lille-Paris TGV INOUI Lyon-Paris TGV INOUI Paris-Nice TGV INOUI Marseille-Paris TGV INOUI Paris-Nantes OUIGO Fleury-les-Aubrais-Paris OUIGO Paris-Fleury-les-Aubrais OUIGO Rennes-Paris OUIGO Marseille-Lyon OUIGO Nantes-Paris TER Paris-Trouville Deauville TER Trouville Deauville-Paris TER Paris-Le Mans TER Le Mans-Paris TER Nice-Cannes : horaires et billets Top destinations Train France Train Paris Train Lyon Train Bordeaux Train Strasbourg Train Nantes Train Marseille Train Lille Train Marne-la-Vallée Chessy (Disneyland® Paris) Train Amsterdam Train Londres Train Barcelone Train Rennes Train Italie : découvrez et voyagez en Italie en train Train Suisse Nos applications mobiles","Top 7 des plus beaux villages d’Alsace
Réserver un billet de train
7 beaux villages à visiter en Alsace :
Eguisheim et ses maisons à colombages
Kaysersberg
Riquewihr et son crémant d’Alsace
Ribeauvillé et son kougelhopf
Obernai et sa choucroute
Hunspach et ses vitres à verre bombé
Bergheim un joyau dans un écrin
Vous aimerez aussi"
visiter autriche,"
- Découvrez les trésors cachés de l'Autriche
- Explorez les merveilles de l'Autriche
- Vivez une aventure authentique en Autriche",crdit photoshutterstock (9) plus beaux (7) visiter läôautriche (6) mot passe (6) beaux endroits (5) visiter autriche (5) endroits visiter (4) si prvu (4) pourrez admirer (4) 16 plus (3)visiter autriche (1) autriche top (1) top 8 (1) 8 incontournables (1) incontournables absolument (1) absolument visiter (1)road trip (19) trip autriche (16) bons plans (8) voyage family (8) zell am (7) am see (6) aimerez aussi (6) plans voyage (6) visiter lautriche (5) lautriche pays (5)où partir (6) bons plans (5) quand partir (4) voyage autriche (4) réserver voyage (4) voir loffre (4) activités autriche (4) retour accueil (3) où quand (3) voyage insolite (3)sites touristiques (5) patrimoine mondial (4) mondial lunesco (4) route alpine (4) alpine grossglockner (4) touristiques autriche (3) classé patrimoine (3) sites naturels (2) attractions culturelles (2) plus beaux (2),plus beaux endroits (5) beaux endroits visiter (4) 16 plus beaux (3) endroits visiter autriche (3) si prvu visiter (3) prvu visiter läôautriche (3) destinations activits outils (2) hallstatt 3 salzkammergut (2) 4 massif dachstein (2) 7 chteau dhochosterwitz (2)visiter autriche top (1) autriche top 8 (1) top 8 incontournables (1) 8 incontournables absolument (1) incontournables absolument visiter (1)road trip autriche (16) zell am see (6) bons plans voyage (6) plans voyage family (6) visiter lautriche famille (4) quoi visiter autriche (3) autriche road trip (3) destinations monde voir (2) monde voir tout (2) voir tout europe (2)où quand partir (3) réserver voyage insolite (3) discussions activités autriche (3) quelle île choisir (3) faire voir visiter (2) préparez voyage autriche (2) voyage insolite réserver (2) bons plans voyage (2) activités autriche sujets (2) autriche sujets activités (2)patrimoine mondial lunesco (4) route alpine grossglockner (4) classé patrimoine mondial (3) sites touristiques autriche (2) plus beaux sites (2) alpine grossglockner route (2) grossglockner route alpine (2) alpine grossglockner lune (2) routes haute montagne (2) célèbre architecture baroque (2),plus (0.41) visiter (0.35) autriche (0.27) ville (0.25) couvrir (0.23) äôautriche (0.23) cr (0.21) pourrez (0.19) si (0.18) dit (0.16) photo (0.16) shutterstock (0.16) äô (0.16) aussi (0.14) beaux (0.14) galement (0.14) gion (0.14) graz (0.14) activit (0.12) capitale (0.12) ch (0.12) lac (0.12) pr (0.12) 10 (0.11) abbaye (0.11) festival (0.11) manquez (0.11) passe (0.11) tres (0.11) tyrol (0.11)visiter (0.71) absolument (0.35) autriche (0.35) incontournables (0.35) top (0.35)autriche (0.57) plus (0.32) trip (0.22) jour (0.21) faire (0.20) road (0.20) lac (0.18) pays (0.18) cette (0.16) tyrol (0.16) visiter (0.16) aussi (0.14) enfants (0.14) famille (0.14) tout (0.14) ville (0.14) comme (0.13) cookies (0.13) lacs (0.12) où (0.12) vallée (0.12) vienne (0.11) voyage (0.11) réservez (0.10) site (0.10) très (0.10) bien (0.09) bons (0.09) familles (0.09) histoire (0.09)autriche (0.62) voyage (0.44) vienne (0.23) hôtels (0.22) partir (0.19) réserver (0.19) où (0.17) plus (0.17) activites (0.16) routard (0.16) activités (0.14) voir (0.12) 2025 (0.11) ville (0.11) bons (0.08) choisir (0.08) discussions (0.08) forum (0.08) guide (0.08) hôtel (0.08) offre (0.08) plans (0.08) salzbourg (0.08) septembre (0.08) culture (0.06) hallstatt (0.06) incontournables (0.06) services (0.06) tyrol (0.06) île (0.06)autriche (0.41) plus (0.34) sites (0.31) vienne (0.31) patrimoine (0.24) touristiques (0.21) alpine (0.17) culture (0.17) histoire (0.17) monde (0.17) route (0.17) ville (0.17) art (0.14) europe (0.14) grossglockner (0.14) mondial (0.14) nature (0.14) naturels (0.14) unesco (0.14) attractions (0.10) classé (0.10) célèbre (0.10) fromage (0.10) grande (0.10) haute (0.10) historique (0.10) newsletter (0.10) opéra (0.10) paysages (0.10) trésors (0.10),"- **Découverte de la cuisine autrichienne** : Explorez les spécialités locales telles que le schnitzel, le tafelspitz et les fameuses pâtisseries comme la Sachertorte dans les cafés traditionnels.
- **Transports efficaces** : Utilisez les réseaux de trains et de bus bien développés pour se déplacer facilement entre les régions, avec des options de pass ferroviaires avantageuses pour les touristes.
- **Meilleure saison pour visiter** : Planifiez votre visite en fonction des saisons, par exemple profiter des festivals de musique en été et des sports d'hiver dans les Alpes pendant la saison froide.
- **Festivals culturels incontournables** : Assistez à des événements majeurs comme le Festival de Salzbourg, le Bregenz Festival ou les marchés de Noël à Vienne pour une immersion culturelle enrichissante.
- **Activités durables en pleine nature** : Participez à des randonnées écologiques, des excursions en vélo ou des visites de parcs nationaux pour apprécier les paysages autrichiens tout en respectant l'environnement.","- ""Les 16 plus beaux endroits √† visiter en Autriche""
- ""inscrit au patrimoine mondial de l’Unesco depuis 1997""
- ""situé sur un pic de 175 mètres de haut""
- ""plusieurs centaines de kilomètres de pistes de ski""
- ""téléphérique accessible √† tous, qui se rend jusqu‚Äô√† 2 256 m√®tres d‚Äôaltitude dans les Alpes""
- ""biblioth√©que de 150 000 ouvrages, richement d√©cor√©e, ainsi que son orgue de Bruckner et ses 7343 tuyaux""
- ""comptez environ 10 € pour 10 jours""",visiter autriche,"Top 10 des lieux à visiter en Autriche - SNCF Connect Aller au contenu principal Voyager Voyager Voyager Fermer Tout pour voyager Réserver Réserver Billets de train Voyages en bus Trajets en covoiturage Location de voiture Hôtels Taxi/VTC Bons plans Bons plans Voyages en groupe Voyages pro Enfant voyageant seul Informations Informations Horaires en gare Info trafic Handicap et accessibilité Tous les transporteurs Tous les services Nos réponses à vos questions Guide de voyage Guide de voyage Où voyager en France, en Europe Voyager selon vos envies Billets Billets Billets Fermer Voir vos billets et titres Vos voyages Vos voyages Tous vos voyages Importer un voyage Compensation en cas de retard Faire une réclamation Modifier un voyage Assurance Allianz Vos cartes et abonnements Vos cartes et abonnements Importer une carte ou abonnement Acheter une carte ou abonnement Compléter votre voyage Compléter votre voyage Louer une voiture Réserver un hôtel Réserver un Taxi/VTC Transports urbains Restauration à bord TGV INOUI Restauration à bord INTERCITES Tous les services Offres Offres Offres Fermer Parcourir toutes les offres Cartes et abonnements SNCF Cartes et abonnements SNCF Carte Avantage Jeune Carte Avantage Adulte Carte Avantage Senior Carte Liberté Abonnement MAX ACTIF Abonnement MAX JEUNE Toutes les cartes et abonnements Offres régionales Offres régionales TER Auvergne-Rhône-Alpes TER Hauts de France LiO Train Occitanie TER Nouvelle-Aquitaine Titres Île-de-France Mobilités Consulter les offres régionales Offres urbaines Offres urbaines Avignon – Réseau Orizo Caen – Réseau Twisto Montbéliard – Réseau évolitY Perpignan – Réseau Sankéo Sophia Antipolis – Réseau Envibus Tours – Réseau Fil Bleu Consulter les offres urbaines Services Services Louer une voiture Réserver un hôtel Réserver un Taxi/VTC Assurer votre voyage Livraison de bagages Transport de véhicules Restauration à bord Domicile + Train Tous les services Compte Compte Compte Fermer Créer un compte Accéder à votre compte Accéder à la rubrique sans se connecter Vos espaces Vos espaces Se connecter Se créer un compte Espace MAX JEUNE Espace MAX SENIOR Communauté SNCF Connect Vos informations Vos informations Vos informations personnelles Cartes et programmes de fidélité Vos achats Vos moyens de paiement Compagnons de voyage Aide et légal Aide et légal Charte de confidentialité Conditions générales d'utilisation Compensation en cas de retard Aide en ligne Contacts Top 10 des lieux à visiter en Autriche Accueil A voir, à faire Vienne Top 10 des lieux à visiter en Autriche L’Autriche vous accueille pour un séjour riche en découvertes. Vienne, Salzbourg, Innsbruck mais aussi des abbayes, des espaces naturels, des paysages saisissants et bien d’autres lieux exceptionnels sont au rendez-vous. On vous donne nos coups de cœur ! Réserver un billet de train Réserver un billet de train Rechercher Annuler Sélectionner une localité Sélectionner une localité Sélectionner une localité 1. Vienne 2. Salzbourg 3. Bad Goisern am Hallstättersee 4. Graz 5. Innsbruck 6. Wattens 7. Klagenfurt 8. Admont 9. Krimml 10. Kals am Großglockner Opéra de Vienne, Autriche - © iStock - benedek 1. Vienne, l’incontournable capitale Parmi les incontournables autrichiens, il y a bien sûr sa capitale, Vienne . L’Opéra, le MuseumsQuartier, la Cathédrale Saint-Etienne, la Crypte des Capucins, le Palais du Belvédère, celui de Hofburg, le Château de Schönbrunn, le parc du Prater, la Maison de Mozart, la Bibliothèque Nationale d’Autriche…. Il y en a des choses à voir dans cette ville ! Salzbourg, Autriche - © iStock - bluejayphoto 2. Salzbourg, ville de Mozart Le Festival de Salzbourg , l’un des plus grands festivals de musique classique, d’opéra et de théâtre du monde se tient chaque été dans la ville natale de Mozart . Si la vie de ce célébrissime compositeur vous intéresse, faites un tour dans sa maison natale (Mozarts Geburtshaus, Getreidegasse 9, 5020 Salzburg, Autriche) au cœur de la vieille ville , elle-même classée au patrimoine mondial de l’UNESCO . Continuez votre promenade au château Mirabell pour découvrir de superbes jardins avec fontaines et terrasses. Un peu plus loin, découvrez un magnifique panorama sur Salzbourg du haut de la forteresse de Hohensalzburg . Hallstatt, Autriche - © Istock - bluejayphoto 3. Hallstatt et sa mine de sel Laissez-vous envouter par les ruelles pittoresques d’Hallstatt , ses balcons fleuris et son joli lac au cœur de la ville. Mais saviez-vous qu’Hallstatt est surtout connue pour sa mine de sel , la plus ancienne du monde ? Elle est toujours en activité depuis plus de 7000 ans et on peut aujourd’hui la visiter. A deux pas de là, oserez-vous avancer sur le « skywalk », ce promontoire perché au-dessus du vide ? La vue sur le lac et les montagnes alentours est époustouflante. Et pour y aller, rien de plus simple : on grimpe à bord du funiculaire . Salzwelten Hallstatt Salzbergstraße 21 4830 Hallstatt Autriche Murinsel, Graz, Autriche - © iStock - Hajakely 4. Graz, entre histoire et modernité Au Sud-Est de l’Autriche, la ville de Graz est un mélange entre histoire et modernité. Voyagez dans le temps en montant au Schlossberg pour admirer la vue sur les toits de la ville. Plus bas le centre-ville mérite une balade avec, entre autres, sa très belle place centrale , la Hauptplatz, et des arcades de type renaissance italienne dans la cour du Landhaushof . A voir aussi : la plus grande collection d’armes du monde, dans le Musée Landesughaus . Côté constructions plus récentes, je vous conseille la Murinsel , une structure de la forme d’une coquille, comme une île artificielle qui relie les deux rives de la Mur. Ou encore le Kunsthaus (Lendkai 1, 8020 Graz, Autriche), musée d’art moderne, qui propose de très belles collections temporaires dans un bâtiment pour le moins étonnant ! Innsbruck, Autriche - © Istock - 5. Innsbruck ses sports d’hiver et son toit d’or La capitale du Tyrol , Innsbruck, est le lieu idéal pour profiter des sports d’hiver autrichiens. C’est ici que l’on trouve le tremplin de Bergisel , l’un des plus importants de la Coupe du Monde de saut à Ski. La structure est impressionnante. Et pour une vue imprenable sur la ville, embarquez à bord de la Nordkette , un funiculaire qui nous amène tout droit au Hafelekar. Magnifique, été comme hiver ! Parmi les incontournables d’Innsbruck, on trouve la vielle ville médiévale et surtout le Petit Toit d’or (Goldenes Dachl), emblème de la ville construit au XVI e siècle. Cette toiture de cuivre doré à l’or fin recouvre un balcon richement décoré et permet de faire de belles photos souvenirs. Swarovski Kristalwelten, Autriche - © iStock - alxpin 6. La féérie de Swarovski Kristallwelten A 15 km d’Innsbruck, découvrez un endroit hors du commun : Swarovski Kristallwelten (les mondes de cristal Swarovski). Derrière un géant de verdure qui crache une cascade se trouve un monde enchanteur abritant 17 salles féériques où l’on déambule dans des paysages enneigés faits de cristaux, des jeux de réflexion, de transparence et de lumière. Difficile d’exprimer ce que l’on ressent en visitant ce musée si particulier. Les jardins ont eux aussi leur lot de découvertes impressionnantes puisque des artistes ont investi les lieux sous diverses formes pour rendre l’expérience inoubliable. Swarovski Kristallwelten Kristallweltenstrasse 1 6112 Wattens Autriche Parc Minimundus, Autriche - © Photononstop - Dallas & John Heaton / robertharding 7. Minimudus, le monde à portée de main Vous rêvez de parcourir le monde ? Prévoyez une escapade lors de votre voyage en Autriche à Minimundus , un parc qui propose près de 150 reproductions à l’échelle 1/25 de monuments célèbres à travers le monde. Passez en quelques pas de la grande muraille de Chine au Parthénon , observez le château de Neuschwanstein , la statue de la liberté ou la tour de Pise ou la tour Eiffel . Promenez-vous autour de l’Opéra de Sydney , de la Maison Blanche , de la basilique St Pierre … Faites le tour du monde en un jour ! Minimundus GmbH Villacher Strasse 241 9020 Klagenfurt Autriche Bibliothèque de l'Abbaye d'Admont, Autriche - © iStock - Drazen Lovric 8. Les plus belles Abbayes d’Autriche L’Autriche regorge d’abbayes toutes plus belles les unes que les autres. Mon top 3 ? L’Abbaye de Melk (Abt-Berthold-Dietmayr-Straße 1, 3390 Melk, Autriche), qui surplombe le Danube et offre une vue magnifique sur la vallée ; l’Abbaye d’Admont (Kirchplatz 1, 8911 Admont, Autriche) où l’on trouve la plus grande bibliothèque monastique du monde. De style Rococo, et parfaitement rénovée, c’est un régal pour les yeux ; et l’Abbaye St Florian (Stiftstraße 1, 4490 St. Florian, Autriche) près de Linz, qui est l’une des plus anciennes abbayes du monde en activité. Elle possède deux orgues, dont un de plus de 7 000 tuyaux. Laquelle sera votre préférée ? Cascade de Krimml, Autriche - © iStock - hsvrs 9. Des paysages naturels à couper le souffle Après les villes, les musées et les monuments, place aux merveilles de la nature. Et ce n’est pas ce qui manque en Autriche ! Côté baignades et randonnées au bord de l’eau, direction les lacs du Salzkammergut . Pour une pause fraîcheur époustouflante, la grotte d’Eisrienwelt , à 50km de Salzburg est le lieu qu’il vous faut. C’est tout simplement la plus grande grotte de glace accessible au monde. Rien que ça ! Autre magnifique balade : le parc national des Hohe Tauern avec des belvédères le long du sentier pour admirer les cascades de Krimml. Chemin de fer de Semmering, Autriche - © iStock - hajes 10. Les panoramas pour les plus belles photos Envie de faire des photos inoubliables ? Plusieurs spots parfaits pour des clichés à couper le souffle se trouvent en Autriche. Direction le massif du Dachstein pour s’aventurer sur une plateforme panoramique ou un skywalk , ces avancées suspendues au-dessus du vide. Réservé aux plus courageux ! Plus terre-à-terre, empruntez en voiture la route alpine du Grossglockner pour un road-trip aux beaux-jours des plus agréables dans le parc national des Hohe Tauern . Enfin, mon préféré : embarquez à bord d’un train de la ligne de chemin de fer de Semmering , classée au patrimoine mondial de l’Unesco . Entre Vienne et Graz, la voie passe entre les montagnes, sur de superbes viaducs et le long de paysages magnifiques. Tout simplement époustouflant ! Haut de page Cet article vous a plu ? Partagez-le ! Facebook WhatsApp X, formerly Twitter Pinterest Mail Coralie Salvi Rédaction SNCF Connect 23/09/2021 Mentions légales (1) Voir les conditions des offres (1) Tarifs TTC, à partir de, pour une personne, pour un aller simple, en 2nd classe, sur une sélection de trains et de dates et sous réserve de disponibilité. Offres soumises à conditions d'échanges et de remboursement des transporteurs concernés à consulter lors de la commande. Paiement en ligne. Offres non cumulables avec d'autres promotions SNCF. Nos engagements Meilleurs prix garantis Paiement sécurisé Contact 7j/7 Service client de l'année 2025 Moyens de paiement Infos et conditions Paiement en Chèque-Vacances Connect Infos et conditions de paiement avec les cartes Ayvens, Betterway, Pluxee ou RoadMate Choix du pays Langue France Langue Belgique België Belgium Deutschland España France Italia Luxembourg Nederland Suisse Schweiz Switzerland Other regions and countries Nos partenaires Suivez-nous ! L'entreprise Conditions de présentation des offres sur le site Conditions générales de vente Droits des voyageurs ferroviaires et Règlement européen n°2021/782 Informations légales Charte de confidentialité et cookies Gestion des cookies Partenariat Régie publicitaire Devenir partenaire ou affilié Widget SNCF Connect Sites du groupe Site SNCF Connect & Tech Espace Presse SNCF Connect & Tech Carrières SNCF Connect & Tech Le compte des agents SNCF Groupe-sncf.com Emploi Groupe SNCF Vous informer Aide Contactez-nous Vos billets Communauté SNCF Connect Plan du site SNCF Connect Guide du voyageur Franchissement frontière Handicap & mobilité réduite Nos services pour les voyageurs PSH/PMR Tout savoir sur le service d'assistance en gare Accessibilité numérique : conformité partielle Fonctionnalités d'accessibilité de nos applications mobiles Les autres services d'assistance en Europe Transporteurs TGV INOUI OUIGO TER BlaBlaCar Bus FlixBus BlaBlaCar INTERCITES TGV Lyria EUROSTAR TGV INOUI vers Bruxelles DB SNCF Voyageurs en coopération TGV INOUI vers l'Espagne TGV INOUI vers l'Italie TGV INOUI vers le Luxembourg TGV INOUI vers Fribourg Itinéraires populaires Train Paris Bordeaux Train Paris Marseille Train Bordeaux Paris Train Paris Lyon Train Paris Bruxelles Train Paris Strasbourg Train Paris Toulouse Train Toulouse Paris Train Lyon Paris Train Paris Amsterdam Train Paris Lille Train Nantes Paris Train Paris Genève Train Paris Barcelone Train Paris Nantes Trajets Transporteurs TGV INOUI Lille-Paris TGV INOUI Lyon-Paris TGV INOUI Paris-Nice TGV INOUI Marseille-Paris TGV INOUI Paris-Nantes OUIGO Fleury-les-Aubrais-Paris OUIGO Paris-Fleury-les-Aubrais OUIGO Rennes-Paris OUIGO Marseille-Lyon OUIGO Nantes-Paris TER Paris-Trouville Deauville TER Trouville Deauville-Paris TER Paris-Le Mans TER Le Mans-Paris TER Nice-Cannes : horaires et billets Top destinations Train France Train Paris Train Lyon Train Bordeaux Train Strasbourg Train Nantes Train Marseille Train Lille Train Marne-la-Vallée Chessy (Disneyland® Paris) Train Amsterdam Train Londres Train Barcelone Train Rennes Train Italie : découvrez et voyagez en Italie en train Train Suisse Nos applications mobiles","Top 10 des lieux à visiter en Autriche
Réserver un billet de train
1. Vienne, l’incontournable capitale
2. Salzbourg, ville de Mozart
3. Hallstatt et sa mine de sel
4. Graz, entre histoire et modernité
5. Innsbruck ses sports d’hiver et son toit d’or
6. La féérie de Swarovski Kristallwelten
7. Minimudus, le monde à portée de main
8. Les plus belles Abbayes d’Autriche
9. Des paysages naturels à couper le souffle
10. Les panoramas pour les plus belles photos
Mentions légales"
bar rooftop lyon,"- Découvrez les meilleurs rooftops de Lyon pour une expérience inoubliable
- Les plus beaux bars rooftops de Lyon à ne pas manquer
- Profitez de la vue depuis les rooftops les plus tendance de Lyon",terrasses lyon (3) muses lopéra (3) autant dire (3) lyon 5e (3) 5e plus (3) gourmet bar (3) lyon 2e (3) 2e plus (3) rooftop têtedoie (3) mob hotel (3)voir carte (8) carte crdit (8) crdit photo (8) mot passe (6) 8 meilleurs (5) boire verre (5) celest bar (5) bar restaurant (5) rooftops lyon (5) photo instagram (5)tgv inoui (12) train paris (12) sncf connect (9) 10 dès (7) rooftops lyon (6) mob hotel (6) paris train (6) top 5 (5) cartes abonnements (5) muses lopéra (5)rooftops lyon (4) plus beaux (3) beaux rooftops (3) lyon bikube (2) séjourner boire (2) boire manger (2) manger travailler (2) actus events (2) lyon lyon (2) tout profitant (2)lyon ouvert (9) plus dinfos (8) dinfos plus (8) entreprendre lyon (7) pierre qyrool (6) lyon 2 (5) lyon 5 (5) faire lyon (4) lyon weekend (4) bons plans (4),lyon 5e plus (3) lyon 2e plus (3) top rooftops terrasses (2) rooftops terrasses perchées (2) terrasses perchées plus (2) perchées plus cool (2) plus cool lyon (2) undefined undefined 9 (2) undefined 9 avril (2) 9 avril 2024 (2)voir carte crdit (8) carte crdit photo (8) celest bar restaurant (5) crdit photo instagram (5) 8 meilleurs rooftops (3) meilleurs rooftops oπ (3) rooftops oπ boire (3) oπ boire verre (3) boire verre lyon (3) lyon 8 meilleurs (3)tgv inoui vers (5) lyon france 04 (4) lyon top 5 (3) top 5 rooftops (3) 5 rooftops lyon (3) gourmet bar confluence (3) 69002 lyon france (3) sncf connect tech (3) paris train paris (3) réserver billets train (2)plus beaux rooftops (3) beaux rooftops lyon (3) séjourner boire manger (2) boire manger travailler (2) rooftops lyon lyon (2) bien plus quun (2) plus quun simple (2) rooftops lyon bikube (1) lyon bikube résidences (1) bikube résidences coliving (1)plus dinfos plus (8) 69002 lyon ouvert (4) faire lyon weekend (3) article test plus (3) test plus dinfos (3) lyon entreprendre lyon (3) rooftops toitsterrasses lyon (2) toitsterrasses lyon 9 (2) lyon 9 spots (2) 9 spots incontournables (2),lyon (0.57) plus (0.43) vue (0.23) rooftop (0.20) undefined (0.20) confluence (0.17) fourvière (0.17) ville (0.17) hôtel (0.14) opéra (0.14) panoramique (0.14) terrasses (0.14) 2e (0.11) absolument (0.11) bien (0.11) cadre (0.11) cette (0.11) dire (0.11) rooftops (0.11) terrasse (0.11) étage (0.11) autant (0.09) avril (0.09) bel (0.09) cuisine (0.09) gourmet (0.09) hotel (0.09) mob (0.09) spot (0.09) têtedoie (0.09)lyon (0.72) bar (0.22) cr (0.22) vue (0.20) verre (0.17) voir (0.17) meilleurs (0.15) carte (0.13) dit (0.13) faire (0.13) photo (0.13) rooftops (0.13) restaurant (0.12) rooftop (0.12) tout (0.12) 10 (0.10) activit (0.10) confluence (0.10) entre (0.10) id (0.10) mot (0.10) offre (0.10) parler (0.10) passe (0.10) plus (0.10) propose (0.10) tel (0.10) tour (0.10) aussi (0.08) profiter (0.08)lyon (0.51) train (0.48) paris (0.41) sncf (0.20) offres (0.18) tgv (0.16) inoui (0.15) 10 (0.14) france (0.14) connect (0.13) top (0.13) réserver (0.11) ter (0.11) billets (0.10) dès (0.10) opéra (0.10) voyage (0.10) cartes (0.09) compte (0.09) conditions (0.09) services (0.09) carte (0.08) hotel (0.08) informations (0.08) paiement (0.08) rooftops (0.08) tous (0.08) voyager (0.08) voyages (0.08) vue (0.08)lyon (0.49) ville (0.37) rooftops (0.29) rooftop (0.26) bikube (0.23) plus (0.23) entre (0.17) offre (0.17) restaurant (0.17) tout (0.17) cadre (0.14) expérience (0.14) moments (0.14) vue (0.14) beaux (0.11) détente (0.11) lieu (0.11) panoramique (0.11) sous (0.11) séjourner (0.11) toits (0.11) véritable (0.11) boire (0.09) ciel (0.09) cinq (0.09) cocktail (0.09) coliving (0.09) soirées (0.09) toit (0.09) travailler (0.09)lyon (0.82) plus (0.35) ouvert (0.14) infos (0.12) rooftop (0.12) bien (0.11) citycrunch (0.11) tous (0.11) end (0.10) entreprendre (0.10) pierre (0.10) week (0.10) article (0.08) qyrool (0.08) rooftops (0.08) samedi (0.08) terrasse (0.08) tout (0.08) ville (0.08) 2024 (0.07) balades (0.07) bars (0.07) car (0.07) faire (0.07) fait (0.07) vue (0.07) 69002 (0.05) fourvière (0.05) où (0.05) part (0.05),"- Statistiques récentes sur la fréquentation des rooftops à Lyon
- Informations sur l’accessibilité des différents rooftops (transports en commun, parking)
- Détails sur les événements spéciaux organisés (soirées à thème, concerts live)
- Options alimentaires disponibles (types de cuisine, alternatives végétariennes ou véganes)
- Conseils sur les meilleures périodes pour visiter (couchers de soleil, saisons recommandées)","- ""undefined 9 avril 2024""
- ""06h50 undefined""
- ""06h51 Antoine Lebrun Les Terrasses de Lyon Il fut un temps pas si lointain où Lyon ne comptait absolument aucun rooftops alors que d’autres villes nous narguaient avec leurs spots perchés.""
- ""Au 7e étage de l’Opéra de Lyon, les Muses de l’Opéra nous invitent parmi les statues qui ornent l’édifice lyonnais.""
- ""La pièce maîtresse de l'adresse n'est autre que sa sublime double terrasse offrant une vue panoramique d'exception sur Lyon.""
- ""l'immense salle principale de 700 m².""
- ""Bulle 9 place de Fourvière - Lyon 5e""
- ""Le Sucre 50 quai Rambaud - Lyon 2e""
- ""Rooftop Têtedoie 4 rue Pierre Marion - Lyon 5e""
- ""MOB Hotel Lyon 55 quai Rambaud - Lyon 2e""
- ""Les Terrasses de Lyon 25 montée Saint-Barthélemy - Lyon 5e""
- ""Maison Nô 11 rue du Bât d’Argent - Lyon 1er""
- ""9 place de Fourvière, 69005 Lyon""
- ""4 rue Pierre Marion, 69005 Lyon""
- ""112 cours Charlemagne - Lyon 2e""
- ""55 quai Rambaud, 69002 Lyon""
- ""25 montée Saint-Barthélemy - Lyon 5e""
- ""50 quai Rambaud, 69002 Lyon""
- ""11 rue du Bât d'Argent 69001 Lyon""
- ""4 rue Pierre Marion, 69005 Lyon""
- ""Centre Commercial Part Dieu, 133 Rue Servient, 69003 Lyon""
- ""700 m²""
- ""après un après-midi, 04 72 00 45 58""
- ""Avril 2022""
- ""septième étage""
- ""7e étage""
- ""Notre-Dame de Fourvière""
- ""7e ciel""
- ""7ème ciel""",bar rooftop lyon,"Rooftops à Lyon : notre top 5 - SNCF Connect Aller au contenu principal Voyager Voyager Voyager Fermer Tout pour voyager Réserver Réserver Billets de train Voyages en bus Trajets en covoiturage Location de voiture Hôtels Taxi/VTC Bons plans Bons plans Voyages en groupe Voyages pro Enfant voyageant seul Informations Informations Horaires en gare Info trafic Handicap et accessibilité Tous les transporteurs Tous les services Nos réponses à vos questions Guide de voyage Guide de voyage Où voyager en France, en Europe Voyager selon vos envies Billets Billets Billets Fermer Voir vos billets et titres Vos voyages Vos voyages Tous vos voyages Importer un voyage Compensation en cas de retard Faire une réclamation Modifier un voyage Assurance Allianz Vos cartes et abonnements Vos cartes et abonnements Importer une carte ou abonnement Acheter une carte ou abonnement Compléter votre voyage Compléter votre voyage Louer une voiture Réserver un hôtel Réserver un Taxi/VTC Transports urbains Restauration à bord TGV INOUI Restauration à bord INTERCITES Tous les services Offres Offres Offres Fermer Parcourir toutes les offres Cartes et abonnements SNCF Cartes et abonnements SNCF Carte Avantage Jeune Carte Avantage Adulte Carte Avantage Senior Carte Liberté Abonnement MAX ACTIF Abonnement MAX JEUNE Toutes les cartes et abonnements Offres régionales Offres régionales TER Auvergne-Rhône-Alpes TER Hauts de France LiO Train Occitanie TER Nouvelle-Aquitaine Titres Île-de-France Mobilités Consulter les offres régionales Offres urbaines Offres urbaines Avignon – Réseau Orizo Caen – Réseau Twisto Montbéliard – Réseau évolitY Perpignan – Réseau Sankéo Sophia Antipolis – Réseau Envibus Tours – Réseau Fil Bleu Consulter les offres urbaines Services Services Louer une voiture Réserver un hôtel Réserver un Taxi/VTC Assurer votre voyage Livraison de bagages Transport de véhicules Restauration à bord Domicile + Train Tous les services Compte Compte Compte Fermer Créer un compte Accéder à votre compte Accéder à la rubrique sans se connecter Vos espaces Vos espaces Se connecter Se créer un compte Espace MAX JEUNE Espace MAX SENIOR Communauté SNCF Connect Vos informations Vos informations Vos informations personnelles Cartes et programmes de fidélité Vos achats Vos moyens de paiement Compagnons de voyage Aide et légal Aide et légal Charte de confidentialité Conditions générales d'utilisation Compensation en cas de retard Aide en ligne Contacts Le top 5 des rooftops à Lyon Accueil A voir, à faire Lyon Le top 5 des rooftops à Lyon Un cocktail avec vue, ça vous dit ? En week-end à Lyon aux beaux jours, vous rechercherez peut-être un rooftop. On vous donne nos 5 adresses préférées. Réserver un billet de train Réserver un billet de train Rechercher Annuler Il n'y a pas que Paris qui a ses rooftops, Lyon aussi a lancé la mode. Pour un cocktail avec vue, voici nos 5 adresses préférées de rooftops à Lyon . Des adresses à mettre de côté pour planifier votre week-end dans la capitale de la gastronomie, très facilement accessible en train. >> Réserver vos billets de train pour Lyon © iStock - xavierarnau Notre top 5 des rooftops à Lyon : Les Muses de l’Opéra La terrasse du Mob Hotel Le Sucre La Maison Nô Le Gourmet Bar Confluence Les Muses de l'Opéra, Lyon - © Blandine Soulage Les Muses de l'Opéra Au-dessus de l'Opéra de Lyon, au 7ème étage, Les Muses de l'Opéra offrent une vue spectaculaire sur la Colline de Fourvière et les toits de la ville. >> Découvrez Lyon au fil de son architecture On aime : La possibilité de profiter de l'extérieur, au milieu d'un décor de statues , mais aussi par vent frais de se réfugier à l'intérieur, derrière les grandes baies vitrées. Les Muses de l’Opéra 1 Place de la Comédie 69001 Lyon France 04 72 00 45 58 Comment s'y rendre ? Sans réservation - Accès par ascenseur depuis le Péristyle de l’Opéra rooftop du MOB Hotel Lyon - © MOB Hotel La terrasse du Mob Hotel Au Mob Hotel , ouvert à Confluence par l'équipe du Mama Shelter, c'est parti pour une soirée dans un des vastes canapés remplis de coussins de la terrasse, avec vue sur la Saône. On aime : Les parties de ping-pong qui réchauffent l'ambiance ! MOB Hotel of the people 55 quai Rambaud 69002 Lyon France 04 58 55 55 88 Le Sucre, Lyon - © Le Sucre - Gaetan Clement Le Sucre Rooftop incontournable de Lyon, situé sur une superbe terrasse en teck, Le Sucre est devenu l'endroit préféré des Lyonnais pour faire la fête. >> Les 10 choses à faire à Lyon On aime : La programmation pointue et éclectique, du disco au hip-hop en passant par l'électro. Le Sucre 50, quai Rambaud 69002 Lyon France Horaire d'ouverture : Ouvert vendredi 18h30 à 1h, samedi de 23h à 5h et dimanche de 17h à 23h. A partir de mi juin, ouvert également mercredi et jeudi de 18h30 à 1h Rooftop Maison Nô, Lyon - © Maison Nô La Maison Nô Ce superbe rooftop se situe dans un nouvel hôtel boutique design situé en plein cœur de Lyon, sur la Presqu'île avec vue sur Fourvière, l’Opéra et les tours de la Part Dieu. On aime : Enfin un grand rooftop digne de ce nom en plein cœur de Lyon ! Maison Nô 11 rue du Bât d'Argent 69001 Lyon France 04 81 13 21 91 Horaire d'ouverture : Du mardi au samedi de 12h à 14h pour le déjeuner, de 19h30 à 22h30 pour le dîner et dès 18h pour l’apéritif. © iStock - martin-dm Le Gourmet Bar Confluence Installé dans l'hôtel Novotel du quartier Confluence, cette terrasse offre une superbe vue sur la Saône . Ambiance lounge et moderne . On aime : La cuisine organisée autour de thématiques gourmandes inspirées des saveurs du monde . Gourmet Bar Confluence 3 Rue Paul Montrochet 69002 Lyon France 04 37 23 64 14 Horaire d'ouverture : Ouvert tous les jours soirs de 19h à 22h et les midis en semaine de 12h à 14h Cet article vous a plu ? Partagez-le ! Facebook WhatsApp X, formerly Twitter Pinterest Mail Marie Gustin Rédaction SNCF Connect 18/04/2025 Préparez votre séjour : Lyon au départ de Paris Marseille Lille Bordeaux 19 / 10 Dès 35 € (1) 20 / 10 Dès 25 € (1) 21 / 10 Dès 19 € (1) Le moins cher 22 / 10 Dès 25 € (1) 23 / 10 Dès 29 € (1) 24 / 10 Dès 39 € (1) 25 / 10 Dès 35 € (1) Vous aimerez aussi Fermer Voir tout La brioche praline à Lyon : guide complet des meilleures adresses Notre top 10 des spécialités incontournables à Lyon 10 activités à faire à Lyon cet été Week-end en famille : où partir avec des adolescents ? Marchés de Noël à Lyon : notre Top 5 Péniches à Lyon : croisières, restaurants et bars flottants Itinéraire en famille de Lyon à Valence Le top des Bouchons lyonnais Le top des bons plans gratuits à Lyon Le top 10 des restaurants insolites à Lyon Lyon : les événements des 3 prochains mois Lyon par arrondissement Mentions légales (1) Voir les conditions des offres (1) Tarifs TTC, à partir de, pour une personne, pour un aller simple, en 2nd classe, sur une sélection de trains et de dates et sous réserve de disponibilité. Offres soumises à conditions d'échanges et de remboursement des transporteurs concernés à consulter lors de la commande. Paiement en ligne. Offres non cumulables avec d'autres promotions SNCF. Nos engagements Meilleurs prix garantis Paiement sécurisé Contact 7j/7 Service client de l'année 2025 Moyens de paiement Infos et conditions Paiement en Chèque-Vacances Connect Infos et conditions de paiement avec les cartes Ayvens, Betterway, Pluxee ou RoadMate Choix du pays Langue France Langue Belgique België Belgium Deutschland España France Italia Luxembourg Nederland Suisse Schweiz Switzerland Other regions and countries Nos partenaires Suivez-nous ! L'entreprise Conditions de présentation des offres sur le site Conditions générales de vente Droits des voyageurs ferroviaires et Règlement européen n°2021/782 Informations légales Charte de confidentialité et cookies Gestion des cookies Partenariat Régie publicitaire Devenir partenaire ou affilié Widget SNCF Connect Sites du groupe Site SNCF Connect & Tech Espace Presse SNCF Connect & Tech Carrières SNCF Connect & Tech Le compte des agents SNCF Groupe-sncf.com Emploi Groupe SNCF Vous informer Aide Contactez-nous Vos billets Communauté SNCF Connect Plan du site SNCF Connect Guide du voyageur Franchissement frontière Handicap & mobilité réduite Nos services pour les voyageurs PSH/PMR Tout savoir sur le service d'assistance en gare Accessibilité numérique : conformité partielle Fonctionnalités d'accessibilité de nos applications mobiles Les autres services d'assistance en Europe Transporteurs TGV INOUI OUIGO TER BlaBlaCar Bus FlixBus BlaBlaCar INTERCITES TGV Lyria EUROSTAR TGV INOUI vers Bruxelles DB SNCF Voyageurs en coopération TGV INOUI vers l'Espagne TGV INOUI vers l'Italie TGV INOUI vers le Luxembourg TGV INOUI vers Fribourg Itinéraires populaires Train Paris Bordeaux Train Paris Marseille Train Bordeaux Paris Train Paris Lyon Train Paris Bruxelles Train Paris Strasbourg Train Paris Toulouse Train Toulouse Paris Train Lyon Paris Train Paris Amsterdam Train Paris Lille Train Nantes Paris Train Paris Genève Train Paris Barcelone Train Paris Nantes Trajets Transporteurs TGV INOUI Lille-Paris TGV INOUI Lyon-Paris TGV INOUI Paris-Nice TGV INOUI Marseille-Paris TGV INOUI Paris-Nantes OUIGO Fleury-les-Aubrais-Paris OUIGO Paris-Fleury-les-Aubrais OUIGO Rennes-Paris OUIGO Marseille-Lyon OUIGO Nantes-Paris TER Paris-Trouville Deauville TER Trouville Deauville-Paris TER Paris-Le Mans TER Le Mans-Paris TER Nice-Cannes : horaires et billets Top destinations Train France Train Paris Train Lyon Train Bordeaux Train Strasbourg Train Nantes Train Marseille Train Lille Train Marne-la-Vallée Chessy (Disneyland® Paris) Train Amsterdam Train Londres Train Barcelone Train Rennes Train Italie : découvrez et voyagez en Italie en train Train Suisse Nos applications mobiles","Le top 5 des rooftops à Lyon
Réserver un billet de train
Notre top 5 des rooftops à Lyon :
Les Muses de l'Opéra
On aime :
La terrasse du Mob Hotel
On aime :
Le Sucre
On aime :
La Maison Nô
On aime :
Le Gourmet Bar Confluence
On aime :
Préparez votre séjour : Lyon au départ deParisMarseilleLilleBordeaux
Vous aimerez aussi
Mentions légales"
ou aller en train depuis paris,"- Destinations accessibles en train depuis Paris - Découvrez l'Europe à quelques heures de Paris
- Voyages en train au départ de Paris - Trouvez votre prochaine escapade facilement
- Destinations TGV depuis Paris - Où partir en Europe sans voiture ?",depuis paris (39) train depuis (16) guide voyage (16) paris eurostar (9) trajet direct (9) 1 changement (9) destination idéale (8) bons plans (7) eurostar trajet (6) idéale escapade (6)train paris (16) tgv inoui (12) sncf connect (9) paris train (7) 10 dès (7) 3h train (5) cartes abonnements (5) accessible tgv (5) inoui vers (5) tgv depuis (4)voir tout (7) idées voyage (7) asie centrale (6) corée sud (5) sri lanka (5) nouvellecalédonie nouvellezélande (5) depuis france (4) asie asie (4) inde himalaya (4) afrique nord (4)paris train (36) depuis paris (24) autour paris (21) partir weekend (19) visiter faire (19) oπ partir (18) dcouvrez faire (16) centre historique (16) passer weekend (15) weekend train (14)voyager train (16) depuis paris (13) consulter horaires (10) bons plans (9) réserver billet (9) billet train (9) ligne paris (9) billets train (7) grande vitesse (7) trains nuit (6),train depuis paris (16) depuis paris eurostar (9) paris eurostar trajet (6) eurostar trajet direct (6) destination idéale escapade (5) paris guide voyage (5) depuis paris lyria (5) dautres alternatives possibles (5) découvrez lisez regardez (4) lisez regardez visitez (4)tgv inoui vers (5) 3h train paris (4) accessible tgv depuis (4) dépayser facilement 3h (3) facilement 3h train (3) tgv depuis gare (3) sncf connect tech (3) paris train paris (3) compensation cas retard (2) louer voiture réserver (2)voir tout éditions (4) nouvellecalédonie nouvellezélande polynésie (4) 10 destinations accessibles (3) destinations accessibles train (3) accessibles train depuis (3) train depuis france (3) faites créer voyage (3) république tchèque roumanie (3) tchèque roumanie russie (3) sao tomé principe (3)oπ partir weekend (17) train depuis paris (12) autour paris train (9) paris train oπ (8) train oπ partir (8) maisons pans bois (7) weekend autour paris (6) weekend train depuis (6) liste patrimoine mondial (5) däôy passer weekend (5)réserver billet train (9) tgv depuis paris (5) quelles destinations accessibles (4) destinations accessibles europe (4) accessibles europe tgv (4) europe tgv depuis (4) bons plans conseils (4) préparer voyage train (4) heures ligne paris (4) billet train bon (4),paris (0.56) train (0.36) ville (0.34) depuis (0.33) voyage (0.26) plus (0.19) capitale (0.17) guide (0.14) musée (0.14) voyagez (0.13) europe (0.12) musées (0.11) offre (0.11) voyager (0.10) 3h (0.09) aussi (0.09) trajet (0.09) également (0.09) destination (0.08) historique (0.08) moins (0.08) architecture (0.07) bruxelles (0.07) changement (0.07) destinations (0.07) direct (0.07) escapade (0.07) eurostar (0.07) idéale (0.07) pays (0.07)paris (0.66) train (0.49) tgv (0.20) sncf (0.18) lyon (0.17) offres (0.16) inoui (0.13) marseille (0.12) connect (0.11) bordeaux (0.10) istock (0.10) mer (0.10) port (0.10) ter (0.10) voyage (0.10) compte (0.09) gare (0.09) réserver (0.09) 10 (0.08) 3h (0.08) accessible (0.08) billets (0.08) cartes (0.08) conditions (0.08) dès (0.08) france (0.08) plus (0.08) saint (0.08) services (0.08) tous (0.08)îles (0.38) voyage (0.37) pays (0.24) afrique (0.23) sud (0.23) train (0.20) voyageurs (0.20) asie (0.18) idées (0.17) monde (0.17) nouvelle (0.17) où (0.17) éditions (0.17) australie (0.15) centrale (0.15) france (0.15) grèce (0.15) voir (0.15) allemagne (0.14) europe (0.14) inde (0.14) tout (0.14) unis (0.14) capitale (0.12) saint (0.12) édition (0.12) deux (0.11) italie (0.11) paris (0.11) polynésie (0.11)paris (0.46) end (0.33) week (0.33) ville (0.27) train (0.26) plus (0.22) mus (0.21) faire (0.19) visiter (0.19) ch (0.17) france (0.14) teau (0.14) galement (0.13) couvrez (0.13) offre (0.13) äì (0.13) bien (0.12) centre (0.12) depuis (0.11) souris (0.11) äô (0.11) tgv (0.09) äôest (0.09) couvrir (0.09) jours (0.09) pr (0.09) saint (0.09) autour (0.09) ter (0.08) nord (0.07)train (0.60) paris (0.35) billets (0.24) depuis (0.20) europe (0.20) tgv (0.20) voyager (0.18) site (0.17) 2025 (0.15) réserver (0.15) cookies (0.14) conseils (0.13) compagnie (0.12) consulter (0.12) destinations (0.12) ligne (0.12) sncf (0.12) carte (0.11) france (0.11) horaires (0.11) ici (0.11) villes (0.11) accessibles (0.10) billet (0.10) bons (0.10) mail (0.10) plans (0.10) plus (0.10) trains (0.10) astuces (0.09),Pas de fait important,"- ""Publié le 6 septembre 2024""
- ""Les destinations à moins de 3h de Paris""
- ""Londres, la capitale de l’Angleterre à 2h20""
- ""Bruxelles, à 1h30 pour la capitale de la Belgique""
- ""Bruges, à 2h30 dans la Belgique flamande""
- ""Ostende, la station balnéaire belge à 3h""
- ""Louvain, ville belge charmante à 2h""
- ""Anvers, la 2e plus grande ville belge, à moins de 3h""
- ""Rotterdam, le 1er port d’Europe à 2h45 de Paris""
- ""Les destinations à plus de 3h de Paris""
- ""Amsterdam, la capitale des Pays-bas à 3h30""
- ""Genève, la plus française des villes suisses, à 3h15""
- ""Lausanne, au bord du lac Léman à 4h de Paris""
- ""Berne, la capitale Suisse à 5h de Paris""
- ""Zurich, le parfait équilibre en charme historique et nature à 4h45 de Paris""
- ""Milan : l’Italie à portée de train à 7 heures de train depuis Paris""
- ""Vienne, un plongeon baroque à 12h de Paris""
- ""Madrid, le soleil espagnol à 10h de Paris""
- ""Barcelone, culture et plage à 7h30 de train""
- ""Francfort, l’architecture hétéroclite à 5h de train""
- ""Berlin, la capitale de l’Allemagne en 8h de train""
- ""Cologne, la ville de plus de 2000 ans à 3h30 de Paris""
- ""Le pass Interrail : la liberté de voyager avec accès à plus de 30000 destinations dans 33 pays européens""
- ""Le pass permet de voyager sur une durée variable de 3 jours à 3 mois""
- ""Ex : 5 jours de trajets valide sur 1 mois""
- ""1 jour de voyage = accès aux trains en illimité sur la journée""
- ""Les trains de nuit Paris-Berlin ont été remis en service fin 2023""
- ""Trajet direct Nantes Paris en TGV pour 2h40""
- ""La gare de Saint-Lazare : plusieurs destinations normandes accessibles en moins de 3 heures""
- ""Tours plante des arbres pour contribuer à absorber les émissions de CO2""
- ""Le Pass Interrail offre une flexibilité aux voyageurs avec des durées de validité allant de 3 jours à 3 mois""",ou aller en train depuis paris,"Se dépayser facilement à 3h en train de Paris - SNCF Connect Aller au contenu principal Voyager Voyager Voyager Fermer Tout pour voyager Réserver Réserver Billets de train Voyages en bus Trajets en covoiturage Location de voiture Hôtels Taxi/VTC Bons plans Bons plans Voyages en groupe Voyages pro Enfant voyageant seul Informations Informations Horaires en gare Info trafic Handicap et accessibilité Tous les transporteurs Tous les services Nos réponses à vos questions Guide de voyage Guide de voyage Où voyager en France, en Europe Voyager selon vos envies Billets Billets Billets Fermer Voir vos billets et titres Vos voyages Vos voyages Tous vos voyages Importer un voyage Compensation en cas de retard Faire une réclamation Modifier un voyage Assurance Allianz Vos cartes et abonnements Vos cartes et abonnements Importer une carte ou abonnement Acheter une carte ou abonnement Compléter votre voyage Compléter votre voyage Louer une voiture Réserver un hôtel Réserver un Taxi/VTC Transports urbains Restauration à bord TGV INOUI Restauration à bord INTERCITES Tous les services Offres Offres Offres Fermer Parcourir toutes les offres Cartes et abonnements SNCF Cartes et abonnements SNCF Carte Avantage Jeune Carte Avantage Adulte Carte Avantage Senior Carte Liberté Abonnement MAX ACTIF Abonnement MAX JEUNE Toutes les cartes et abonnements Offres régionales Offres régionales TER Auvergne-Rhône-Alpes TER Hauts de France LiO Train Occitanie TER Nouvelle-Aquitaine Titres Île-de-France Mobilités Consulter les offres régionales Offres urbaines Offres urbaines Avignon – Réseau Orizo Caen – Réseau Twisto Montbéliard – Réseau évolitY Perpignan – Réseau Sankéo Sophia Antipolis – Réseau Envibus Tours – Réseau Fil Bleu Consulter les offres urbaines Services Services Louer une voiture Réserver un hôtel Réserver un Taxi/VTC Assurer votre voyage Livraison de bagages Transport de véhicules Restauration à bord Domicile + Train Tous les services Compte Compte Compte Fermer Créer un compte Accéder à votre compte Accéder à la rubrique sans se connecter Vos espaces Vos espaces Se connecter Se créer un compte Espace MAX JEUNE Espace MAX SENIOR Communauté SNCF Connect Vos informations Vos informations Vos informations personnelles Cartes et programmes de fidélité Vos achats Vos moyens de paiement Compagnons de voyage Aide et légal Aide et légal Charte de confidentialité Conditions générales d'utilisation Compensation en cas de retard Aide en ligne Contacts Se dépayser facilement à 3h en train de Paris Accueil A voir, à faire Paris Se dépayser facilement à 3h en train de Paris Pas besoin de partir à l’autre bout du monde pour découvrir des paysages surprenants. Pour ça, il vous suffit de prendre le train ! Eaux turquoises, forêts gigantesques, décors de cinéma… vous trouverez tout ça à 3h en train depuis Paris. Réserver un billet de train Réserver un billet de train Rechercher Annuler Besoin d’un break dans votre quotidien sans toutefois partir trop loin ? Nous avons ce qu’il vous faut ! Vous allez en prendre plein la vue avec vos amis, votre famille ou votre amoureux avec ces cinq destinations à moins de 3h en train de Paris . Voici nos top destinations. Nos destinations pour se dépayser à 3h de Paris en train : Marseille La Rochelle Boulogne sur mer Saint-Malo Bordeaux Bonus : Lyon Port de Marseille - © istock-Xantana Marseille, à environ 3h10 de Paris La Méditerranée à seulement 3h de Paris, difficile de dire non ! Mais par où commencer ? Outre le Vieux-Port et le quartier du Panier, je vous recommande le Vallon des Auffes , moins connu. C’est un village devenu quartier de Marseille composé d’un très joli port pittoresque, abrité dans une calanque. Très agréable pour flâner loin de l’agitation ! Basilique Notre-Dame de la Garde, Marseille - © Istock - Daniiielc Ensuite prenez vos serviettes (ou vos chaussures de marche) pour aller dans les calanques à Marseilleveyre . Accessible en transport, c’est une calanque magnifique avec une eau turquoise et une pierre blanche comme dans vos rêves ! En rentrant, faites un détour par le la « Bonne Mère » - la basilique Notre-Dame-de-la-Garde – pour admirer le Panorama sur la vue. Et pour boire un verre ou manger, rien de tel que le très animé Cours Julien. Vous y trouverez votre bonheur ! >> Marseille est accessible en TGV depuis Paris Gare de Lyon. Port de La Rochelle - © istock-mattjackson4444 La Rochelle, à environ 2h50 de Paris Disons-le tout net : le port de La Rochelle est un des plus beaux de France. Voilà pourquoi je vous conseille de démarrer votre visite par le vieux port de la ville . Protégé par trois belles tours en pierre du XIVe siècle , vous y verrez notamment de magnifiques voiliers défiler. Ah l’appel du grand large ! © Ingram / Photononstop D’ailleurs, si ça vous tente, vous pourrez embarquer pour Fort Boyard au départ de ce port. Et oui ! Décidément tournée vers l’océan, La Rochelle comporte aussi un très bel aquarium , riche de 12 000 animaux marins . Et si vous voulez vous régaler, c’est chez Le P’tit bleu, un petit bateau sur le port où vous goûterez à des fruits de mer ou du poisson façon tapas au coucher du soleil. >> La Rochelle est accessible en TGV depuis la gare de Paris Montparnasse. Boulogne-sur-mer - © istock-tekinturkdogan Boulogne-sur-Mer, à environ 2h40 de Paris Chevauchant la magnifique Côte d’Opale, Boulogne-sur-Mer est une ville à la fois populaire, vivante et pleine de surprise. Pour commencer, saviez-vous qu’on y trouvait le plus grand aquarium d’Europe ? Nausicaá - c’est son nom - vous fera plonger en haute mer sans vous mouiller ! Requins, raies gigantesques et lions de mer vous y donnent rendez-vous… Caïman à lunette à Nausicaá - © M.Gustin Après votre visite, longez le port et remontez la Grande Rue pour accéder à la cité fortifiée avec ses rues pavées et surtout, sa basilique qui abrite l’une des plus vastes cryptes du continent. Toutes les rues autour son vraiment jolies et pleines de petits commerces. L’ambiance est très agréable. >> Boulogne-sur-Mer est accessible en TGV et Intercités depuis Paris Gare du Nord . © istock-:bbsferrari Saint-Malo, à environ 2h30 de Paris Intimement lié à l’histoire des corsaires bretons, Saint-Malo conserve ce caractère de ville un peu à part. Il faut faire le tour de ses remparts pour s’en rendre compte et admirer la petite cité en pierre tout comme l’océan qui s’étend devant elle. Visitez ensuite le Château installé sur une île accessible à marée basse. Il renferme le Musée d’Histoire et on s’y sent prêt à prendre le large ! Ile de Bréhat, Bretagne - © Istock - Bréhat Saint-Malo est aussi une ville thermale et franchement, il y a difficilement plus agréable que de se faire dorloter face à la mer… pensez-y ! Enfin, offrez-vous une petite virée en bateau dans la baie de Saint-Malo pour voir d’un plus près l’archipel sauvage de Bréhat. Magnifique. © istock-no_limit_pictures Bordeaux, à environ 2h10 de Paris Gastronomie à l’honneur ici ! Au bord de la Garonne, la Cité du Vin figure à elle seule comme une attraction à Bordeaux . Vous y découvrirez tous des petits secrets qui permettent de produire l’une des cuvées les plus respectées au monde. Revenez du côté des quartiers Saint-Pierre/Saint-Michel pour profiter de ses merveilles architecturales (rappelons que le centre-ville de Bordeaux est classé Patrimoine Mondial de l’UNESCO) comme le beffroi de l’ancien hôtel de ville. Niveau restaurants, on vous conseille Le Racine - avec sa formule de menu unique qui change tous les jours – ou L'Atelier des Faures où dans ambiance récup l’équipe au fourneau prépare des repas léchés. >> Bordeaux est accessible en TGV depuis la gare de Paris Montparnasse. © istock-anouchka Bonus : Lyon à environ 2h de Paris Lyon regorge de monuments et de sites magnifiques à voir. Je vous conseille de commencer par une visite du Vieux Lyon, riche en bâtiments Renaissance et en petites églises ravissantes. Perdez-vous dans les traboules, ces petits passages cachés dans les immeubles. Grimpez ensuite à pied la colline de Fourvière pour découvre la superbe basilique du même nom qui fait la fierté des Lyonnais. © iStock - KavalenkavaVolha Un peu plus bas, c’est le parc archéologique avec son amphithéâtre gallo-romain qui fait sensation ! Poursuivez votre voyage dans le temps en traversant la Saône pour aller manger dans un bouchon sur la Presqu’île , une institution culinaire à Lyon. >> Lyon est accessible en TGV depuis la Gare de Lyon. Cet article vous a plu ? Partagez-le ! Facebook WhatsApp X, formerly Twitter Pinterest Mail La Rédaction SNCF Connect 18/04/2025 Préparez votre séjour : Paris au départ de Marseille Lyon Lille Bordeaux 19 / 10 Dès 49 € (1) 20 / 10 Dès 29 € (1) 21 / 10 Dès 25 € (1) Le moins cher 22 / 10 Dès 25 € (1) Le moins cher 23 / 10 Dès 29 € (1) 24 / 10 Dès 55 € (1) 25 / 10 Dès 55 € (1) Vous aimerez aussi Fermer Voir tout Les meilleurs bars atypiques et insolites de Paris à ne pas manquer Découvrez la célèbre place des Grands Hommes à Paris : le Panthéon Sortie gratuite à Paris en famille : 20 idées d'activités pour petits et grands Les meilleurs bars et pubs irlandais de Paris Les meilleurs golfs de la région parisienne Guide des meilleurs endroits sur les quais de Seine à Paris Le Jardin d'Acclimatation à Paris et son Petit Train La mythique Place Dauphine au coeur de Paris Paris : que faire autour de la gare de Lyon ? L'exposition de la Fondation Louis Vuitton Hammam marocain à Paris : détente et bien-être garantis Que faire autour de la place de la République à Paris, carrefour entre histoire et modernité ? Mentions légales (1) Voir les conditions des offres (1) Tarifs TTC, à partir de, pour une personne, pour un aller simple, en 2nd classe, sur une sélection de trains et de dates et sous réserve de disponibilité. Offres soumises à conditions d'échanges et de remboursement des transporteurs concernés à consulter lors de la commande. Paiement en ligne. Offres non cumulables avec d'autres promotions SNCF. Nos engagements Meilleurs prix garantis Paiement sécurisé Contact 7j/7 Service client de l'année 2025 Moyens de paiement Infos et conditions Paiement en Chèque-Vacances Connect Infos et conditions de paiement avec les cartes Ayvens, Betterway, Pluxee ou RoadMate Choix du pays Langue France Langue Belgique België Belgium Deutschland España France Italia Luxembourg Nederland Suisse Schweiz Switzerland Other regions and countries Nos partenaires Suivez-nous ! L'entreprise Conditions de présentation des offres sur le site Conditions générales de vente Droits des voyageurs ferroviaires et Règlement européen n°2021/782 Informations légales Charte de confidentialité et cookies Gestion des cookies Partenariat Régie publicitaire Devenir partenaire ou affilié Widget SNCF Connect Sites du groupe Site SNCF Connect & Tech Espace Presse SNCF Connect & Tech Carrières SNCF Connect & Tech Le compte des agents SNCF Groupe-sncf.com Emploi Groupe SNCF Vous informer Aide Contactez-nous Vos billets Communauté SNCF Connect Plan du site SNCF Connect Guide du voyageur Franchissement frontière Handicap & mobilité réduite Nos services pour les voyageurs PSH/PMR Tout savoir sur le service d'assistance en gare Accessibilité numérique : conformité partielle Fonctionnalités d'accessibilité de nos applications mobiles Les autres services d'assistance en Europe Transporteurs TGV INOUI OUIGO TER BlaBlaCar Bus FlixBus BlaBlaCar INTERCITES TGV Lyria EUROSTAR TGV INOUI vers Bruxelles DB SNCF Voyageurs en coopération TGV INOUI vers l'Espagne TGV INOUI vers l'Italie TGV INOUI vers le Luxembourg TGV INOUI vers Fribourg Itinéraires populaires Train Paris Bordeaux Train Paris Marseille Train Bordeaux Paris Train Paris Lyon Train Paris Bruxelles Train Paris Strasbourg Train Paris Toulouse Train Toulouse Paris Train Lyon Paris Train Paris Amsterdam Train Paris Lille Train Nantes Paris Train Paris Genève Train Paris Barcelone Train Paris Nantes Trajets Transporteurs TGV INOUI Lille-Paris TGV INOUI Lyon-Paris TGV INOUI Paris-Nice TGV INOUI Marseille-Paris TGV INOUI Paris-Nantes OUIGO Fleury-les-Aubrais-Paris OUIGO Paris-Fleury-les-Aubrais OUIGO Rennes-Paris OUIGO Marseille-Lyon OUIGO Nantes-Paris TER Paris-Trouville Deauville TER Trouville Deauville-Paris TER Paris-Le Mans TER Le Mans-Paris TER Nice-Cannes : horaires et billets Top destinations Train France Train Paris Train Lyon Train Bordeaux Train Strasbourg Train Nantes Train Marseille Train Lille Train Marne-la-Vallée Chessy (Disneyland® Paris) Train Amsterdam Train Londres Train Barcelone Train Rennes Train Italie : découvrez et voyagez en Italie en train Train Suisse Nos applications mobiles","Se dépayser facilement à 3h en train de Paris
Réserver un billet de train
Nos destinations pour se dépayser à 3h de Paris en train :
Marseille, à environ 3h10 de Paris
La Rochelle, à environ 2h50 de Paris
Boulogne-sur-Mer, à environ 2h40 de Paris
Saint-Malo, à environ 2h30 de Paris
Bordeaux, à environ 2h10 de Paris
Bonus : Lyon à environ 2h de Paris
Préparez votre séjour : Paris au départ deMarseilleLyonLilleBordeaux
Vous aimerez aussi
Mentions légales"
marche de noel a paris,"- Découvrez les marchés de Noël incontournables à Paris
- Guide des marchés de Noël à Paris pour l'hiver 2025-2026
- Les plus beaux marchés de Noël à Paris : à ne pas manquer",marché noël (11) marchés noël (9) village noël (7) boîte mail (6) plus beaux (5) beaux marchés (5) 20252026 paris (5) noël suisse (4) décembre 2025 (4) meilleures expériences (4)request failed (1) failed you (1) you will (1) will not (1) not be (1) be charged (1) charged for (1) for this (1) this request (1) request please (1)marché noël (4) plus beaux (3) beaux marchés (3) marchés noël (3) noël paris (3) arrondissement marché (3) camping paris (3) 5 plus (2) accueil emplacements (2) emplacements hébergements (2)marché noël (16) marchés noël (10) noël paris (10) modifier modifier (9) modifier code (9) déplacer vers (4) vers barre (4) barre latérale (4) latérale masquer (4) galeries lafayette (4)marché noël (8) noël paris (3) paris défense (3) suivre suivre (3) défense marché (2) 11h00 20h30 (2) noël plan (1) plan marché (1) marché infos (1) infos pratiques (1),plus beaux marchés (5) beaux marchés noël (5) village noël suisse (4) tout droit boîte (4) droit boîte mail (4) marchés noël 20252026 (3) noël 20252026 paris (3) noël saison 20252026 (3) décembre 2025 plus (3) septembre 19 2025 (3)request failed you (1) failed you will (1) you will not (1) will not be (1) not be charged (1) be charged for (1) charged for this (1) for this request (1) this request please (1) request please make (1)plus beaux marchés (3) beaux marchés noël (3) marchés noël paris (3) arrondissement marché noël (3) 5 plus beaux (2) accueil emplacements hébergements (2) emplacements hébergements activités (2) hébergements activités services (2) activités services région (2) services région séjour (2)marchés noël paris (9) modifier modifier code (9) déplacer vers barre (4) vers barre latérale (4) barre latérale masquer (4) galeries lafayette haussmann (4) haussmann printemps haussmann (3) faire don créer (2) don créer compte (2) créer compte connecter (2)marché noël paris (3) noël paris défense (3) paris défense marché (2) défense marché noël (2) suivre suivre suivre (2) marché noël plan (1) noël plan marché (1) plan marché infos (1) marché infos pratiques (1) infos pratiques animations (1),noël (0.58) paris (0.42) plus (0.29) 2025 (0.25) marché (0.24) village (0.18) marchés (0.16) mail (0.15) secrets (0.15) suisse (0.13) 2026 (0.11) bien (0.11) boîte (0.11) novembre (0.11) villes (0.11) ambiance (0.09) année (0.09) beaux (0.09) chalets (0.09) magie (0.09) meilleurs (0.09) septembre (0.09) tout (0.09) villette (0.09) droit (0.07) encore (0.07) meilleures (0.07) newsletter (0.07) revient (0.07) ville (0.07)request (0.45) true (0.30) your (0.30) adding (0.15) again (0.15) and (0.15) be (0.15) charged (0.15) correct (0.15) domains (0.15) failed (0.15) for (0.15) is (0.15) make (0.15) may (0.15) not (0.15) or (0.15) parameter (0.15) please (0.15) premium (0.15) protected (0.15) require (0.15) sure (0.15) this (0.15) to (0.15) try (0.15) ultra_premium (0.15) url (0.15) will (0.15) you (0.15)paris (0.47) noël (0.42) marché (0.38) camping (0.24) lieu (0.24) arrondissement (0.19) plus (0.19) séjour (0.19) beaux (0.14) marchés (0.14) région (0.14) ville (0.14) accueil (0.09) cœur (0.09) défense (0.09) emplacements (0.09) entreprises (0.09) fin (0.09) français (0.09) fêtes (0.09) germain (0.09) huttopia (0.09) hébergements (0.09) hôtel (0.09) parvis (0.09) patinoire (0.09) pied (0.09) pros (0.09) réserver (0.09) tout (0.09)noël (0.55) paris (0.52) marché (0.27) modifier (0.24) portail (0.23) articles (0.22) liés (0.17) code (0.15) marchés (0.13) plus (0.13) parvis (0.12) saint (0.12) haussmann (0.10) chalets (0.09) article (0.08) champs (0.08) élysées (0.08) avenue (0.06) cette (0.06) france (0.06) masquer (0.06) page (0.06) voir (0.06) lafayette (0.05) latérale (0.05) patinoire (0.05) tourisme (0.05) wikimedia (0.05) wikipédia (0.05) église (0.05)noël (0.58) marché (0.52) 11h00 (0.26) défense (0.21) suivre (0.21) chalet (0.16) décembre (0.16) emplacement (0.16) jeudi (0.16) paris (0.16) 20h30 (0.10) 23h00 (0.10) dimanche (0.10) informations (0.10) mentions (0.10) mercredi (0.10) plus (0.10) 10h00 (0.05) lumières (0.05) lundi (0.05) légales (0.05) magique (0.05) minute (0.05) nantes (0.05) organisation (0.05) ouverture (0.05) où (0.05) partenaires (0.05) participer (0.05) patinoire (0.05),,,marche de noel a paris,"Les plus beaux marchés de Noël de Paris - SNCF Connect Aller au contenu principal Voyager Voyager Voyager Fermer Tout pour voyager Réserver Réserver Billets de train Voyages en bus Trajets en covoiturage Location de voiture Hôtels Taxi/VTC Bons plans Bons plans Voyages en groupe Voyages pro Enfant voyageant seul Informations Informations Horaires en gare Info trafic Handicap et accessibilité Tous les transporteurs Tous les services Nos réponses à vos questions Guide de voyage Guide de voyage Où voyager en France, en Europe Voyager selon vos envies Billets Billets Billets Fermer Voir vos billets et titres Vos voyages Vos voyages Tous vos voyages Importer un voyage Compensation en cas de retard Faire une réclamation Modifier un voyage Assurance Allianz Vos cartes et abonnements Vos cartes et abonnements Importer une carte ou abonnement Acheter une carte ou abonnement Compléter votre voyage Compléter votre voyage Louer une voiture Réserver un hôtel Réserver un Taxi/VTC Transports urbains Restauration à bord TGV INOUI Restauration à bord INTERCITES Tous les services Offres Offres Offres Fermer Parcourir toutes les offres Cartes et abonnements SNCF Cartes et abonnements SNCF Carte Avantage Jeune Carte Avantage Adulte Carte Avantage Senior Carte Liberté Abonnement MAX ACTIF Abonnement MAX JEUNE Toutes les cartes et abonnements Offres régionales Offres régionales TER Auvergne-Rhône-Alpes TER Hauts de France LiO Train Occitanie TER Nouvelle-Aquitaine Titres Île-de-France Mobilités Consulter les offres régionales Offres urbaines Offres urbaines Avignon – Réseau Orizo Caen – Réseau Twisto Montbéliard – Réseau évolitY Perpignan – Réseau Sankéo Sophia Antipolis – Réseau Envibus Tours – Réseau Fil Bleu Consulter les offres urbaines Services Services Louer une voiture Réserver un hôtel Réserver un Taxi/VTC Assurer votre voyage Livraison de bagages Transport de véhicules Restauration à bord Domicile + Train Tous les services Compte Compte Compte Fermer Créer un compte Accéder à votre compte Accéder à la rubrique sans se connecter Vos espaces Vos espaces Se connecter Se créer un compte Espace MAX JEUNE Espace MAX SENIOR Communauté SNCF Connect Vos informations Vos informations Vos informations personnelles Cartes et programmes de fidélité Vos achats Vos moyens de paiement Compagnons de voyage Aide et légal Aide et légal Charte de confidentialité Conditions générales d'utilisation Compensation en cas de retard Aide en ligne Contacts Les plus beaux marchés de Noël de Paris Accueil A voir, à faire Paris Les plus beaux marchés de Noël de Paris Chaque année à l’approche de Noël, la ville Lumière se pare de mille feux pour vous faire vivre une fin d’année magique. De La Défense aux Tuileries, direction les marchés de Noël de Paris. Réserver un billet de train Réserver un billet de train Rechercher Annuler Sommaire Le marché de Noël du jardin des Tuileries Le marché de Noël de la Défense Le marché de Noël de Paris Notre-Dame Le village de Noël de la Tour Eiffel Le marché de Noël de la Gare de l'Est Grande Roue de Paris, jardin des Tuileries - © VFKA Le marché de Noël du jardin des Tuileries Marché de Noël Incontournable, le marché de Noël du Jardin des Tuileries est de retour avec au programme, des produits 100% Made In France , avec notamment un marché gourmand et des artisans proposant des idées cadeaux, des illuminations et des animations comme la Patinoire de Noël . Fête foraine À la fois marché et fête foraine , les manèges et animations y sont également présents, faisant le bonheur des familles. Prenez de la hauteur dans la Grande Roue , puis redescendez aux pieds des chalets de bois pour y déguster les meilleures spécialités de Noël de nos régions. Du 18 novembre 2023 au 7 janvier 2024. Marché de Noël à La Défense, Paris - © RomanBabakin Le marché de Noël de la Défense Aux portes de Paris, ne ratez pas le Marché de Noël de la Défense au pied de la Grande Arche. Le plus grand marché de Noël d'Ile-de-France est forcément signe d'inspiration pour vos cadeaux de Noël. Le lieu est spectaculaire surtout la nuit, quand tout s’illumine, des petits étals aux imposants buildings en arrière-plan. Le père Noël est même présent ! Vous assistez également à des défilés de personnages lumineux, des animations musicales, des soirées avec des DJ et des ateliers créations pour les enfants mais également pour les adultes ! Du 16 novembre au 27 décembre 2023. Père Noël donnant un cadeaux à un enfant - © iStock - gpointstudio Le marché de Noël de Paris Notre-Dame Au pied de la célèbre Cathedrale Notre Dame de Paris , plus d’une cinquantaine d’artisans d’art se rassemblent pour vous proposer de quoi faire de jolis cadeaux cette année : créateurs de mode et d’accessoires, sculpteurs de verre, stylistes… L' artisanat est vraiment le thème principal de ce marché : les bijoux, la calligraphie, des créations de verre en passant par des portes bougies. Du 8 au 25 décembre 2023. patinoire - © AleksandarNakic Le village de Noël de la Tour Eiffel Au pied de la Tour Eiffel, revient cette année un Village de Noël ! Rendez-vous sur les pelouses du Champ-de-Mars pour titiller vos papilles grâce à la présence de nombreux stands gourmands et régionaux. Spécialités alsaciennes et savoyardes, stand de vin chaud... Des animations magiques sont également au programme durant les festivités, avec bien sûr de nombreux chalets à découvrir. Décembre 2023 et janvier 2024. Décoration marché de Noël - © Istock_HINCKER L'Alsace fête Noël à la Gare de l'Est Ils reviennent, installés sur le parvis de la Gare de l'Est ! Les producteurs alsaciens s'installent gare de l'Est pour faire découvrir les meilleurs produits de leur région : Kougelhopf, Mannele en pain d’épices et en brioche, bredele, galettes de pommes de terre, Munster... Pour cette nouvelle édition du plus ancien marché de Noël alsacien hors de sa région , toutes les traditions gourmandes des fêtes de fin d'année alsaciennes seront à l'honneur sous un chapiteau qui sent bon l'Alsace. Du 1er au 17 décembre 2023. Cet article vous a plu ? Partagez-le ! Facebook WhatsApp X, formerly Twitter Pinterest Mail Juliette Bassine Rédaction SNCF Connect 24/11/2023 Préparez votre séjour : Paris au départ de Marseille Lyon Lille Bordeaux 19 / 10 Dès 49 € (1) 20 / 10 Dès 29 € (1) 21 / 10 Dès 25 € (1) Le moins cher 22 / 10 Dès 25 € (1) Le moins cher 23 / 10 Dès 29 € (1) 24 / 10 Dès 55 € (1) 25 / 10 Dès 55 € (1) Vous aimerez aussi Fermer Voir tout Les meilleurs bars atypiques et insolites de Paris à ne pas manquer Découvrez la célèbre place des Grands Hommes à Paris : le Panthéon Les meilleurs bars et pubs irlandais de Paris Les meilleurs golfs de la région parisienne Sortie gratuite à Paris en famille : 20 idées d'activités pour petits et grands Guide des meilleurs endroits sur les quais de Seine à Paris Le Jardin d'Acclimatation à Paris et son Petit Train La mythique Place Dauphine au coeur de Paris L'exposition de la Fondation Louis Vuitton Paris : que faire autour de la gare de Lyon ? Hammam marocain à Paris : détente et bien-être garantis Que faire autour de la place de la République à Paris, carrefour entre histoire et modernité ? Mentions légales (1) Voir les conditions des offres (1) Tarifs TTC, à partir de, pour une personne, pour un aller simple, en 2nd classe, sur une sélection de trains et de dates et sous réserve de disponibilité. Offres soumises à conditions d'échanges et de remboursement des transporteurs concernés à consulter lors de la commande. Paiement en ligne. Offres non cumulables avec d'autres promotions SNCF. Nos engagements Meilleurs prix garantis Paiement sécurisé Contact 7j/7 Service client de l'année 2025 Moyens de paiement Infos et conditions Paiement en Chèque-Vacances Connect Infos et conditions de paiement avec les cartes Ayvens, Betterway, Pluxee ou RoadMate Choix du pays Langue France Langue Belgique België Belgium Deutschland España France Italia Luxembourg Nederland Suisse Schweiz Switzerland Other regions and countries Nos partenaires Suivez-nous ! L'entreprise Conditions de présentation des offres sur le site Conditions générales de vente Droits des voyageurs ferroviaires et Règlement européen n°2021/782 Informations légales Charte de confidentialité et cookies Gestion des cookies Partenariat Régie publicitaire Devenir partenaire ou affilié Widget SNCF Connect Sites du groupe Site SNCF Connect & Tech Espace Presse SNCF Connect & Tech Carrières SNCF Connect & Tech Le compte des agents SNCF Groupe-sncf.com Emploi Groupe SNCF Vous informer Aide Contactez-nous Vos billets Communauté SNCF Connect Plan du site SNCF Connect Guide du voyageur Franchissement frontière Handicap & mobilité réduite Nos services pour les voyageurs PSH/PMR Tout savoir sur le service d'assistance en gare Accessibilité numérique : conformité partielle Fonctionnalités d'accessibilité de nos applications mobiles Les autres services d'assistance en Europe Transporteurs TGV INOUI OUIGO TER BlaBlaCar Bus FlixBus BlaBlaCar INTERCITES TGV Lyria EUROSTAR TGV INOUI vers Bruxelles DB SNCF Voyageurs en coopération TGV INOUI vers l'Espagne TGV INOUI vers l'Italie TGV INOUI vers le Luxembourg TGV INOUI vers Fribourg Itinéraires populaires Train Paris Bordeaux Train Paris Marseille Train Bordeaux Paris Train Paris Lyon Train Paris Bruxelles Train Paris Strasbourg Train Paris Toulouse Train Toulouse Paris Train Lyon Paris Train Paris Amsterdam Train Paris Lille Train Nantes Paris Train Paris Genève Train Paris Barcelone Train Paris Nantes Trajets Transporteurs TGV INOUI Lille-Paris TGV INOUI Lyon-Paris TGV INOUI Paris-Nice TGV INOUI Marseille-Paris TGV INOUI Paris-Nantes OUIGO Fleury-les-Aubrais-Paris OUIGO Paris-Fleury-les-Aubrais OUIGO Rennes-Paris OUIGO Marseille-Lyon OUIGO Nantes-Paris TER Paris-Trouville Deauville TER Trouville Deauville-Paris TER Paris-Le Mans TER Le Mans-Paris TER Nice-Cannes : horaires et billets Top destinations Train France Train Paris Train Lyon Train Bordeaux Train Strasbourg Train Nantes Train Marseille Train Lille Train Marne-la-Vallée Chessy (Disneyland® Paris) Train Amsterdam Train Londres Train Barcelone Train Rennes Train Italie : découvrez et voyagez en Italie en train Train Suisse Nos applications mobiles","Les plus beaux marchés de Noël de Paris
Réserver un billet de train
Sommaire
Le marché de Noël du jardin des Tuileries
Marché de Noël
Fête foraine
Le marché de Noël de la Défense
Le marché de Noël de Paris Notre-Dame
Le village de Noël de la Tour Eiffel
L'Alsace fête Noël à la Gare de l'Est
Préparez votre séjour : Paris au départ deMarseilleLyonLilleBordeaux
Vous aimerez aussi
Mentions légales"
spécialités francaise,"- Découvrez les 10 spécialités françaises incontournables à déguster 
- Les meilleures spécialités culinaires françaises à savourer 
- La gastronomie française à son meilleur : top 10 des plats traditionnels",tgv inoui (12) train paris (12) sncf connect (8) paris train (6) 10 spécialités (5) cartes abonnements (5) inoui vers (5) spécialités gastronomiques (4) foie gras (4) quiche lorraine (4)spécialités culinaires (23) culinaires françaises (7) billets paris (7) liste spécialités (6) cuisine française (5) pommes terre (4) spécialité culinaire (3) typiques cuisine (3) cette recette (3) coq vin (3)meilleures spécialités (5) min lecture (5) cette spécialité (5) cuisine française (5) pommes terre (5) bœuf bourguignon (5) top 20 (4) 20 meilleures (4) spécialités culinaires (4) magazine voyageur (4)spécialités culinaires (7) culinaires françaises (7) top 10 (4) 10 spécialités (4) françaises plus (4) xviiie siècle (4) confit canard (4) pommes terre (4) plus réputées (3) professionnels restauration (3)gastronomie française (5) coq vin (5) 12001400 19302130 (5) font saliver (4) pommes terre (4) escargots bourgogne (4) bœuf bourguignon (4) française plats (3) plats font (3) saliver monde (3),tgv inoui vers (5) 10 spécialités gastronomiques (4) spécialités gastronomiques françaises (3) gastronomiques françaises savourer (3) sncf connect tech (3) paris train paris (3) compensation cas retard (2) louer voiture réserver (2) voiture réserver hôtel (2) réserver hôtel réserver (2)spécialités culinaires françaises (7) liste spécialités culinaires (5) typiques cuisine française (3) ça a lair (2) spécialité culinaire française (2) fait liste spécialités (2) culinaires françaises ouigo (1) françaises ouigo aller (1) ouigo aller contenu (1) aller contenu principal (1)top 20 meilleures (4) 20 meilleures spécialités (4) meilleures spécialités culinaires (4) billets davion trains (3) davion trains louer (3) trains louer voiture (3) louer voiture hôtels (3) spécialités culinaires françaises (3) 5 min lecture (3) rechercher billets davion (2)spécialités culinaires françaises (7) top 10 spécialités (4) 10 spécialités culinaires (4) culinaires françaises plus (4) françaises plus réputées (3) marques occasions contact (2) occasions contact close (2) guides top 10 (2) clous girofle bouquet (2) girofle bouquet garni (2)gastronomie française plats (3) française plats font (3) plats font saliver (3) font saliver monde (3) livraison plats cuisinés (3) 02 31 24 (2) 31 24 10 (2) 24 10 92 (2) déguster coq vin (2) marinade vin rouge (2),train (0.56) paris (0.47) sncf (0.22) plat (0.20) tgv (0.20) inoui (0.19) offres (0.17) bordeaux (0.14) connect (0.14) france (0.14) ter (0.14) réserver (0.12) voyage (0.12) billets (0.11) cartes (0.11) compte (0.11) istock (0.11) services (0.11) spécialités (0.11) terre (0.11) carte (0.09) guide (0.09) informations (0.09) ouigo (0.09) réseau (0.09) savourer (0.09) tout (0.09) vers (0.09) voyager (0.09) voyages (0.09)spécialités (0.42) culinaires (0.39) paris (0.28) ouigo (0.25) billets (0.22) france (0.22) plat (0.22) si (0.22) française (0.20) plus (0.20) françaises (0.17) liste (0.17) très (0.17) souvent (0.13) sud (0.13) français (0.12) ça (0.12) aussi (0.10) bien (0.10) cuisine (0.10) train (0.10) viande (0.10) vin (0.10) œufs (0.10) aller (0.08) cette (0.08) entre (0.08) fait (0.08) où (0.08) version (0.08)plat (0.44) france (0.35) française (0.25) plus (0.25) cette (0.23) spécialité (0.23) vin (0.23) comme (0.19) bœuf (0.17) pommes (0.17) si (0.17) blanquette (0.15) fromage (0.15) meilleures (0.15) ail (0.13) base (0.13) bien (0.13) légumes (0.13) raclette (0.13) spécialités (0.13) terre (0.13) variantes (0.13) viande (0.13) culinaires (0.10) côté (0.10) ingrédients (0.10) mélange (0.10) parmentier (0.10) rouge (0.10) région (0.10)matériel (0.34) plat (0.31) remonte (0.25) arrow_back (0.22) culinaires (0.22) françaises (0.22) spécialités (0.22) cuisson (0.19) plus (0.19) recette (0.19) siècle (0.19) vin (0.19) 10 (0.16) bœuf (0.16) canard (0.16) confit (0.16) distriworks (0.16) informations (0.16) légumes (0.16) professionnels (0.16) base (0.13) choucroute (0.13) machine (0.13) moins (0.13) oignons (0.13) préparation (0.13) table (0.13) terre (0.13) top (0.13) traditionnellement (0.13)00 (0.33) cuisine (0.29) 30 (0.26) aussi (0.26) escargots (0.26) vin (0.26) plats (0.24) autres (0.21) monde (0.21) plat (0.21) 14 (0.17) bouillabaisse (0.17) bœuf (0.17) française (0.17) 12 (0.14) 19 (0.14) bourgogne (0.14) coq (0.14) 2025 (0.12) 21 (0.12) bourguignon (0.12) découvrez (0.12) escargot (0.12) français (0.12) gastronomie (0.12) poissons (0.12) comme (0.10) cuisinés (0.10) pommes (0.10) quel (0.10),"- Ajouter des suggestions d'accord mets-vins pour chaque spécialité gastronomique.
- Inclure des informations sur la saisonnalité et les occasions traditionnelles où ces plats sont servis.
- Présenter des conseils de préparation ou des techniques culinaires spécifiques pour chaque spécialité.
- Fournir des informations sur la provenance et la qualité des ingrédients principaux utilisés.
- Détailler l'importance culturelle et historique de chaque plat dans sa région d'origine.","- ""Le kouign-amann par hasard , un jour de forte affluence dans sa boutique, en 1860.""
- ""Les escargots consommés depuis l’Antiquité deviennent, grâce à Antonin Carême, un plat gastronomique servi depuis le XIXe siècle.""
- ""La blanquette de veau pourrait avoir été inventée au début du 18e siècle.""",spécialités francaise,"10 spécialités gastronomiques françaises à savourer - SNCF Connect Aller au contenu principal Voyager Voyager Voyager Fermer Tout pour voyager Réserver Réserver Billets de train Voyages en bus Trajets en covoiturage Location de voiture Hôtels Taxi/VTC Bons plans Bons plans Voyages en groupe Voyages pro Enfant voyageant seul Informations Informations Horaires en gare Info trafic Handicap et accessibilité Tous les transporteurs Tous les services Nos réponses à vos questions Guide de voyage Guide de voyage Où voyager en France, en Europe Voyager selon vos envies Billets Billets Billets Fermer Voir vos billets et titres Vos voyages Vos voyages Tous vos voyages Importer un voyage Compensation en cas de retard Faire une réclamation Modifier un voyage Assurance Allianz Vos cartes et abonnements Vos cartes et abonnements Importer une carte ou abonnement Acheter une carte ou abonnement Compléter votre voyage Compléter votre voyage Louer une voiture Réserver un hôtel Réserver un Taxi/VTC Transports urbains Restauration à bord TGV INOUI Restauration à bord INTERCITES Tous les services Offres Offres Offres Fermer Parcourir toutes les offres Cartes et abonnements SNCF Cartes et abonnements SNCF Carte Avantage Jeune Carte Avantage Adulte Carte Avantage Senior Carte Liberté Abonnement MAX ACTIF Abonnement MAX JEUNE Toutes les cartes et abonnements Offres régionales Offres régionales TER Auvergne-Rhône-Alpes TER Hauts de France LiO Train Occitanie TER Nouvelle-Aquitaine Titres Île-de-France Mobilités Consulter les offres régionales Offres urbaines Offres urbaines Avignon – Réseau Orizo Caen – Réseau Twisto Montbéliard – Réseau évolitY Perpignan – Réseau Sankéo Sophia Antipolis – Réseau Envibus Tours – Réseau Fil Bleu Consulter les offres urbaines Services Services Louer une voiture Réserver un hôtel Réserver un Taxi/VTC Assurer votre voyage Livraison de bagages Transport de véhicules Restauration à bord Domicile + Train Tous les services Compte Compte Compte Fermer Créer un compte Accéder à votre compte Accéder à la rubrique sans se connecter Vos espaces Vos espaces Se connecter Se créer un compte Espace MAX JEUNE Espace MAX SENIOR Communauté SNCF Connect Vos informations Vos informations Vos informations personnelles Cartes et programmes de fidélité Vos achats Vos moyens de paiement Compagnons de voyage Aide et légal Aide et légal Charte de confidentialité Conditions générales d'utilisation Compensation en cas de retard Aide en ligne Contacts 10 spécialités gastronomiques françaises à savourer Accueil A voir, à faire pour Savourer 10 spécialités gastronomiques françaises à savourer Envie de vous faire plaisir ? D’est en ouest, du nord au sud, la France est une terre de culture, de nature et de gastronomie. Vous croyez connaitre la gastronomie française ? Redécouvrez-la, toutes papilles en action, avec notre sélection de 10 spécialités incontournables. Réserver un billet de train Réserver un billet de train Rechercher Annuler 10 spécialités gastronomiques à savourer en France : La choucroute alsacienne Le foie gras du Périgord La bouillabaisse marseillaise La quiche lorraine Le cassoulet toulousain Les escargots de Bourgogne La tartiflette savoyarde L'aligot d'Auvergne Le kouigh-amann breton Le welsh lillois Choucroute - © Istock - Margouillat Photos La choucroute alsacienne La renommée de cette mitonnée de choux fermenté, viande, charcuterie et pommes de terre n’est plus à faire. De quoi se revigorer tout en faisant le plein de vitamines. Les premières traces de ce procédé de choux fermenté viennent de Chine . La fermentation au sel et sans oxygène assure de façon naturelle et saine la conservation. La légende raconte que c'est à Attila et son armée de Huns qu'on les doit, suite à leur passage dans l’est de la France. La choucroute alsacienne accompagnée d’un vin de la région est un incontournable d’un séjour en Alsace ! © Istock - Jean-Bernard Nadeau Le foie gras du Périgord Etonnamment, le nom de foie gras viendrait du mot figue, fruit utilisé pour engraisser les oies et les canards. Des bas-reliefs attestent de l’élevage des oies dès l’Egypte ancienne. La production et la consommation du foie gras a été constante dans différentes régions, jusqu’à ce que le sud-ouest devienne, au XIXe siècle, l’épicentre des « marchés au gras ». Qu’il soit de canard ou d’oie, ce met riche mais sain est à savourer sans l'écraser pour profiter pleinement de sa texture fondante et de son arôme délicat. © Oxana Medvedeva La bouillabaisse marseillaise C’est un plat marseillais à base de soupe de poissons de roches. A l’origine plat des pêcheurs pauvres, la bouillabaisse est devenue un met recherché. On sert dans l’ordre : le bouillon, les poissons, les pommes de terre puis pour finir les croûtons frottés à l’ail et la rouille, la mayonnaise provençale. Saveurs mer-terre garanties. Le nom de bouillabaisse vient du provençal « Lou Bouï Abaisso » qui signifie « quand ça boue, tu baisses » ! Quiche lorraine - © Adobe Stock - dambuster La quiche lorraine La quiche lorraine est une tarte salée aux origines populaires à base de produits de la ferme . Sur une pâte brisée, on dépose une garniture mélangeant œufs et crème - appelée migaine - et du lard fumé. En 1870, l’annexion de la région par les Prussiens pousse de nombreux habitants à l’exode. La notoriété de ce plat se répand en suivant les périples des Lorrains. © iStock-Ekaterina_Lin Le cassoulet toulousain Encore un plat entouré de légende. Celle du cassoulet remonte à la guerre de Cent Ans où, semble-t-il, les Français assiégés par les Anglais et à bout de force auraient repris vigueur après avoir mis en commun et cuisiné leurs restes. La recette était née. La riche combinaison de haricots blancs et de viande, canard (sud-ouest oblige), morceaux de porc et saucisses… de Toulouse permet, c'est certain, de gagner toutes les batailles ! Plat d'escargots de Bourgogne - © Istock - Lauri Patterson Les escargots de Bourgogne C'est dans une auberge de Bourgogne où le Tsar Nicolas 1 er est reçu par Talleyrand qu'Antonin Carême, chef cuisinier, invente en 1814, un plat inédit. Sa préparation à base d’escargots, d’ail, beurre et persil est une telle réussite que le Tsar en devient friand. Les escargots consommés depuis l’Antiquité deviennent, grâce à Antonin Carême, un plat gastronomique servi depuis le XIXe siècle dans les meilleurs restaurants et un symbole de la gastronomie bourguignonne. >> Les bonnes adresses gourmandes à Dijon Tartiflette  - © Istock - margouillatphoto La tartiflette savoyarde Voilà un plat qui réchauffe et qui rassasie tout en faisant ressentir le grand air montagnard. Plat paysan par excellence, la tartiflette tire son nom du mot savoyard tartiflâ, pomme de terre . Elle se prépare traditionnellement dans une poêle à manche très long avec des pommes de terre, des oignons, des lardons et du reblochon, fromage fondant et crémeux à souhait. L'aligot, une des spécialités auvergnates - © iStock - margouillatphotos L'aligot d'Auvergne Surnommé le ruban de l’amitié, l’ aligot est une combinaison de purée de pomme de terre, de tome fraîche, de crème et d’ail. Sa texture souple est le résultat d’un long et délicat travail en ruban. Cette spécialité d’Auvergne est un plat convivial de fête dont la recette initiale remonte au Moyen Age . Elle était servie dans les monastères, aux pèlerins en route vers Saint-Jacques-de-Compostelle. Kouign Amann, Bretagne - © iStock - Nayomiee Le kouigh-amann de Bretagne La signification de kouigh-amann, ou « gâteau au beurre », parle de lui-même ! Du beurre, beaucoup, du sucre, de la farine et un peu de levure donnent à l’arrivée le célèbre gâteau breton au bon goût de… beurre délicatement caramélisé. La difficulté de sa réalisation tient à la technique nécessaire pour réaliser le travail de la pâte en feuilletage. Parmi les histoires qui tentent d’expliquer sa création, la plus crédible serait celle d ’un boulanger de Douarnenez qui aurait créé le kouign Amann par hasard , un jour de forte affluence dans sa boutique, en 1860. Cette année-là, Yves-René Scordia disposait de beaucoup de beurre mais la farine lui manquait… Alors, pour satisfaire la demande de ses clients, ce boulanger aurait volontairement créé une pâte à pain ratée en utilisant les ingrédients dans de mauvaises proportions et, une fois cuite, cette pâte aurait donné un résultat surprenant : un gâteau croustillant et caramélisé ! Welsh, plat lillois - © Adobe Stock - ALF photo Le welsh lillois Il est tout simple le welsh, mais il porte en lui la chaleur des gens du nord. C'est une tartine de pain grillé moutardée garnie de fromage rôti à la bière et de jambon . A Lille, vous en trouverez des variations infinies dont la version dite complète avec un œuf au plat. Bien qu’il soit une fierté de la gastronomie lilloise, le welsh puise ses racines dans la gastronomie du Pays de Galles (d’où l’utilisation du cheddar). Evidemment, ce plat riche s'accompagne de frites ! Cet article vous a plu ? Partagez-le ! Facebook WhatsApp X, formerly Twitter Pinterest Mail Sandrine David Rédactrice 18/04/2025 Vous aimerez aussi Fermer Voir tout Guide des meilleurs restaurants à Rotterdam Restaurants Saint-Rémy-de-Provence : guide gastronomique des Alpilles La cueillette en self-service à la ferme, la nouvelle tendance écolo-bio Les meilleurs restaurants de Saint-Brieuc Où manger des sardines en Bretagne ? Les spécialités catalanes à tester sur la Costa Brava Guide shopping à Bordeaux : les adresses pour une virée shopping réussie Le Musée des beaux-arts de Bordeaux : un lieu d’exception Nos plages sympas à proximité de Bordeaux Les meilleures guinguettes de Bordeaux : moments conviviaux au bord de l'eau Street food à Bordeaux : saveurs authentiques à découvrir Bordeaux : Le Jardin botanique et Darwin Eco-System Nos engagements Meilleurs prix garantis Paiement sécurisé Contact 7j/7 Service client de l'année 2025 Moyens de paiement Infos et conditions Paiement en Chèque-Vacances Connect Infos et conditions de paiement avec les cartes Ayvens, Betterway, Pluxee ou RoadMate Choix du pays Langue France Langue Belgique België Belgium Deutschland España France Italia Luxembourg Nederland Suisse Schweiz Switzerland Other regions and countries Nos partenaires Suivez-nous ! L'entreprise Conditions de présentation des offres sur le site Conditions générales de vente Droits des voyageurs ferroviaires et Règlement européen n°2021/782 Informations légales Charte de confidentialité et cookies Gestion des cookies Partenariat Régie publicitaire Devenir partenaire ou affilié Widget SNCF Connect Sites du groupe Site SNCF Connect & Tech Espace Presse SNCF Connect & Tech Carrières SNCF Connect & Tech Le compte des agents SNCF Groupe-sncf.com Emploi Groupe SNCF Vous informer Aide Contactez-nous Vos billets Communauté SNCF Connect Plan du site SNCF Connect Guide du voyageur Franchissement frontière Handicap & mobilité réduite Nos services pour les voyageurs PSH/PMR Tout savoir sur le service d'assistance en gare Accessibilité numérique : conformité partielle Fonctionnalités d'accessibilité de nos applications mobiles Les autres services d'assistance en Europe Transporteurs TGV INOUI OUIGO TER BlaBlaCar Bus FlixBus BlaBlaCar INTERCITES TGV Lyria EUROSTAR TGV INOUI vers Bruxelles DB SNCF Voyageurs en coopération TGV INOUI vers l'Espagne TGV INOUI vers l'Italie TGV INOUI vers le Luxembourg TGV INOUI vers Fribourg Itinéraires populaires Train Paris Bordeaux Train Paris Marseille Train Bordeaux Paris Train Paris Lyon Train Paris Bruxelles Train Paris Strasbourg Train Paris Toulouse Train Toulouse Paris Train Lyon Paris Train Paris Amsterdam Train Paris Lille Train Nantes Paris Train Paris Genève Train Paris Barcelone Train Paris Nantes Trajets Transporteurs TGV INOUI Lille-Paris TGV INOUI Lyon-Paris TGV INOUI Paris-Nice TGV INOUI Marseille-Paris TGV INOUI Paris-Nantes OUIGO Fleury-les-Aubrais-Paris OUIGO Paris-Fleury-les-Aubrais OUIGO Rennes-Paris OUIGO Marseille-Lyon OUIGO Nantes-Paris TER Paris-Trouville Deauville TER Trouville Deauville-Paris TER Paris-Le Mans TER Le Mans-Paris TER Nice-Cannes : horaires et billets Top destinations Train France Train Paris Train Lyon Train Bordeaux Train Strasbourg Train Nantes Train Marseille Train Lille Train Marne-la-Vallée Chessy (Disneyland® Paris) Train Amsterdam Train Londres Train Barcelone Train Rennes Train Italie : découvrez et voyagez en Italie en train Train Suisse Nos applications mobiles","10 spécialités gastronomiques françaises à savourer
Réserver un billet de train
10 spécialités gastronomiques à savourer en France :
La choucroute alsacienne
Le foie gras du Périgord
La bouillabaisse marseillaise
La quiche lorraine
Le cassoulet toulousain
Les escargots de Bourgogne
La tartiflette savoyarde
L'aligot d'Auvergne
Le kouigh-amann de Bretagne
Le welsh lillois
Vous aimerez aussi"
attraction disneyland paris sensation forte,"- Attractions à sensations fortes à Disneyland Paris : les meilleurs choix
- Découvrez les sensations fortes à Disneyland Paris : guide complet
- Sensations fortes à Disneyland Paris : les incontournables",tgv inoui (12) train paris (12) sncf connect (9) disneyland paris (8) paris train (7) 10 dès (7) cartes abonnements (5) inoui vers (5) attractions sensations (3) sensations disneyland (3)disneyland paris (47) paris guide (9) cette attraction (7) séjour disneyland (6) guide ultime (6) sensations fortes (5) guide disney (5) secrets disneyland (5) guide disneyland (5) cet article (5)request failed (1) failed you (1) you will (1) will not (1) not be (1) be charged (1) charged for (1) for this (1) this request (1) request please (1)disneyland paris (29) sensations fortes (11) attractions sensations (9) genre attraction (8) attraction sensation (8) sensation taille (8) taille minimum (8) parc disneyland (7) walt disney (7) disney studios (7),tgv inoui vers (5) attractions sensations disneyland (3) sensations disneyland paris (3) indiana jones temple (3) jones temple péril (3) hollywood tower hotel (3) sncf connect tech (3) paris train paris (3) compensation cas retard (2) louer voiture réserver (2)disneyland paris guide (9) séjour disneyland paris (6) secrets disneyland paris (5) guide disneyland paris (5) attractions sensations fortes (4) sensations fortes disneyland (4) fortes disneyland paris (4) paris guide ultime (4) top 7 attractions (3) 7 attractions sensations (3)request failed you (1) failed you will (1) you will not (1) will not be (1) not be charged (1) be charged for (1) charged for this (1) for this request (1) this request please (1) request please make (1)attractions sensations fortes (8) genre attraction sensation (8) attraction sensation taille (8) sensation taille minimum (8) walt disney studios (7) sensations fortes disneyland (6) fortes disneyland paris (6) parc walt disney (6) parc disneyland land (4) disney studios land (4),train (0.56) paris (0.54) sncf (0.23) offres (0.20) tgv (0.18) inoui (0.17) connect (0.14) voyage (0.14) compte (0.13) ter (0.13) disneyland (0.11) réserver (0.11) 10 (0.10) billets (0.10) cartes (0.10) conditions (0.10) dès (0.10) services (0.10) attraction (0.08) bord (0.08) coaster (0.08) france (0.08) informations (0.08) istock (0.08) lyon (0.08) ouigo (0.08) paiement (0.08) réseau (0.08) voyager (0.08) voyages (0.08)paris (0.59) disneyland (0.58) guide (0.25) attraction (0.18) cette (0.17) attractions (0.15) disney (0.14) sensations (0.12) article (0.11) si (0.11) plus (0.10) séjour (0.10) ultime (0.10) 03 (0.09) 2025 (0.09) cet (0.09) coaster (0.09) valentin (0.09) voyage (0.09) parcours (0.07) secrets (0.07) actualités (0.06) fortes (0.06) intérieur (0.06) mountain (0.06) partie (0.06) top (0.06) très (0.06) 29 (0.05) iron (0.05)request (0.45) true (0.30) your (0.30) adding (0.15) again (0.15) and (0.15) be (0.15) charged (0.15) correct (0.15) domains (0.15) failed (0.15) for (0.15) is (0.15) make (0.15) may (0.15) not (0.15) or (0.15) parameter (0.15) please (0.15) premium (0.15) protected (0.15) require (0.15) sure (0.15) this (0.15) to (0.15) try (0.15) ultra_premium (0.15) url (0.15) will (0.15) you (0.15)disneyland (0.58) paris (0.43) parc (0.28) attractions (0.24) sensations (0.21) attraction (0.18) fortes (0.16) disney (0.15) 2025 (0.13) billets (0.13) land (0.13) pass (0.13) genre (0.12) minimum (0.12) popularité (0.12) sensation (0.12) taille (0.12) studios (0.10) tout (0.10) walt (0.10) savoir (0.09) séjour (0.09) plus (0.07) tous (0.07) visite (0.07) mountain (0.06) noël (0.06) of (0.06) réservation (0.06) toutes (0.06),,,attraction disneyland paris sensation forte,"Les attractions à sensations à Disneyland® Paris - SNCF Connect Aller au contenu principal Voyager Voyager Voyager Fermer Tout pour voyager Réserver Réserver Billets de train Voyages en bus Trajets en covoiturage Location de voiture Hôtels Taxi/VTC Bons plans Bons plans Voyages en groupe Voyages pro Enfant voyageant seul Informations Informations Horaires en gare Info trafic Handicap et accessibilité Tous les transporteurs Tous les services Nos réponses à vos questions Guide de voyage Guide de voyage Où voyager en France, en Europe Voyager selon vos envies Billets Billets Billets Fermer Voir vos billets et titres Vos voyages Vos voyages Tous vos voyages Importer un voyage Compensation en cas de retard Faire une réclamation Modifier un voyage Assurance Allianz Vos cartes et abonnements Vos cartes et abonnements Importer une carte ou abonnement Acheter une carte ou abonnement Compléter votre voyage Compléter votre voyage Louer une voiture Réserver un hôtel Réserver un Taxi/VTC Transports urbains Restauration à bord TGV INOUI Restauration à bord INTERCITES Tous les services Offres Offres Offres Fermer Parcourir toutes les offres Cartes et abonnements SNCF Cartes et abonnements SNCF Carte Avantage Jeune Carte Avantage Adulte Carte Avantage Senior Carte Liberté Abonnement MAX ACTIF Abonnement MAX JEUNE Toutes les cartes et abonnements Offres régionales Offres régionales TER Auvergne-Rhône-Alpes TER Hauts de France LiO Train Occitanie TER Nouvelle-Aquitaine Titres Île-de-France Mobilités Consulter les offres régionales Offres urbaines Offres urbaines Avignon – Réseau Orizo Caen – Réseau Twisto Montbéliard – Réseau évolitY Perpignan – Réseau Sankéo Sophia Antipolis – Réseau Envibus Tours – Réseau Fil Bleu Consulter les offres urbaines Services Services Louer une voiture Réserver un hôtel Réserver un Taxi/VTC Assurer votre voyage Livraison de bagages Transport de véhicules Restauration à bord Domicile + Train Tous les services Compte Compte Compte Fermer Créer un compte Accéder à votre compte Accéder à la rubrique sans se connecter Vos espaces Vos espaces Se connecter Se créer un compte Espace MAX JEUNE Espace MAX SENIOR Communauté SNCF Connect Vos informations Vos informations Vos informations personnelles Cartes et programmes de fidélité Vos achats Vos moyens de paiement Compagnons de voyage Aide et légal Aide et légal Charte de confidentialité Conditions générales d'utilisation Compensation en cas de retard Aide en ligne Contacts Les attractions à sensations à Disneyland® Paris Accueil A voir, à faire Chessy Les attractions à sensations à Disneyland® Paris La magie de Disney vous ouvre ses portes ! Embarquez dans les attractions les plus folles du parc : chutes vertigineuses, loopings, vitesse, virages, comptes à rebours… Réserver un billet de train Réserver un billet de train Rechercher Annuler Sommaire Indiana Jones et le Temple du Péril Le Train de la Mine Hyperspace Mountain Mission 2 Star Tours : l'Aventure Continue Crush's Coaster Rock’n’Roller Coaster Hollywood Tower Hotel RC Racer Spider-Man W.E.B. Adventure Parc d'attractions - © iStock - Jacob Ammentorp Lund Indiana Jones et le Temple du Péril Pour vivre une aventure à toute vitesse à travers les ruines d’un temple - en plein cœur de la jungle ! – direction Indiana Jones et le Temple du Péril. Le wagon nous transporte dans plusieurs virages après avoir pris de la hauteur. Au programme : montées et descentes vertigineuses avant un looping final décoiffant ! Grand huit Disneyland Paris - © Disneyland Paris Le Train de la Mine Ambiance Far West à bord du Train de la mine de Big Thunder . Ce train fou vous embarque à travers la mine pour un tour de montagnes russes endiablé ! Entre rivières et grottes, on ne sait plus où donner de la tête ! © iStock-BrendanHunter Star Wars Hyperspace Mountain L’ancienne attraction culte Space Mountain est devenue : Star Wars Hyperspace Mountain. Grimpez à bord d’un vaisseau de l’Alliance rebelle et partez dans l’espace détruire un Destroyer de l’Empire. Foncez à toute allure au milieu des tirs de TIE-fighters alors que la guerre fait rage autour de vous. Accrochez-vous car les partisans de la Force compte sur vous ! © iStock-serts Star Tours : l'Aventure Continue Restez dans l’univers Star Wars grâce à cette nouvelle attraction. Toujours du côté des Rebelles, montez sur un Starspeeder 1000 et partez pour un époustouflant voyage en 3D dans les galaxies lointaines. Les technologies dernier cri rendent l’expérience inoubliable. Regardez défilez devant vous des planètes ravagées par la guerre comme Tatooine avant de faire face à l’Étoile de la Mort . Grand-huit - © iStock - Jacob Ammentorp Lund Crush's Coaster Retrouvez Némo dans l’attraction Crush’s Coaster. Embarquez à bord d’une tortue sur le port de Sydney pour une virée marine. Après avoir échappé aux méchants squales, on prend de la vitesse pour un tourbillon de montées, descentes, virages, le tout en tournant sur nous même ! © Disney Studios Rock’n’Roller Coaster Les fans d’Aerosmith se régalent dans Rock’n’Roller Coaster. L’attraction a lieu dans le noir et on nous met directement dans le bain avec un compte à rebours de 3 secondes avant un départ propulsé à 100km/h . S’ensuit un voyage rythmé au son d’Aerosmith à travers de nombreux jeux de lumières. Grandiose ! >> Vivez la magie Disneyland Paris © iStock - gremlin Hollywood Tower Hotel Ambiance moins musicale à Hollywood Tower Hotel. Revivez la nuit du 31 octobre 1939, lorsque la foudre a frappé cet hôtel de luxe . Une chute vertigineuse de treize étages nous emmène dans la quatrième dimension . Les sensations sont au rendez-vous ! © iStock - wundervisuals RC Racer On continue avec l’attraction RC Racer du célèbre Andy de Toy Story . Ce circuit en forme de U nous fait monter et descendre à 25 mètres de hauteur. C’est parti pour quatre allers-retours que l’on n'est pas prêt d’oublier ! Disneyland Paris, printemps - © Paris tourist office Spider-Man W.E.B. Adventure Devenez Spider-Man le temps de l'attraction ! Vous êtes invités par Peter Parker, qui est un membre de la Worldwide Engineering Brigade, pour venir découvrir les ""spider bots"". Mais tout ne se passe pas comme prévu. Vous devez intercepter les ""spider bots"" qui se multiplient avant une catastrophe technologique. Cet article vous a plu ? Partagez-le ! Facebook WhatsApp X, formerly Twitter Pinterest Mail La Rédaction SNCF Connect 21/03/2024 Préparez votre séjour : Chessy au départ de Marseille Lyon Lille Bordeaux 19 / 10 Dès 49 € (1) 20 / 10 Dès 29 € (1) 21 / 10 Dès 25 € (1) Le moins cher 22 / 10 Dès 25 € (1) Le moins cher 23 / 10 Dès 29 € (1) 24 / 10 Dès 55 € (1) 25 / 10 Dès 55 € (1) Mentions légales (1) Voir les conditions des offres (1) Tarifs TTC, à partir de, pour une personne, pour un aller simple, en 2nd classe, sur une sélection de trains et de dates et sous réserve de disponibilité. Offres soumises à conditions d'échanges et de remboursement des transporteurs concernés à consulter lors de la commande. Paiement en ligne. Offres non cumulables avec d'autres promotions SNCF. Nos engagements Meilleurs prix garantis Paiement sécurisé Contact 7j/7 Service client de l'année 2025 Moyens de paiement Infos et conditions Paiement en Chèque-Vacances Connect Infos et conditions de paiement avec les cartes Ayvens, Betterway, Pluxee ou RoadMate Choix du pays Langue France Langue Belgique België Belgium Deutschland España France Italia Luxembourg Nederland Suisse Schweiz Switzerland Other regions and countries Nos partenaires Suivez-nous ! L'entreprise Conditions de présentation des offres sur le site Conditions générales de vente Droits des voyageurs ferroviaires et Règlement européen n°2021/782 Informations légales Charte de confidentialité et cookies Gestion des cookies Partenariat Régie publicitaire Devenir partenaire ou affilié Widget SNCF Connect Sites du groupe Site SNCF Connect & Tech Espace Presse SNCF Connect & Tech Carrières SNCF Connect & Tech Le compte des agents SNCF Groupe-sncf.com Emploi Groupe SNCF Vous informer Aide Contactez-nous Vos billets Communauté SNCF Connect Plan du site SNCF Connect Guide du voyageur Franchissement frontière Handicap & mobilité réduite Nos services pour les voyageurs PSH/PMR Tout savoir sur le service d'assistance en gare Accessibilité numérique : conformité partielle Fonctionnalités d'accessibilité de nos applications mobiles Les autres services d'assistance en Europe Transporteurs TGV INOUI OUIGO TER BlaBlaCar Bus FlixBus BlaBlaCar INTERCITES TGV Lyria EUROSTAR TGV INOUI vers Bruxelles DB SNCF Voyageurs en coopération TGV INOUI vers l'Espagne TGV INOUI vers l'Italie TGV INOUI vers le Luxembourg TGV INOUI vers Fribourg Itinéraires populaires Train Paris Bordeaux Train Paris Marseille Train Bordeaux Paris Train Paris Lyon Train Paris Bruxelles Train Paris Strasbourg Train Paris Toulouse Train Toulouse Paris Train Lyon Paris Train Paris Amsterdam Train Paris Lille Train Nantes Paris Train Paris Genève Train Paris Barcelone Train Paris Nantes Trajets Transporteurs TGV INOUI Lille-Paris TGV INOUI Lyon-Paris TGV INOUI Paris-Nice TGV INOUI Marseille-Paris TGV INOUI Paris-Nantes OUIGO Fleury-les-Aubrais-Paris OUIGO Paris-Fleury-les-Aubrais OUIGO Rennes-Paris OUIGO Marseille-Lyon OUIGO Nantes-Paris TER Paris-Trouville Deauville TER Trouville Deauville-Paris TER Paris-Le Mans TER Le Mans-Paris TER Nice-Cannes : horaires et billets Top destinations Train France Train Paris Train Lyon Train Bordeaux Train Strasbourg Train Nantes Train Marseille Train Lille Train Marne-la-Vallée Chessy (Disneyland® Paris) Train Amsterdam Train Londres Train Barcelone Train Rennes Train Italie : découvrez et voyagez en Italie en train Train Suisse Nos applications mobiles","Les attractions à sensations à Disneyland® Paris
Réserver un billet de train
Sommaire
Indiana Jones et le Temple du Péril
Le Train de la Mine
Star Wars Hyperspace Mountain
Star Tours : l'Aventure Continue
Crush's Coaster
Rock’n’Roller Coaster
Hollywood Tower Hotel
RC Racer
Spider-Man W.E.B. Adventure
Préparez votre séjour : Chessy au départ deMarseilleLyonLilleBordeaux
Mentions légales"
marche noel amsterdam,"- Découvrez les marchés de Noël d'Amsterdam : guide complet pour un Noël magique
- Planifiez votre visite aux marchés de Noël à Amsterdam : tout ce que vous devez savoir
- Profitez de l'ambiance festive des marchés de Noël à Amsterdam : guide 2025 complet",marchés noël (18) marché noël (13) noël damsterdam (8) ouvre nouvel (8) nouvel onglet (8) mot passe (6) afficher tous (6) groupes 10 (6) village noël (6) onglet ouvre (6)marché noël (9) site web (8) décembre 2024 (7) entrée gratuite (6) gratuite où (6) transports commun (5) 2024 horaires (5) faire vélo (4) marchés noël (4) noël amsterdam (4)marché noël (30) marchés noël (22) pouvez voir (6) noël 2025 (5) maison danne (5) danne frank (5) amsterdam décembre (5) noël plus (5) où pouvez (5) décembre 2023 (5)request failed (1) failed you (1) you will (1) will not (1) not be (1) be charged (1) charged for (1) for this (1) this request (1) request please (1)marchés noël (41) janvier marchés (21) marché noël (20) novembredébut janvier (15) décembre marchés (12) novembrefin décembre (11) fin novembredébut (10) ajouter liste (10) liste souhaits (10) minovembredébut janvier (9),ouvre nouvel onglet (8) nouvel onglet ouvre (6) onglet ouvre nouvel (5) groupes 10 ven (4) 10 ven 10 (4) ven 10 oct (4) 10 oct date (4) oct date départ (4) date départ 1 (4) départ 1 chambre (4)entrée gratuite où (6) décembre 2024 horaires (5) amsterdam light festival (4) paradis dhiver damsterdam (3) km site web (3) marché noël 2024 (2) itinéraires enfants jeunes (2) enfants jeunes adultes (2) jeunes adultes gratuitement (2) appartements campings chambre (2)marchés noël 2025 (5) maison danne frank (5) marchés noël plus (4) noël plus célèbres (4) marché noël museumplein (4) 2024 5 janvier (4) 5 janvier 2025 (4) musée van gogh (3) fantastique marché noël (3) stands où pouvez (3)request failed you (1) failed you will (1) you will not (1) will not be (1) not be charged (1) be charged for (1) charged for this (1) for this request (1) this request please (1) request please make (1)janvier marchés noël (21) décembre marchés noël (12) fin novembredébut janvier (10) novembredébut janvier marchés (10) ajouter liste souhaits (10) fin novembrefin décembre (8) novembrefin décembre marchés (7) minovembredébut janvier marchés (7) janvier marché noël (7) début novembredébut janvier (5),noël (0.69) amsterdam (0.41) marchés (0.24) eurostar (0.18) marché (0.18) plus (0.15) 10 (0.13) tous (0.13) train (0.13) 2025 (0.12) ouvre (0.12) village (0.12) hiver (0.10) nouvel (0.10) onglet (0.10) europe (0.09) trains (0.09) afficher (0.08) cette (0.08) groupes (0.08) londres (0.08) mot (0.08) passe (0.08) rechercher (0.08) ven (0.08) amstelveen (0.06) cologne (0.06) découvrez (0.06) départ (0.06) foire (0.06)amsterdam (0.49) noël (0.47) décembre (0.24) faire (0.24) marché (0.20) où (0.20) 2024 (0.18) quand (0.16) site (0.16) web (0.16) canaux (0.14) dimanche (0.14) hiver (0.14) entrée (0.12) gratuite (0.12) marchés (0.12) plus (0.12) pouvez (0.12) www (0.12) 12h00 (0.10) 2025 (0.10) commun (0.10) festival (0.10) haarlem (0.10) horaires (0.10) jeudi (0.10) nl (0.10) pendant (0.10) transports (0.10) ville (0.10)noël (0.51) amsterdam (0.47) 2025 (0.32) marché (0.29) plus (0.25) marchés (0.20) si (0.18) décembre (0.18) pouvez (0.18) dates (0.11) ville (0.11) 2024 (0.10) acheter (0.09) place (0.09) museumplein (0.08) visiter (0.08) 2026 (0.08) beaucoup (0.08) faire (0.08) où (0.08) pays (0.08) 2023 (0.07) 26 (0.07) encore (0.07) quelques (0.07) voir (0.07) ci (0.06) devez (0.06) janvier (0.06) patinoire (0.06)request (0.45) true (0.30) your (0.30) adding (0.15) again (0.15) and (0.15) be (0.15) charged (0.15) correct (0.15) domains (0.15) failed (0.15) for (0.15) is (0.15) make (0.15) may (0.15) not (0.15) or (0.15) parameter (0.15) please (0.15) premium (0.15) protected (0.15) require (0.15) sure (0.15) this (0.15) to (0.15) try (0.15) ultra_premium (0.15) url (0.15) will (0.15) you (0.15)noël (0.55) novembre (0.35) début (0.32) marchés (0.32) amsterdam (0.28) fin (0.28) janvier (0.24) marché (0.21) décembre (0.20) mi (0.13) ice (0.10) ajouter (0.08) liste (0.08) souhaits (0.08) allemagne (0.07) market (0.06) christmas (0.05) royaume (0.05) uni (0.05) dam (0.05) europe (0.05) peuvent (0.05) 2025 (0.04) funky (0.04) haarlem (0.04) museumplein (0.04) stands (0.04) tout (0.04) bas (0.03) official (0.03),"- **Histoire des Marchés de Noël à Amsterdam** : Les marchés de Noël à Amsterdam ont vu le jour dans les années 1980 et ont évolué pour devenir des événements incontournables, combinant traditions locales et influences internationales.

- **Accessibilité et Transports Publics** : Tous les principaux marchés de Noël sont facilement accessibles via les transports en commun d'Amsterdam, avec des lignes de tram et de bus spéciales organisées pendant la période des fêtes.

- **Initiatives Durables** : Plusieurs marchés, comme celui de Ceuvel, mettent l'accent sur la durabilité en proposant des produits écoresponsables et en utilisant des matériaux recyclés pour les stands et décorations.

- **Activités pour Tous les Âges** : En plus des patinoires et des stands de nourriture, les marchés proposent des ateliers de bricolage, des spectacles pour enfants et des visites guidées pour enrichir l'expérience des familles.

- **Sécurité et Conseils Pratiques** : Des mesures de sécurité renforcées sont en place, notamment des patrouilles de police et des premiers secours disponibles. Il est recommandé de visiter les marchés en fin d'après-midi pour profiter de l'ambiance festive tout en évitant les foules les plus importantes.","- ""Du 17 décembre 2025 au 3 janvier 2026""
- ""De 12h00 à minuit""
- ""Du 11 décembre au 26 décembre 2025""
- ""Heures d'ouverture : 12h00 à 21h00""
- ""Du jeudi 12 au jeudi 26 décembre 2024""
- ""Horaires d'ouverture : 12h00-21h00 (les 25 et 26 décembre de 12h00 à 19h00)""
- ""Heures d'ouverture : 11h00-17h00""
- ""Du jeudi 19 décembre 2024 au dimanche 5 janvier 2025""
- ""Billets : à partir de €24,50""
- ""Du jeudi 28 novembre au dimanche 19 janvier 2025""
- ""Billets : à partir de €19,95""
- ""Dimanche 22 décembre 2024""
- ""Dimanche 15 décembre 2024""
- ""Du 29 novembre 2025 au 6 janvier 2026""
- ""Du 30 novembre 2024 – 5 janvier 2025""
- ""Du 2 décembre 2023 au 7 janvier 2024""
- ""Du 15 novembre 2024 – 5 janvier 2025""
- ""Du vendredi 13 au dimanche 15 décembre 2024""
- ""Du jeudi 5 au lundi 23 décembre 2024""
- ""14 & 15 et du 18 au 22 décembre 2024""
- ""Du 15 novembre 2024 – 5 janvier 2025""
- ""Du 17 décembre 2025 – 3 janvier 2026""
- ""Du 14 décembre 2023 au 26 décembre 2023""
- ""Du 11 décembre 2025 – 26 décembre 2025""
- ""Du 12 décembre 2025 – 26 décembre 2025""
- ""Du 19 décembre 2024 – 5 janvier 2025""
- ""Du 14 décembre 2025 - Jan 04 2026""
- ""Nov 14 2025 - Jan 04 2026""
- ""10h à 22h""
- ""12h00-21h00""
- ""12h00-18h00""
- ""11h00-17h00""
- ""12h00-20h00""
- ""12h00-17h00""
- ""12h00-21h00 (les 25 et 26 décembre de 12h00 à 19h00)""
- ""11h00-17h00""
- ""+ Ajouter à mon Agenda Google + iCal / Outlook export Date Nov 14 2025 - Jan 04 2026 Heure Journée entière""",marche noel amsterdam,"Les marchés de Noël d'Amsterdam - SNCF Connect Aller au contenu principal Voyager Voyager Voyager Fermer Tout pour voyager Réserver Réserver Billets de train Voyages en bus Trajets en covoiturage Location de voiture Hôtels Taxi/VTC Bons plans Bons plans Voyages en groupe Voyages pro Enfant voyageant seul Informations Informations Horaires en gare Info trafic Handicap et accessibilité Tous les transporteurs Tous les services Nos réponses à vos questions Guide de voyage Guide de voyage Où voyager en France, en Europe Voyager selon vos envies Billets Billets Billets Fermer Voir vos billets et titres Vos voyages Vos voyages Tous vos voyages Importer un voyage Compensation en cas de retard Faire une réclamation Modifier un voyage Assurance Allianz Vos cartes et abonnements Vos cartes et abonnements Importer une carte ou abonnement Acheter une carte ou abonnement Compléter votre voyage Compléter votre voyage Louer une voiture Réserver un hôtel Réserver un Taxi/VTC Transports urbains Restauration à bord TGV INOUI Restauration à bord INTERCITES Tous les services Offres Offres Offres Fermer Parcourir toutes les offres Cartes et abonnements SNCF Cartes et abonnements SNCF Carte Avantage Jeune Carte Avantage Adulte Carte Avantage Senior Carte Liberté Abonnement MAX ACTIF Abonnement MAX JEUNE Toutes les cartes et abonnements Offres régionales Offres régionales TER Auvergne-Rhône-Alpes TER Hauts de France LiO Train Occitanie TER Nouvelle-Aquitaine Titres Île-de-France Mobilités Consulter les offres régionales Offres urbaines Offres urbaines Avignon – Réseau Orizo Caen – Réseau Twisto Montbéliard – Réseau évolitY Perpignan – Réseau Sankéo Sophia Antipolis – Réseau Envibus Tours – Réseau Fil Bleu Consulter les offres urbaines Services Services Louer une voiture Réserver un hôtel Réserver un Taxi/VTC Assurer votre voyage Livraison de bagages Transport de véhicules Restauration à bord Domicile + Train Tous les services Compte Compte Compte Fermer Créer un compte Accéder à votre compte Accéder à la rubrique sans se connecter Vos espaces Vos espaces Se connecter Se créer un compte Espace MAX JEUNE Espace MAX SENIOR Communauté SNCF Connect Vos informations Vos informations Vos informations personnelles Cartes et programmes de fidélité Vos achats Vos moyens de paiement Compagnons de voyage Aide et légal Aide et légal Charte de confidentialité Conditions générales d'utilisation Compensation en cas de retard Aide en ligne Contacts Les marchés de Noël d'Amsterdam Accueil A voir, à faire Amsterdam Les marchés de Noël d'Amsterdam Si pour vous, Noël rime avec chocolat chaud, gaufre et patin à glace, rendez-vous à Amsterdam ! Dans la capitale néerlandaise, les marchés de Noël sont des arrêts immanquables en période de fêtes. Réserver un billet de train Réserver un billet de train Rechercher Annuler Sommaire La Fête de la Saint-Nicolas Le Ice Village sur la Place du Musée Le Winter Paradise au RAI Amsterdam Le marché aux fleurs d'Amsterdam Saint-Nicolas - © FooTToo La Fête de la Saint-Nicolas à Amsterdam Le passage de Saint-Nicolas Attention, la Saint-Nicolas est une fête traditionnelle très importante à Amsterdam. Saint-Nicolas et ses assistants arrivent le troisième dimanche de novembre , à bord d’un bateau à vapeur. Ils transportent les cadeaux pour les enfants sages. Saint-Nicolas défile sur son cheval blanc, en costume d'évêque de Myre. Ses assistants acrobates distribuent des bonbons. La cérémonie est même diffusée à la télévision ! Des confiseries et cadeaux Les enfants déposent leurs souliers à la cheminée ou un sac accroché à la poignée de leur porte, en espérant y trouver des friandises tous les matins. Le 5 décembre au soir , c'est la distribution des cadeaux. Dans tous les magasins, vous trouvez les confiseries de la Saint-Nicolas : des bonhommes en pain d’épice, des biscuits en Saint-Nicolas, des lettres en pâte d'amande et chocolat... La patinoire du Ice Village sur la Place du Musée - © iStock - Ilona Titova Le Ice Village sur la Place du Musée Le Marché de Noël Le marché de Noël le plus authentique et réputé d'Amsterdam est certainement celui qui s'installe tous les ans sur la Place du Musée , devant l'iconique Rijksmuseum . Dans les allées de ce charmant village de Noël , on retrouve des stands de cadeaux et de décorations de Noël, de spécialités et de boissons typiques, et de la musique jouée en live. Le Marché de Noël s'installe du mercredi 13 au mardi 26 décembre 2023 . © iStock - Majamitrovic Le Winter Paradise au RAI Amsterdam Winter Paradise Dans le quartier d'Amsterdam-Sud se trouve le RAI, un complexe de halls d'exposition qui accueille chaque année le "" Winter Paradise "". Il s'agit de la rencontre entre un marché de Noël, une fête foraine et une station de sports d'hiver . Vous pouvez aussi regarder des films de Noël ! Que l'on soit entre amis ou en famille, c'est un passage obligé pour s'imprégner de la magie de Noël tout en s'amusant ! Patinoires et pistes de luge On y retrouve des patinoires en intérieur et en extérieur, des pistes de glisse , des jeux en réalité virtuelle, une grande roue du haut de laquelle on peut observer tout Amsterdam... et, bien sûr, des dizaines de stands de spécialités culinaires et de restaurants pour se réchauffer entre deux batailles de boules de neige. Le marché aux fleurs flottant d'Amsterdam - © iStock - Kisa_Markiza Le marché aux fleurs d'Amsterdam Marché aux fleurs Sur le marché aux fleurs flottant d'Amsterdam , en décembre, des plantes de saison viennent s'ajouter sur les étals colorés. On y retrouve donc des sapins de toutes formes et tailles aux côtés des célèbres tulipes de Hollande ! C'est également l'endroit idéal pour dénicher des cadeaux et souvenirs typiques , tels que des petits sabots ou des tulipes en bois. Christmas Palace Pour trouver des cadeaux et de la décoration dans l'esprit de Noël, il faudra se rendre au Christmas Palace , tout près du marché aux fleurs. Ce magasin unique en son genre vend des objets de Noël... 365 jours par an ! Cet article vous a plu ? Partagez-le ! Facebook WhatsApp X, formerly Twitter Pinterest Mail La Rédaction SNCF Connect 17/11/2023 Vous aimerez aussi Fermer Voir tout Les quartiers d'Amsterdam à visiter Où manger pas cher à Amsterdam ? Où manger les meilleurs brunchs à Amsterdam ? La Fête du Roi à Amsterdam (Koningsdag) Où voir des tulipes à Amsterdam ? Top 5 des plus beaux parcs et jardins d’Amsterdam Que visiter à Amsterdam en 3 jours ? Citybreak romantique à Amsterdam Où s’embrasser à Amsterdam ? Top 10 des musées incontournables d’Amsterdam Itinéraire autour du Gouda à Amsterdam Balade autour des canaux d'Amsterdam Nos engagements Meilleurs prix garantis Paiement sécurisé Contact 7j/7 Service client de l'année 2025 Moyens de paiement Infos et conditions Paiement en Chèque-Vacances Connect Infos et conditions de paiement avec les cartes Ayvens, Betterway, Pluxee ou RoadMate Choix du pays Langue France Langue Belgique België Belgium Deutschland España France Italia Luxembourg Nederland Suisse Schweiz Switzerland Other regions and countries Nos partenaires Suivez-nous ! L'entreprise Conditions de présentation des offres sur le site Conditions générales de vente Droits des voyageurs ferroviaires et Règlement européen n°2021/782 Informations légales Charte de confidentialité et cookies Gestion des cookies Partenariat Régie publicitaire Devenir partenaire ou affilié Widget SNCF Connect Sites du groupe Site SNCF Connect & Tech Espace Presse SNCF Connect & Tech Carrières SNCF Connect & Tech Le compte des agents SNCF Groupe-sncf.com Emploi Groupe SNCF Vous informer Aide Contactez-nous Vos billets Communauté SNCF Connect Plan du site SNCF Connect Guide du voyageur Franchissement frontière Handicap & mobilité réduite Nos services pour les voyageurs PSH/PMR Tout savoir sur le service d'assistance en gare Accessibilité numérique : conformité partielle Fonctionnalités d'accessibilité de nos applications mobiles Les autres services d'assistance en Europe Transporteurs TGV INOUI OUIGO TER BlaBlaCar Bus FlixBus BlaBlaCar INTERCITES TGV Lyria EUROSTAR TGV INOUI vers Bruxelles DB SNCF Voyageurs en coopération TGV INOUI vers l'Espagne TGV INOUI vers l'Italie TGV INOUI vers le Luxembourg TGV INOUI vers Fribourg Itinéraires populaires Train Paris Bordeaux Train Paris Marseille Train Bordeaux Paris Train Paris Lyon Train Paris Bruxelles Train Paris Strasbourg Train Paris Toulouse Train Toulouse Paris Train Lyon Paris Train Paris Amsterdam Train Paris Lille Train Nantes Paris Train Paris Genève Train Paris Barcelone Train Paris Nantes Trajets Transporteurs TGV INOUI Lille-Paris TGV INOUI Lyon-Paris TGV INOUI Paris-Nice TGV INOUI Marseille-Paris TGV INOUI Paris-Nantes OUIGO Fleury-les-Aubrais-Paris OUIGO Paris-Fleury-les-Aubrais OUIGO Rennes-Paris OUIGO Marseille-Lyon OUIGO Nantes-Paris TER Paris-Trouville Deauville TER Trouville Deauville-Paris TER Paris-Le Mans TER Le Mans-Paris TER Nice-Cannes : horaires et billets Top destinations Train France Train Paris Train Lyon Train Bordeaux Train Strasbourg Train Nantes Train Marseille Train Lille Train Marne-la-Vallée Chessy (Disneyland® Paris) Train Amsterdam Train Londres Train Barcelone Train Rennes Train Italie : découvrez et voyagez en Italie en train Train Suisse Nos applications mobiles","Les marchés de Noël d'Amsterdam
Réserver un billet de train
Sommaire
La Fête de la Saint-Nicolas à Amsterdam
Le passage de Saint-Nicolas
Des confiseries et cadeaux
Le Ice Village sur la Place du Musée
Le Marché de Noël
Le Winter Paradise au RAI Amsterdam
Winter Paradise
Patinoires et pistes de luge
Le marché aux fleurs d'Amsterdam
Marché aux fleurs
Christmas Palace
Vous aimerez aussi"
que faire à rennes ce week end en famille,"- ""Sorties en famille à Rennes ce week-end""
- ""Agenda des activités familiales à Rennes ce week-end""
- ""Que faire en famille à Rennes ce week-end""",2025 incontournables (11) 01 janv (6) octobre 2025 (5) septembre 2025 (4) sortir rennes (3) infos pratiques (3) 21 sept (3) sept 2025 (3) 1 autre (3) autre date (3)21 sept (18) sept 2025 (18) fête défilé (13) 6 ans (11) 21 septembre (10) sept 21 (10) nov 2025 (10) 2 ans (8) ans 17 (8) 3 mois (8)activité enfant (22) ans partir (15) bretagne quartiers (13) bretagne illeetvilaine (11) illeetvilaine rennes (9) sorties famille (8) bretagne rennes (8) enfants rennes (8) quartiers centre (7) centre rennes (7)trémelin iffendic (9) lac trémelin (8) activités gratuites (5) emmanuel berthier (5) 10 activités (4) parcs jardins (4) jardins bourbansais (4) bourbansais pleugueneuc (4) découverte lilleetvilaine (4) lilleetvilaine famille (4)journées patrimoine (15) 20092025 21092025 (13) ajouter journées (11) 21092025 famille (10) 2025 20092025 (9) journées européennes (9) européennes patrimoine (9) ile france (6) loccasion journées (5) côte dazur (4),septembre 2025 incontournables (4) 21 sept 2025 (3) 1 autre date (3) 01 janv 2025 (3) janv 2025 01 (3) 2025 01 janv (3) 01 janv 2026 (3) octobre 2025 incontournables (3) groupes bureau congrès (2) découvrir sortir manger (2)21 sept 2025 (18) sept 21 sept (10) 21 septembre 2025 (6) fête défilé fête (6) défilé fête défilé (6) juil 21 sept (6) 20 sept 21 (4) fête défilé 3 (4) 03 juil 21 (4) 20 21 septembre (3)bretagne illeetvilaine rennes (9) bretagne quartiers centre (7) quartiers centre rennes (7) bretagne rennes testé (4) rennes bretagne quartiers (4) activité enfant rennes (3) illeetvilaine incontournable bretagne (3) incontournable bretagne rennes (3) bretagne quartiers ouest (3) quartiers ouest rennes (3)lac trémelin iffendic (5) 10 activités gratuites (4) parcs jardins bourbansais (4) jardins bourbansais pleugueneuc (4) chasse trésors forêt (4) trésors forêt villecartier (4) forêt villecartier trésors (4) villecartier trésors haute (4) trésors haute bretagne (4) parc thabor rennes (4)20092025 21092025 famille (10) 2025 20092025 21092025 (9) journées européennes patrimoine (9) ajouter journées patrimoine (7) rennes 2025 20092025 (4) ajouter journées européennes (4) rennes saint brieuc (3) meilleur sorties enfants (3) loccasion journées patrimoine (3) journées patrimoine château (3),2025 (0.52) incontournables (0.37) entre (0.29) rennes (0.29) cookies (0.26) 21 (0.18) site (0.18) 01 (0.16) 20 (0.16) janv (0.16) septembre (0.16) 2026 (0.13) octobre (0.13) sept (0.13) sortir (0.13) tout (0.13) accepter (0.10) données (0.10) fonctionnement (0.10) partir (0.10) saint (0.10) autre (0.08) autres (0.08) congrès (0.08) gratuit (0.08) guidées (0.08) infos (0.08) non (0.08) personnalisés (0.08) tourisme (0.08)2025 (0.60) ans (0.38) sept (0.36) 21 (0.29) rennes (0.20) fête (0.19) enfants (0.16) défilé (0.14) région (0.14) 17 (0.13) famille (0.13) mois (0.12) nov (0.10) septembre (0.10) 13 (0.08) 20 (0.08) exposition (0.08) sorties (0.08) spectacles (0.08) théâtre (0.08) 31 (0.07) faire (0.07) cirque (0.06) cours (0.06) découvrez (0.06) france (0.06) juil (0.06) loisirs (0.06) ok (0.06) petits (0.06)rennes (0.65) bretagne (0.35) enfant (0.31) ans (0.22) sorties (0.21) activité (0.18) enfants (0.18) ille (0.17) vilaine (0.17) partir (0.16) atelier (0.11) famille (0.11) quartiers (0.11) centre (0.10) parc (0.09) ateliers (0.08) balade (0.08) activités (0.07) propose (0.07) spectacle (0.07) musée (0.07) avis (0.06) escape (0.06) jeux (0.06) top (0.06) tous (0.06) anniversaire (0.05) brocéliande (0.05) espace (0.05) menu (0.05)ille (0.45) vilaine (0.45) enfants (0.26) rennes (0.26) découvrir (0.23) famille (0.21) trémelin (0.18) plage (0.17) bretagne (0.16) château (0.16) saint (0.16) lac (0.14) tous (0.14) activités (0.13) astuce (0.13) forêt (0.13) iffendic (0.13) trésors (0.11) 10 (0.10) brocéliande (0.10) cancale (0.10) grand (0.10) nature (0.10) pique (0.10) balade (0.09) cœur (0.09) découverte (0.09) hamon (0.09) mer (0.09) nique (0.09)2025 (0.50) 09 (0.35) journées (0.32) patrimoine (0.32) famille (0.23) 20 (0.21) rennes (0.21) 21 (0.20) ajouter (0.17) vacances (0.17) ans (0.15) haute (0.14) page (0.13) enfants (0.12) loire (0.12) saint (0.12) européennes (0.10) ateliers (0.09) jeux (0.09) nature (0.09) parcs (0.09) 18h (0.08) château (0.08) musée (0.08) brieuc (0.07) charente (0.07) ile (0.07) occasion (0.07) pyrénées (0.07) sorties (0.07),"- **Journées Européennes du Patrimoine** : Participez aux visites guidées et ateliers spécialement conçus pour les familles les 20 et 21 septembre 2025.
- **Parc du Thabor** : Profitez d'un pique-nique en famille dans ce magnifique jardin botanique, doté d'aires de jeux et de magnifiques paysages.
- **Festival Le Son de Gaston#4** : Assistez à des spectacles musicaux variés adaptés à tous les âges, se tenant du 20 au 21 septembre 2025.
- **Braderie du Canal Saint-Martin** : Découvrez cet événement gratuit le 21 septembre 2025, idéal pour une journée de shopping et de découverte en famille.
- **Roazhon Run** : Participez à cette course familiale avec des parcours adaptés aux enfants, se déroulant les 20 et 21 septembre 2025.","- À ne pas rater actuellement 14 juin -> 21 sept. 2025 +1 autre date
- Festival Le Son de Gaston#4 Entre 5.5€ et 21.8€
- Braderie du Canal Saint-Martin Gratuit 27 septembre 2025
- Rues Vivantes 2025 Gratuit 20 sept. -> 21 sept. 2025
- Roazhon Run Entre 2€ et 12€
- Visites Guidées Le Palais du Parlement de Bretagne en 90 min À partir de 6.5€
- Fest-Noz Yaouank au Liberté Entre 13.5€ et 29.4€
- Le Grand Soufflet – Bia Ferreira + Djé Balèti + Le Grand Barouf Entre 5€ et 21.8€
- Visite du coeur historique À partir de 6.5€
- Soirée Focus Funk Entre 5€ et 10.9€
- Festival Le Son de Gaston#4 Entre 5.5€ et 21.8€
- Visite couplée : le coeur historique + le Parlement de Bretagne À partir de 7.5€
- Pierre et Le Loup – EMC2 Entre 15€ et 25€
- Balade 1h en bateau électrique 5 places – Les P’tits Bateaux Canal Saint-Martin À partir de 40€
- Le Grand Soufflet – Bal trad avec Bargainatt, Duo des Cimes et Talec Entre 4€ et 13.1€
- Loisirs Rennes au rythme des mots Entre 7€ et 9€
- Du 20 sept. au 21 sept. 2025 Roazhon Run 2025
- Du 17 sept. au 21 sept. 2025 World CleanUp Day 2025
- Du 09 juil. au 21 sept. 2025 Un été au château de Châteaugiron 2025
- Du 31 janv. 2024 au 15 mars 2026 Top spectacles jeune public à voir en famille en 2025
- Du 13 sept. au 23 nov. 2025 Les potions magiques du professeur bonheur
- Du 08 sept. au 24 nov. 2025 Visite couplée : le coeur historique + le Parlement de Bretagne À partir de 7.5€
- Du 06 janv. au 31 déc. 2025 Les expos à voir en famille en 2025 en France",que faire à rennes ce week end en famille,"Top 10 des activités à faire en famille à Rennes - SNCF Connect Aller au contenu principal Voyager Voyager Voyager Fermer Tout pour voyager Réserver Réserver Billets de train Voyages en bus Trajets en covoiturage Location de voiture Hôtels Taxi/VTC Bons plans Bons plans Voyages en groupe Voyages pro Enfant voyageant seul Informations Informations Horaires en gare Info trafic Handicap et accessibilité Tous les transporteurs Tous les services Nos réponses à vos questions Guide de voyage Guide de voyage Où voyager en France, en Europe Voyager selon vos envies Billets Billets Billets Fermer Voir vos billets et titres Vos voyages Vos voyages Tous vos voyages Importer un voyage Compensation en cas de retard Faire une réclamation Modifier un voyage Assurance Allianz Vos cartes et abonnements Vos cartes et abonnements Importer une carte ou abonnement Acheter une carte ou abonnement Compléter votre voyage Compléter votre voyage Louer une voiture Réserver un hôtel Réserver un Taxi/VTC Transports urbains Restauration à bord TGV INOUI Restauration à bord INTERCITES Tous les services Offres Offres Offres Fermer Parcourir toutes les offres Cartes et abonnements SNCF Cartes et abonnements SNCF Carte Avantage Jeune Carte Avantage Adulte Carte Avantage Senior Carte Liberté Abonnement MAX ACTIF Abonnement MAX JEUNE Toutes les cartes et abonnements Offres régionales Offres régionales TER Auvergne-Rhône-Alpes TER Hauts de France LiO Train Occitanie TER Nouvelle-Aquitaine Titres Île-de-France Mobilités Consulter les offres régionales Offres urbaines Offres urbaines Avignon – Réseau Orizo Caen – Réseau Twisto Montbéliard – Réseau évolitY Perpignan – Réseau Sankéo Sophia Antipolis – Réseau Envibus Tours – Réseau Fil Bleu Consulter les offres urbaines Services Services Louer une voiture Réserver un hôtel Réserver un Taxi/VTC Assurer votre voyage Livraison de bagages Transport de véhicules Restauration à bord Domicile + Train Tous les services Compte Compte Compte Fermer Créer un compte Accéder à votre compte Accéder à la rubrique sans se connecter Vos espaces Vos espaces Se connecter Se créer un compte Espace MAX JEUNE Espace MAX SENIOR Communauté SNCF Connect Vos informations Vos informations Vos informations personnelles Cartes et programmes de fidélité Vos achats Vos moyens de paiement Compagnons de voyage Aide et légal Aide et légal Charte de confidentialité Conditions générales d'utilisation Compensation en cas de retard Aide en ligne Contacts Top 10 des activités à faire en famille à Rennes Accueil A voir, à faire Rennes Top 10 des activités à faire en famille à Rennes Envie de passer un week-end dans la capitale de Bretagne avec toute votre petite tribu ? Alors direction Rennes en train ! Voici nos 10 activités à faire en famille à Rennes. Réserver un billet de train Réserver un billet de train Rechercher Annuler Sommaire On fait marcher les méninges à l’Enigmaparc Visite des musées et des expositions Découverte du Château de Châteaugiron Détente et découverte au Parc ornithologique à Bruz Espace des sciences : Le laboratoire de Merlin Un peu de sport en Kayak sur la Vilaine Visite de l’écomusée de Rennes Balade dans la forêt de Rennes A la recherche des trésors dans les rues de Rennes Pause détente dans les Parcs rennais Enfant qui regarde une exposition - © Getty Images - Tom Werner On fait marcher les méninges à l’Enigmaparc Enigmaparc Impossible de résister à l’appel de l’aventure ! Découvrez avec vos enfants les mystères de l’Enigmaparc . Jeu de piste et énigmes Imaginez une sorte de jeu de piste, avec des labyrinthes , des passages secrets dans 12 salles aux décors différents où vous déambulerez afin de découvrir une identité secrète. C’est parti, plus de 45 énigmes vous attendent ! © Istock - praetorianphoto Visite des musées et des expositions Sortie culturelle Si vous cherchez quelque chose à faire à Rennes en famille , vous pouvez opter pour une sortie culturelle parmi les nombreux musées et lieux d'expositions de la ville. Le Musée des Beaux Arts Le Musée des Beaux Arts par exemple propose de belles découvertes pour vos enfants, en leur faisant découvrir les œuvres et les arts avec un crayon à la main. Château de Châteaugiron - © BERTHIER Emmanuel Découverte du Château de Châteaugiron La petite cité On l’appelle « la petite cité de caractère », et du caractère, elle en a ! La ville de Châteaugiron est développée autour de son château. Se sentir comme un chevalier ou une princesse Cette ancienne forteresse médiévale possède encore 4 de ses 6 tours originelles , dont un donjon – idéal se prendre pour un preux chevalier ou une noble princesse – et la tour de l’horloge qui abrite Henriette, la cloche du château ! Prêts à monter les 150 marches qui mènent à elle ? couple oiseaux - © Istock - simonkr Détente et découverte au Parc ornithologique à Bruz Découvrir les animaux Perroquets multicolores, paons fières et majestueux, cygnes élégants, ibis sacré, Emeu, faisans… Le parc ornithologique est un bel endroit pour découvrir et observer des races d’oiseaux plus ou moins rares . En sortant, vos enfants sauront facilement différencier le cacatoès à huppe jaune du ara macao ! Les animations Le parc propose différentes animations pour les enfants. Des jeux pour la découverte du parc avec des jeux de piste et parcours personnalisés. Des animations à thèmes que ce soit oiseaux et milieux, Tour du monde, Sens chez les oiseaux, etc Enfants au musée - © iStock - monkeybusinessimages Espace des sciences : Le laboratoire de Merlin Découvrir les sciences Une dose d’ expérimentation , une pincée de parcours ludique, un soupçon de communication, quelques gouttes de manipulation, on mélange le tout et on en fait une sortie en famille exceptionnelle ! En sortant, vos enfants vont adorer les sciences. 1 heure de découverte Pendant 1 heure partez à la découverte des différents éléments, matériaux et autres qui nous entourent. Dans l'espace ludique, les enfants peuvent tester leurs connaissances en jouant avec les formes, l'énergie, l'air et les images. kayak rivière campagne - © iStock - Vitalalp Un peu de sport en Kayak sur la Vilaine Pour bien découvrir les paysages qui s’offrent à vous, un petit tour sur la Vilaine est un incontournable. Le canoë-kayak, ça vous dit ? Alors on file louer son embarcation et c’est parti. Et pour les plus motivés, il est possible de faire des stages de 5 demi-journées pendant les vacances de Pâques et d’été. Fillette avec une chèvre - © iStock - BanksPhotos Visite de l’écomusée de Rennes Ecomusée de Rennes En vacances, l’un veut voir un verger et découvrir les plantes, l’autre souhaite connaître l’histoire locale, la petite dernière adore les animaux, tandis que votre moitié est fascinée par l’architecture écologique contemporaine. Rien de plus simple pour satisfaire tout ce petit monde puisque tout ceci se trouve dans l’écomusée de Rennes ! Un musée et un parc agro-pastoral Vous découvrez des expositions sur différents thèmes comme celui du cuir ou vous pouvez participer à des animations pour savoir comment entretenir votre jardin. Dans le parc, on observe de nombreuses cultures comme celui du chanvre, du sarrasin mais aussi des vergers. Famille au parc - © Istock - filadendron Balade dans la forêt de Rennes Pour une petite balade en famille à Rennes , vous pouvez vous diriger vers la forêt domaniale de Rennes qui s'étend sur près de 3000 hectares. Pour agrémenter votre sortie, dirigez-vous vers l'étang des Maffraix ou encore le parcours écologique de 1h15 adapté pour toute la famille et pour y faire la découverte de la forêt. rennes centre ville - © iStock - olrat A la recherche des trésors dans les rues de Rennes Les rues de Rennes cachent bien des surprises ! Pour les découvrir, suivez un guide qui vous montrera des lieux étonnants et vous racontera leurs histoires. Qui aurait cru que l’art est partout, dans la ville ? Du parking souterrain au couvent de bonnes sœurs en passant par une place, ses arbres et ses bancs, il y a de quoi régaler les plus curieux. Parc du thabor à Rennes - © iStock - undefined undefined Pause détente dans les Parcs rennais Le parc du Thabord C’est le moment de faire une pause et laisser les enfants courir à leur guise : un passage par l’un des parcs de la ville s’impose. Pour la vue et le plaisir de l’un des plus beaux jardins de France , c’est au parc du Thabord que ça se passe. Les prairies Saint-Martin A côté anal de l'Ille-et-Rance se trouve 30 hectares de nature qui viennent former les prairies Saint-Martin. Des aires de pique-nique sont présentent avec des aires de repos ou encore des observatoires à oiseaux. On retrouve même des terrains pour jouer à la pétanque ou au palet ! Cet article vous a plu ? Partagez-le ! Facebook WhatsApp X, formerly Twitter Pinterest Mail La Rédaction SNCF Connect 29/01/2024 Vous aimerez aussi Fermer Voir tout Le top des parcs et jardins de Rennes Les 6 musées les plus emblématiques de Rennes Hôtel Balthazar : un spa en plein centre de Rennes Rennes : les événements à venir Les incontournables de Rennes Week-end vert et éco-responsable à Rennes 5 lieux secrets à découvrir à moins d’une heure en TER de Rennes Où boire un verre en terrasse à Rennes ? Nos engagements Meilleurs prix garantis Paiement sécurisé Contact 7j/7 Service client de l'année 2025 Moyens de paiement Infos et conditions Paiement en Chèque-Vacances Connect Infos et conditions de paiement avec les cartes Ayvens, Betterway, Pluxee ou RoadMate Choix du pays Langue France Langue Belgique België Belgium Deutschland España France Italia Luxembourg Nederland Suisse Schweiz Switzerland Other regions and countries Nos partenaires Suivez-nous ! L'entreprise Conditions de présentation des offres sur le site Conditions générales de vente Droits des voyageurs ferroviaires et Règlement européen n°2021/782 Informations légales Charte de confidentialité et cookies Gestion des cookies Partenariat Régie publicitaire Devenir partenaire ou affilié Widget SNCF Connect Sites du groupe Site SNCF Connect & Tech Espace Presse SNCF Connect & Tech Carrières SNCF Connect & Tech Le compte des agents SNCF Groupe-sncf.com Emploi Groupe SNCF Vous informer Aide Contactez-nous Vos billets Communauté SNCF Connect Plan du site SNCF Connect Guide du voyageur Franchissement frontière Handicap & mobilité réduite Nos services pour les voyageurs PSH/PMR Tout savoir sur le service d'assistance en gare Accessibilité numérique : conformité partielle Fonctionnalités d'accessibilité de nos applications mobiles Les autres services d'assistance en Europe Transporteurs TGV INOUI OUIGO TER BlaBlaCar Bus FlixBus BlaBlaCar INTERCITES TGV Lyria EUROSTAR TGV INOUI vers Bruxelles DB SNCF Voyageurs en coopération TGV INOUI vers l'Espagne TGV INOUI vers l'Italie TGV INOUI vers le Luxembourg TGV INOUI vers Fribourg Itinéraires populaires Train Paris Bordeaux Train Paris Marseille Train Bordeaux Paris Train Paris Lyon Train Paris Bruxelles Train Paris Strasbourg Train Paris Toulouse Train Toulouse Paris Train Lyon Paris Train Paris Amsterdam Train Paris Lille Train Nantes Paris Train Paris Genève Train Paris Barcelone Train Paris Nantes Trajets Transporteurs TGV INOUI Lille-Paris TGV INOUI Lyon-Paris TGV INOUI Paris-Nice TGV INOUI Marseille-Paris TGV INOUI Paris-Nantes OUIGO Fleury-les-Aubrais-Paris OUIGO Paris-Fleury-les-Aubrais OUIGO Rennes-Paris OUIGO Marseille-Lyon OUIGO Nantes-Paris TER Paris-Trouville Deauville TER Trouville Deauville-Paris TER Paris-Le Mans TER Le Mans-Paris TER Nice-Cannes : horaires et billets Top destinations Train France Train Paris Train Lyon Train Bordeaux Train Strasbourg Train Nantes Train Marseille Train Lille Train Marne-la-Vallée Chessy (Disneyland® Paris) Train Amsterdam Train Londres Train Barcelone Train Rennes Train Italie : découvrez et voyagez en Italie en train Train Suisse Nos applications mobiles","Top 10 des activités à faire en famille à Rennes
Réserver un billet de train
Sommaire
On fait marcher les méninges à l’Enigmaparc
Enigmaparc
Jeu de piste et énigmes
Visite des musées et des expositions
Sortie culturelle
Le Musée des Beaux Arts
Découverte du Château de Châteaugiron
La petite cité
Se sentir comme un chevalier ou une princesse
Détente et découverte au Parc ornithologique à Bruz
Découvrir les animaux
Les animations
Espace des sciences : Le laboratoire de Merlin
Découvrir les sciences
1 heure de découverte
Un peu de sport en Kayak sur la Vilaine
Visite de l’écomusée de Rennes
Ecomusée de Rennes
Un musée et un parc agro-pastoral
Balade dans la forêt de Rennes
A la recherche des trésors dans les rues de Rennes
Pause détente dans les Parcs rennais
Le parc du Thabord
Les prairies Saint-Martin
Vous aimerez aussi"
séjour parc astérix avec transport,"- Séjours Parc Astérix avec transport inclus | Billets et hébergement avec Selectour
- Séjour au Parc Astérix avec transport pas cher | Cdiscount Voyages - Paiement 4X
- Offres de séjours en groupe au Parc Astérix avec transport compris",pass saison (5) parc astérix (4) billets séjours (3) séjours pass (3) saison filotomatix (3) filotomatix restauration (3) restauration carte (3) carte cadeau (3) cadeau navette (3) hôtels trois (3)request failed (1) failed you (1) you will (1) will not (1) not be (1) be charged (1) charged for (1) for this (1) this request (1) request please (1)voyage groupe (25) parc astérix (14) très bien (11) groupe parc (8) 2 jours (7) court séjour (6) ans dès (6) très bonne (6) cette agence (6) très bon (6)mot passe (15) parc astérix (10) asterix hotel (9) 2 jours (6) jours 1 (6) 1 nuit (6) séjour parc (5) veuillez remplir (5) veuillez saisir (5) adresse email (5)li classlistitem (33) classlistitem dinlineflex (33) dinlineflex a (33) classprimary séjour (33) a li (33) li li (32) div div (28) parc astérix (20) toutes offres (19) cdiscount voyages (10),billets séjours pass (3) séjours pass saison (3) pass saison filotomatix (3) saison filotomatix restauration (3) filotomatix restauration carte (3) restauration carte cadeau (3) carte cadeau navette (3) hôtels trois hiboux (3) comprend lhébergement petits (3) lhébergement petits déjeuners (3)request failed you (1) failed you will (1) you will not (1) will not be (1) not be charged (1) be charged for (1) charged for this (1) for this request (1) this request please (1) request please make (1)groupe parc astérix (7) voyage groupe parc (6) weekend court séjour (4) court séjour voyage (3) séjour voyage groupe (3) voyage groupe dès (3) groupe dès 149 (3) dès 149 parc (3) 149 parc asterix (3) 2 jours 1 (3)2 jours 1 (6) jours 1 nuit (6) séjour parc astérix (5) nouveau mot passe (4) 1 2 3 (3) 2 3 4 (3) 3 4 5 (3) 4 5 6 (3) 5 6 7 (3) 6 7 8 (3)li classlistitem dinlineflex (33) classlistitem dinlineflex a (33) a li li (32) li li classlistitem (32) div div div (10) details classquestionwrap summary (6) séjour parc astérix (5) parc astérix summary (5) details details classquestionwrap (5) gérer réservation aide (4),parc (0.65) séjour (0.34) hôtels (0.22) avis (0.20) hôtel (0.20) plus (0.20) 2025 (0.16) partir (0.16) pass (0.13) saison (0.13) séjours (0.13) très (0.13) asterix (0.11) billets (0.11) billetterie (0.11) lire (0.11) visite (0.11) astérix (0.09) attractions (0.09) aventures (0.09) comprend (0.09) date (0.09) enfants (0.09) infos (0.09) moins (0.09) personne (0.09) quais (0.09) tarifs (0.09) trois (0.09) was (0.09)request (0.45) true (0.30) your (0.30) adding (0.15) again (0.15) and (0.15) be (0.15) charged (0.15) correct (0.15) domains (0.15) failed (0.15) for (0.15) is (0.15) make (0.15) may (0.15) not (0.15) or (0.15) parameter (0.15) please (0.15) premium (0.15) protected (0.15) require (0.15) sure (0.15) this (0.15) to (0.15) try (0.15) ultra_premium (0.15) url (0.15) will (0.15) you (0.15)voyage (0.48) très (0.46) groupe (0.32) transgallia (0.25) 2022 (0.20) séjour (0.20) agence (0.18) bien (0.18) parc (0.18) 2021 (0.14) organisation (0.14) tout (0.13) 2023 (0.12) hôtel (0.12) astérix (0.11) dès (0.11) guide (0.11) 05 (0.11) 11 (0.10) tous (0.10) bon (0.09) toujours (0.09) 19 (0.08) personnes (0.08) 10 (0.08) ans (0.08) bonne (0.08) jours (0.08) plus (0.08) qualité (0.08)selectour (0.33) séjour (0.33) passe (0.29) voyage (0.29) mot (0.27) parc (0.26) astérix (0.22) email (0.22) asterix (0.20) compte (0.20) veuillez (0.20) hotel (0.16) nuit (0.15) voyages (0.15) adresse (0.13) nom (0.13) tous (0.13) demande (0.11) expérience (0.11) jours (0.11) mail (0.11) plus (0.11) sans (0.11) agence (0.09) attractions (0.09) bien (0.09) enfant (0.09) incorrect (0.09) prénom (0.09) saisir (0.09)class (0.38) ts (0.32) booking (0.29) label (0.29) search (0.27) engine (0.25) serp (0.24) div (0.23) product (0.20) message (0.19) li (0.17) price (0.16) séjour (0.16) eacute (0.15) tsx (0.15) href (0.13) item (0.12) select (0.12) fr (0.11) text (0.11) custom (0.11) s_c (0.11) title (0.10) var (0.10) mobile (0.09) flex (0.09) cdiscount (0.09) list (0.09) parc (0.09) inline (0.08),"- Ajoutez une section détaillant l'histoire et la création du Parc Astérix pour offrir un contexte enrichissant.
- Intégrez des informations sur les mesures de sécurité et les protocoles sanitaires mis en place dans le parc.
- Fournissez des conseils pratiques sur les meilleures périodes pour visiter et comment éviter les foules.
- Incluez des statistiques sur le nombre de visiteurs annuels et les attractions les plus populaires.
- Ajoutez une liste des services disponibles, tels que l'accessibilité pour les personnes handicapées et les options de restauration.","- Séjour 1 jour/1 nuit pour 2 adultes et 2 enfants en chambre 4 personnes en basse saison
- A partir de 88 €40 par pers.
- Les Trois Hiboux *** Le plus chouette des hôtels à partir de 88 €40 par personne
- La Cité Suspendue *** Un hôtel au milieu de la forêt à partir de 91 € par personne
- Les Quais de Lutèce **** Une halte festive dans la ville antique à partir de 97 €83 par personne
- Note de 4,9/5 de tous les participants
- Voyage en groupe de 22 personnes.
- Voyage en groupe de 20 personnes. (voyage reporté 3 fois suite à la pandémie)
- Séjour 2 jours / 1 nuit Hôtel avec Petit-déjeuner buffet Entrées Parc 2 jours dès 29 €
- Enfants de - de 3 ans dès 99 €
- Adultes Découvrir 209€ dès 175 €",séjour parc astérix avec transport,"Le Parc Astérix avec les enfants - SNCF Connect Aller au contenu principal Voyager Voyager Voyager Fermer Tout pour voyager Réserver Réserver Billets de train Voyages en bus Trajets en covoiturage Location de voiture Hôtels Taxi/VTC Bons plans Bons plans Voyages en groupe Voyages pro Enfant voyageant seul Informations Informations Horaires en gare Info trafic Handicap et accessibilité Tous les transporteurs Tous les services Nos réponses à vos questions Guide de voyage Guide de voyage Où voyager en France, en Europe Voyager selon vos envies Billets Billets Billets Fermer Voir vos billets et titres Vos voyages Vos voyages Tous vos voyages Importer un voyage Compensation en cas de retard Faire une réclamation Modifier un voyage Assurance Allianz Vos cartes et abonnements Vos cartes et abonnements Importer une carte ou abonnement Acheter une carte ou abonnement Compléter votre voyage Compléter votre voyage Louer une voiture Réserver un hôtel Réserver un Taxi/VTC Transports urbains Restauration à bord TGV INOUI Restauration à bord INTERCITES Tous les services Offres Offres Offres Fermer Parcourir toutes les offres Cartes et abonnements SNCF Cartes et abonnements SNCF Carte Avantage Jeune Carte Avantage Adulte Carte Avantage Senior Carte Liberté Abonnement MAX ACTIF Abonnement MAX JEUNE Toutes les cartes et abonnements Offres régionales Offres régionales TER Auvergne-Rhône-Alpes TER Hauts de France LiO Train Occitanie TER Nouvelle-Aquitaine Titres Île-de-France Mobilités Consulter les offres régionales Offres urbaines Offres urbaines Avignon – Réseau Orizo Caen – Réseau Twisto Montbéliard – Réseau évolitY Perpignan – Réseau Sankéo Sophia Antipolis – Réseau Envibus Tours – Réseau Fil Bleu Consulter les offres urbaines Services Services Louer une voiture Réserver un hôtel Réserver un Taxi/VTC Assurer votre voyage Livraison de bagages Transport de véhicules Restauration à bord Domicile + Train Tous les services Compte Compte Compte Fermer Créer un compte Accéder à votre compte Accéder à la rubrique sans se connecter Vos espaces Vos espaces Se connecter Se créer un compte Espace MAX JEUNE Espace MAX SENIOR Communauté SNCF Connect Vos informations Vos informations Vos informations personnelles Cartes et programmes de fidélité Vos achats Vos moyens de paiement Compagnons de voyage Aide et légal Aide et légal Charte de confidentialité Conditions générales d'utilisation Compensation en cas de retard Aide en ligne Contacts Le Parc Astérix avec les enfants Accueil A voir, à faire Parcs d'attractions Le Parc Astérix avec les enfants Très réputé pour ses attractions à sensations fortes, le Parc Astérix est également un parc d’attractions tout à fait adapté pour les familles. Facile d'accès en bus, le parc Astérix est le parc idéal pour profiter en famille. Réserver un billet de train Réserver un billet de train Rechercher Annuler Sommaire Les attractions d'eau du Parc Astérix Les attractions à sensations pour les petits Nos attractions préférées pour les tout-petits Les animations et les spectacles du Parc Astérix Comment venir au Parc Astérix ? Menhir Express, attraction au Parc Astérix - © Sylvain Cambon Les attractions d'eau du Parc Astérix De nombreuses attractions sont accessibles pour les plus jeunes, notamment les attractions sur l’eau comme le grand Splatch, les bouées géantes de Romus et Rapidus, les bateaux pneumatiques de l'Oxygénarium ou Menhir Express, qui rafraîchiront petits et grands aux beaux jours. L'Epidemaïs Croisière vous fait faire un tour du village sur l'eau, en musique et en douceur, en croisant des surprises sur les rives. Romus et Rapidus, Attraction au parc Astérix - © Sylvain Cambon Les attractions à sensations pour les petits Montez en famille dans le train de SOS Numérobis , une montagne russe familiale spécialement conçue pour découvrir la vitesse et les sensations en douceur, ou dans celui du Vol d’Icare. Tournez ensemble dans les Chaudrons, ou en hauteur dans l'Hydre de Lerne. Si vous êtes nostalgique des Carrousel, profitez de l'occasion pour monter sur celui de César. Retrouvez cinq attractions, chacune imaginée par un druide : Aérodynamix, Énigmatix, Lavomatix, Étamine et Hydrolix. Entre deux manèges, n’hésitez pas à chercher où se cache Idéfix ! © Istock_ilkercelik Nos attractions préférées pour les tout-petits A partir de 80cm Emmenez-les sur les Petits chaises volantes, le Lavomatix (manège), l'Hydrolix (petite barque), l'Etamine (une maison surélevée qui remue), le Mini Carrousel ou le Petit Train... A partir de 90cm Direction Les P'tits Chars Tamponneurs, L'Escadrille des As (manège d'avions), le Mini Carrousel, l'Enigmatix (mini-ascenseur) et l'Aérodynamix ! 3 aires de jeux On aime les aires de jeux : Viking (ambiance drakkar !), Panoramix (parcours dans les arbres) ou Petit Chêne (cabanes et toboggans). Attention Menhir ! le film en 4D Produit par les Studios Idéfix, voici une aventure que vous n'oublierez pas. Asseyez-vous et cramponnez-vous car ça bouge, ça éclabousse, ça vibre... bruits, tremblements, odeurs, eau, vent… l’immersion est totale. Les animations et les spectacles du Parc Astérix Chronos : Magie et illusions se joue au Théâtre de Panoramix (20 min). Main basse sur la Joconde (25 min) est un spectacle théâtral familial (que les week-ends de mai et juin). Cléopâtre fait des offrandes à Oziris pour que l'eau arrive au village (que les week-ends de mai et juin). Une tortue romaine et des chars avec Cléopâtre, César et Gaulois accompagne Astérix, Obélix, Panoramix... pour un défilé dans le Parc en chants et danses. Si vous souhaitez rencontrer tous les héros du parc et faire des selfies, ils sont au village gaulois quand ils ne défilent pas ! 4 athlètes Romains et Grecs font une compétition de plongeons au Théâtre de Poséidon en plein cœur de La Cité d’Olympie. Les figures sont spectaculaires ! Gaulois vs Romains : Le Match sont 3 épreuves physiques d'une nouvelle production télévisée des Studios Jules César ! Confortablement installés dans les arènes Romaines, vous êtes dans les coulisses du tournage. Goudurix, attraction du Parc Astérix - © Sylvain Cambon Comment venir au Parc Astérix en train ? Pour rejoindre le parc Astérix en train depuis Paris, prenez le RER B ""Aéroport Charles De Gaulle 1"". Rendez-vous au guichet « Parc Astérix » où des hôtesses vous dirigent vers les navettes dédiées. Les navettes partent toutes les 30mn, 1h avant l'ouverture du Parc et jusqu'à 1h après la fermeture. Vous pouvez aussi arriver à la gare TGV Charles de Gaulle 2 en OUIGO , rejoindre ensuite l'aérogare 1 avec la navette automatique CDGVAL pour prendre les navettes du Parc Astérix. Cet article vous a plu ? Partagez-le ! Facebook WhatsApp X, formerly Twitter Pinterest Mail La Rédaction SNCF Connect 15/03/2023 Vous aimerez aussi Fermer Voir tout Voyage à Londres et aux Studios Harry Potter en train tout compris : le guide Comment aller au Parc Astérix ? Comment aller à Disneyland® Paris ? 10 choses qui nous arrivent tout le temps au Puy du Fou Le Puy du Fou, spectacles historiques en Vendée PortAventura : du bonheur en famille ! 10 attractions pour s'amuser en famille au Parc Astérix Top 5 des attractions pour frissonner entre amis au Parc Astérix Nos engagements Meilleurs prix garantis Paiement sécurisé Contact 7j/7 Service client de l'année 2025 Moyens de paiement Infos et conditions Paiement en Chèque-Vacances Connect Infos et conditions de paiement avec les cartes Ayvens, Betterway, Pluxee ou RoadMate Choix du pays Langue France Langue Belgique België Belgium Deutschland España France Italia Luxembourg Nederland Suisse Schweiz Switzerland Other regions and countries Nos partenaires Suivez-nous ! L'entreprise Conditions de présentation des offres sur le site Conditions générales de vente Droits des voyageurs ferroviaires et Règlement européen n°2021/782 Informations légales Charte de confidentialité et cookies Gestion des cookies Partenariat Régie publicitaire Devenir partenaire ou affilié Widget SNCF Connect Sites du groupe Site SNCF Connect & Tech Espace Presse SNCF Connect & Tech Carrières SNCF Connect & Tech Le compte des agents SNCF Groupe-sncf.com Emploi Groupe SNCF Vous informer Aide Contactez-nous Vos billets Communauté SNCF Connect Plan du site SNCF Connect Guide du voyageur Franchissement frontière Handicap & mobilité réduite Nos services pour les voyageurs PSH/PMR Tout savoir sur le service d'assistance en gare Accessibilité numérique : conformité partielle Fonctionnalités d'accessibilité de nos applications mobiles Les autres services d'assistance en Europe Transporteurs TGV INOUI OUIGO TER BlaBlaCar Bus FlixBus BlaBlaCar INTERCITES TGV Lyria EUROSTAR TGV INOUI vers Bruxelles DB SNCF Voyageurs en coopération TGV INOUI vers l'Espagne TGV INOUI vers l'Italie TGV INOUI vers le Luxembourg TGV INOUI vers Fribourg Itinéraires populaires Train Paris Bordeaux Train Paris Marseille Train Bordeaux Paris Train Paris Lyon Train Paris Bruxelles Train Paris Strasbourg Train Paris Toulouse Train Toulouse Paris Train Lyon Paris Train Paris Amsterdam Train Paris Lille Train Nantes Paris Train Paris Genève Train Paris Barcelone Train Paris Nantes Trajets Transporteurs TGV INOUI Lille-Paris TGV INOUI Lyon-Paris TGV INOUI Paris-Nice TGV INOUI Marseille-Paris TGV INOUI Paris-Nantes OUIGO Fleury-les-Aubrais-Paris OUIGO Paris-Fleury-les-Aubrais OUIGO Rennes-Paris OUIGO Marseille-Lyon OUIGO Nantes-Paris TER Paris-Trouville Deauville TER Trouville Deauville-Paris TER Paris-Le Mans TER Le Mans-Paris TER Nice-Cannes : horaires et billets Top destinations Train France Train Paris Train Lyon Train Bordeaux Train Strasbourg Train Nantes Train Marseille Train Lille Train Marne-la-Vallée Chessy (Disneyland® Paris) Train Amsterdam Train Londres Train Barcelone Train Rennes Train Italie : découvrez et voyagez en Italie en train Train Suisse Nos applications mobiles","Le Parc Astérix avec les enfants
Réserver un billet de train
Sommaire
Les attractions d'eau du Parc Astérix
Les attractions à sensations pour les petits
Nos attractions préférées pour les tout-petits
A partir de 80cm
A partir de 90cm
3 aires de jeux
Attention Menhir ! le film en 4D
Les animations et les spectacles du Parc Astérix
Comment venir au Parc Astérix en train ?
Vous aimerez aussi"
oziris vitesse maximale,"- Plongée dans l'univers de la vitesse maximale avec Oziris
- L'attraction incontournable : Oziris et sa vitesse maximale
- Découvrez l'adrénaline à son apogée avec Oziris",montagnes russes (13) modifier modifier (12) modifier code (12) parc astérix (10) consulté 25 (6) 25 juin (6) juin 2014 (6) bolliger mabillard (5) russes inversées (5) 2012 consulté (5)parc astérix (7) plus dinfos (5) pass saison (3) attractions spectacles (3) spectacles évènements (3) évènements restaurants (3) restaurants boutiques (3) boutiques visite (3) visite virtuelle (3) sensations fortes (3)parcs dattractions (11) parc astérix (8) dattractions france (7) parcs dattraction (6) lattraction oziris (4) sensations fortes (4) montagnes russes (4) 90 kmh (4) astérix oziris (3) disneyland paris (3)oziris parc (1) parc astérix (1) astérix r1dd3n (1),modifier modifier code (12) consulté 25 juin (6) 25 juin 2014 (6) montagnes russes inversées (5) déplacer vers barre (4) vers barre latérale (4) barre latérale masquer (4) 2012 consulté 25 (4) montagnes russes métal (3) faire don créer (2)attractions spectacles évènements (3) spectacles évènements restaurants (3) évènements restaurants boutiques (3) restaurants boutiques visite (3) boutiques visite virtuelle (3) plus dinfos moins (3) dinfos moins dinfos (3) nocturnes peur parc (3) comprend lhébergement petits (3) lhébergement petits déjeuners (3)parcs dattractions france (7) parc astérix oziris (3) quelle particularité lattraction (2) particularité lattraction oziris (2) montagne russe inversée (2) parmi parcs dattractions (2) oziris parc astérix (2) vitesse maximale 90 (2) maximale 90 kmh (2) 2 minutes 30 (2)oziris parc astérix (1) parc astérix r1dd3n (1),modifier (0.37) oziris (0.36) attraction (0.34) articles (0.24) astérix (0.24) portail (0.24) code (0.22) parc (0.22) liés (0.20) montagnes (0.19) russes (0.19) 2012 (0.17) iris (0.17) page (0.14) 25 (0.13) consulté (0.13) mètres (0.13) 2014 (0.10) avril (0.10) juin (0.10) parcours (0.10) france (0.09) inversées (0.09) looping (0.09) nouvelle (0.09) train (0.09) vers (0.09) cette (0.07) plus (0.07) première (0.07)parc (0.59) tarif (0.25) infos (0.23) billet (0.21) visite (0.21) attractions (0.19) non (0.19) plus (0.19) séjour (0.19) 2025 (0.15) accès (0.15) astérix (0.15) billets (0.15) hôtels (0.15) offre (0.15) partir (0.15) jusqu (0.13) moins (0.13) ans (0.11) date (0.11) enfants (0.11) fortes (0.11) prix (0.11) tarifs (0.11) toutes (0.11) valable (0.11) boutiques (0.08) hôtel (0.08) questions (0.08) saison (0.08)oziris (0.48) attraction (0.39) parc (0.34) attractions (0.33) parcs (0.31) plus (0.20) cette (0.18) france (0.18) sensations (0.15) astérix (0.13) attente (0.13) expérience (0.11) parcours (0.11) visiteurs (0.11) inversions (0.10) comme (0.08) hauteur (0.08) immersion (0.08) km (0.08) parmi (0.08) technique (0.08) univers (0.08) vitesse (0.08) 30 (0.07) montagnes (0.07) osiris (0.07) populaires (0.07) russes (0.07) walibi (0.07) éléments (0.07)astérix (0.50) oziris (0.50) parc (0.50) r1dd3n (0.50),,,oziris vitesse maximale,"Top 5 des attractions pour frissonner entre amis au Parc Astérix - SNCF Connect Aller au contenu principal Voyager Voyager Voyager Fermer Tout pour voyager Réserver Réserver Billets de train Voyages en bus Trajets en covoiturage Location de voiture Hôtels Taxi/VTC Bons plans Bons plans Voyages en groupe Voyages pro Enfant voyageant seul Informations Informations Horaires en gare Info trafic Handicap et accessibilité Tous les transporteurs Tous les services Nos réponses à vos questions Guide de voyage Guide de voyage Où voyager en France, en Europe Voyager selon vos envies Billets Billets Billets Fermer Voir vos billets et titres Vos voyages Vos voyages Tous vos voyages Importer un voyage Compensation en cas de retard Faire une réclamation Modifier un voyage Assurance Allianz Vos cartes et abonnements Vos cartes et abonnements Importer une carte ou abonnement Acheter une carte ou abonnement Compléter votre voyage Compléter votre voyage Louer une voiture Réserver un hôtel Réserver un Taxi/VTC Transports urbains Restauration à bord TGV INOUI Restauration à bord INTERCITES Tous les services Offres Offres Offres Fermer Parcourir toutes les offres Cartes et abonnements SNCF Cartes et abonnements SNCF Carte Avantage Jeune Carte Avantage Adulte Carte Avantage Senior Carte Liberté Abonnement MAX ACTIF Abonnement MAX JEUNE Toutes les cartes et abonnements Offres régionales Offres régionales TER Auvergne-Rhône-Alpes TER Hauts de France LiO Train Occitanie TER Nouvelle-Aquitaine Titres Île-de-France Mobilités Consulter les offres régionales Offres urbaines Offres urbaines Avignon – Réseau Orizo Caen – Réseau Twisto Montbéliard – Réseau évolitY Perpignan – Réseau Sankéo Sophia Antipolis – Réseau Envibus Tours – Réseau Fil Bleu Consulter les offres urbaines Services Services Louer une voiture Réserver un hôtel Réserver un Taxi/VTC Assurer votre voyage Livraison de bagages Transport de véhicules Restauration à bord Domicile + Train Tous les services Compte Compte Compte Fermer Créer un compte Accéder à votre compte Accéder à la rubrique sans se connecter Vos espaces Vos espaces Se connecter Se créer un compte Espace MAX JEUNE Espace MAX SENIOR Communauté SNCF Connect Vos informations Vos informations Vos informations personnelles Cartes et programmes de fidélité Vos achats Vos moyens de paiement Compagnons de voyage Aide et légal Aide et légal Charte de confidentialité Conditions générales d'utilisation Compensation en cas de retard Aide en ligne Contacts Top 5 des attractions pour frissonner entre amis au Parc Astérix Accueil A voir, à faire Parcs d'attractions Top 5 des attractions pour frissonner entre amis au Parc Astérix Vous passez le tourniquet d'entrée du Parc et apercevez déjà au loin une statue bien connue des petits et des grands. Par Toutatis, c’est Astérix ! Vous êtes à la recherche d’attraction à sensations fortes ? Là, c’est sûr, vous êtes au bon endroit. Réserver un billet de train Réserver un billet de train Rechercher Annuler Notre top 5 des attractions : La frayeur de l’immense Oziris Un Tonnerre de Zeus Si vous avez le Goudurix La surprenante Trace du Hourra Le Pégase Express, pour le plaisir des grands et des enfants Grand-huit - © iStock - Jacob Ammentorp Lund La frayeur de l’immense Oziris Avis aux amateurs de sensations fortes ! Sans grande surprise, c'est le colossal, le gigantesque Oziris qui s'empare de la première place dans le classement des attractions les plus effrayantes du parc Astérix . Si vous ne l’avez jamais testé, il suffit d’imaginer : pieds suspendus à plus de 40 mètres du sol , les vrilles et les loopings s’enchaînent sans répit. Vitesse de croisière maximum : 90 km/h. Autant vous le dire tout de suite, vous n’aurez pas le temps de respirer ni de voir quoi que ce soit. Crier, par contre, oui … PS : Accrochez bien vos chaussures. Parc d'attractions - © iStock - Jacob Ammentorp Lund Un Tonnerre de Zeus Vous n’y êtes sûrement pour rien mais toute la colère de Zeus s’abat soudainement sur vous . Tout un tonnerre de rage s’empare du wagon dans lequel vous êtes tranquillement assis et le propulse en hauteur à la vitesse de l’éclair. Après une montée interminable qui vous hissera à plus de 30 mètres du sol, le dieu des dieux vous stop net. Pendant quelques secondes, vous pourrez profiter d’une paisible vue sur le parc . Mais après ça, surprise… Goudurix, attraction du Parc Astérix - © Sylvain Cambon Si vous avez le Goudurix Tête en haut, tête en bas, tête en haut, tête en bas…  Le Goudurix , c’est ce refrain, mais sept fois d’affilée ! On ne va pas vous mentir : il va falloir vous accrocher si vous voulez survivre aux sept immenses loopings qui donnent parfois l’impression de se retrouver bloqué dans le tambour d’une machine à laver. L’adrénaline est vraiment à son seuil maximum. Le bruit étourdissant du wagon élancé à toute vitesse couvrira peut-être celui des cris des moins courageux… Notre conseil : si vous venez de manger, passez votre chemin et attendez que la digestion soit faite. Vue depuis une montagne russe  - © iStock-kr7ysztof La surprenante Trace du Hourra La Trace du Hourra vous fait glisser dans tous les sens à bord d’un bobsleigh gaulois . Encore plus rapide que de glisser sur la neige, sa vitesse avoisine les 60km/h. Après une longue ascension, une descente effrénée vous attend. Les virages sont secs et surprenants et le bobsleigh ne s’arrête jamais. Les téméraires qui garderont les yeux ouverts profiteront d’une jolie vue sur le Parc. Pendant la descente, n’oubliez pas de crier « Hourra » : c’est la tradition de l’attraction ! pegase express au parc asterix - © Cambon 2017-  2020 Le Pégase Express, pour le plaisir des grands et des enfants Et pour finir cet article en douceur (ou pas), nous vous proposons d’embarquer direction le pays des Cyclades ! Le départ est prévu en gare de Montparnoss , gare blanche et bleue ornée d'une horloge un peu fofolle. Et en attendant votre train, les équipes du parc ont pensé à équiper la file d'attente de fausses publicités revissées avec l'humour léger de l'univers d'Astérix. Une fois le coup d'envoie lancé, les descentes, les virages et les bosses se succèdent pour le plaisir des grands, mais aussi des enfants ! Et oui, ce manège est accessible à partir d'un mètre. Histoire de profiter entre amis, mais aussi en famille ! >> Découvrez aussi le Parc Asterix en famille Parc Astérix Parc Astérix 60128 Plailly Paris Horaire d'ouverture : Ouvert du 8 avril au 3 septembre 2023, les week-ends de septembre. Les week-ends d'octobre et les vacances d'automne pour Peur sur le Parc. Comment s'y rendre ? RER B direction Aéroport Charles-de-Gaulle - Arrêt à la station Aéroport Charles-de-Gaulle 1 puis suivre les indications « Parc Astérix » pour trouver la navette qui vous emmènera au parc. Cet article vous a plu ? Partagez-le ! Facebook WhatsApp X, formerly Twitter Pinterest Mail Elodie Gillier Journaliste 01/03/2023 Vous aimerez aussi Fermer Voir tout Voyage à Londres et aux Studios Harry Potter en train tout compris : le guide Comment aller au Parc Astérix ? Comment aller à Disneyland® Paris ? 10 choses qui nous arrivent tout le temps au Puy du Fou Le Puy du Fou, spectacles historiques en Vendée PortAventura : du bonheur en famille ! Le Parc Astérix avec les enfants 10 attractions pour s'amuser en famille au Parc Astérix Nos engagements Meilleurs prix garantis Paiement sécurisé Contact 7j/7 Service client de l'année 2025 Moyens de paiement Infos et conditions Paiement en Chèque-Vacances Connect Infos et conditions de paiement avec les cartes Ayvens, Betterway, Pluxee ou RoadMate Choix du pays Langue France Langue Belgique België Belgium Deutschland España France Italia Luxembourg Nederland Suisse Schweiz Switzerland Other regions and countries Nos partenaires Suivez-nous ! L'entreprise Conditions de présentation des offres sur le site Conditions générales de vente Droits des voyageurs ferroviaires et Règlement européen n°2021/782 Informations légales Charte de confidentialité et cookies Gestion des cookies Partenariat Régie publicitaire Devenir partenaire ou affilié Widget SNCF Connect Sites du groupe Site SNCF Connect & Tech Espace Presse SNCF Connect & Tech Carrières SNCF Connect & Tech Le compte des agents SNCF Groupe-sncf.com Emploi Groupe SNCF Vous informer Aide Contactez-nous Vos billets Communauté SNCF Connect Plan du site SNCF Connect Guide du voyageur Franchissement frontière Handicap & mobilité réduite Nos services pour les voyageurs PSH/PMR Tout savoir sur le service d'assistance en gare Accessibilité numérique : conformité partielle Fonctionnalités d'accessibilité de nos applications mobiles Les autres services d'assistance en Europe Transporteurs TGV INOUI OUIGO TER BlaBlaCar Bus FlixBus BlaBlaCar INTERCITES TGV Lyria EUROSTAR TGV INOUI vers Bruxelles DB SNCF Voyageurs en coopération TGV INOUI vers l'Espagne TGV INOUI vers l'Italie TGV INOUI vers le Luxembourg TGV INOUI vers Fribourg Itinéraires populaires Train Paris Bordeaux Train Paris Marseille Train Bordeaux Paris Train Paris Lyon Train Paris Bruxelles Train Paris Strasbourg Train Paris Toulouse Train Toulouse Paris Train Lyon Paris Train Paris Amsterdam Train Paris Lille Train Nantes Paris Train Paris Genève Train Paris Barcelone Train Paris Nantes Trajets Transporteurs TGV INOUI Lille-Paris TGV INOUI Lyon-Paris TGV INOUI Paris-Nice TGV INOUI Marseille-Paris TGV INOUI Paris-Nantes OUIGO Fleury-les-Aubrais-Paris OUIGO Paris-Fleury-les-Aubrais OUIGO Rennes-Paris OUIGO Marseille-Lyon OUIGO Nantes-Paris TER Paris-Trouville Deauville TER Trouville Deauville-Paris TER Paris-Le Mans TER Le Mans-Paris TER Nice-Cannes : horaires et billets Top destinations Train France Train Paris Train Lyon Train Bordeaux Train Strasbourg Train Nantes Train Marseille Train Lille Train Marne-la-Vallée Chessy (Disneyland® Paris) Train Amsterdam Train Londres Train Barcelone Train Rennes Train Italie : découvrez et voyagez en Italie en train Train Suisse Nos applications mobiles","Top 5 des attractions pour frissonner entre amis au Parc Astérix
Réserver un billet de train
Notre top 5 des attractions :
La frayeur de l’immense Oziris
Un Tonnerre de Zeus
Si vous avez le Goudurix
La surprenante Trace du Hourra
Le Pégase Express, pour le plaisir des grands et des enfants
Vous aimerez aussi"
activite vannes,"- Activités à Vannes : découvrez les loisirs incontournables
- Que faire à Vannes par temps de pluie : idées d'activités indoor
- Explorez Vannes : guide des meilleures activités",croisière côtière (15) vannes 56 (14) bord dun (8) personne 50 (8) vol hélicoptère (8) dun voilier (7) top vente (7) 56 instantané (7) près vannes (6) 50 5 (6)golfe morbihan (10) ouvrir sousmenu (8) sousmenu retour (8) 8 port (5) où dormir (4) incontournables golfe (3) locations vacances (3) lîle moines (3) faire vannes (2) quand pleut (2)request failed (1) failed you (1) you will (1) will not (1) not be (1) be charged (1) charged for (1) for this (1) this request (1) request please (1)golfe morbihan (13) berthier emmanuel (6) maisons pans (5) pans bois (5) noemie lefevre (5) presquîle quiberon (5) port saintgoustan (5) visiter vannes (4) bretagne sud (4) lire suite (4),bord dun voilier (7) près vannes 56 (6) vannes 56 top (5) 56 top vente (5) croisière côtière demijournée (4) croisière côtière croisière (4) dun voilier centenaire (3) voilier centenaire près (3) centenaire près vannes (3) croisière côtière soirée (3)ouvrir sousmenu retour (8) lexceptionnel ouvrir sousmenu (2) où dormir ouvrir (2) dormir ouvrir sousmenu (2) sousmenu retour où (2) retour où dormir (2) résidences tourisme villages (2) tourisme villages vacances (2) vacances écoresponsables golfe (2) écoresponsables golfe morbihan (2)request failed you (1) failed you will (1) you will not (1) will not be (1) not be charged (1) be charged for (1) charged for this (1) for this request (1) this request please (1) request please make (1)maisons pans bois (5) vannes maison colombages (4) noemie lefevre vannes (3) auray port saintgoustan (3) visiter vannes bonnes (2) vannes bonnes idées (2) bretagne sud golfe (2) sud golfe morbihan (2) phare lîle vierge (2) lîle vierge depuis (2),vannes (0.45) 56 (0.42) croisière (0.27) vol (0.26) personne (0.25) activités (0.20) côtière (0.20) hélicoptère (0.20) journée (0.16) activité (0.14) atelier (0.14) bord (0.14) rallye (0.14) voilier (0.14) depuis (0.12) instantané (0.12) saut (0.12) top (0.12) île (0.12) mer (0.11) parachute (0.11) 45 (0.10) minutes (0.10) morbihan (0.10) près (0.10) ulm (0.10) vente (0.10) catamaran (0.08) dessus (0.08) quiz (0.08)golfe (0.48) vannes (0.32) menu (0.27) morbihan (0.27) port (0.24) sous (0.24) ouvrir (0.22) retour (0.22) vacances (0.19) tourisme (0.16) île (0.16) activités (0.13) agenda (0.13) end (0.13) faire (0.13) où (0.13) week (0.13) city (0.11) dormir (0.11) exceptionnel (0.11) famille (0.11) moines (0.11) abri (0.08) brochures (0.08) campings (0.08) contacter (0.08) explorer (0.08) pluie (0.08) rencontres (0.08) résidences (0.08)request (0.45) true (0.30) your (0.30) adding (0.15) again (0.15) and (0.15) be (0.15) charged (0.15) correct (0.15) domains (0.15) failed (0.15) for (0.15) is (0.15) make (0.15) may (0.15) not (0.15) or (0.15) parameter (0.15) please (0.15) premium (0.15) protected (0.15) require (0.15) sure (0.15) this (0.15) to (0.15) try (0.15) ultra_premium (0.15) url (0.15) will (0.15) you (0.15)vannes (0.59) bretagne (0.33) saint (0.33) golfe (0.24) île (0.24) découvrir (0.19) morbihan (0.19) port (0.17) presqu (0.15) mer (0.14) plus (0.13) vue (0.12) art (0.10) belle (0.10) crtb (0.10) terre (0.10) ville (0.10) berthier (0.09) emmanuel (0.09) pont (0.09) quiberon (0.09) visiter (0.09) bretonne (0.08) côte (0.08) côté (0.08) faire (0.08) où (0.08) place (0.08) rochefort (0.08) tout (0.08),"- **Vannes Cathedral** : Explore la magnifique Cathédrale Saint-Pierre de Vannes, un exemple impressionnant d'architecture gothique datant du Xème siècle.

- **Festival de Vannes** : Participez au Festival de Vannes, un événement annuel célébrant la musique, le théâtre et les arts contemporains, attirant des artistes de renommée internationale.

- **Les remparts de Vannes** : Promenez-vous le long des remparts bien conservés de la vieille ville, offrant des vues panoramiques sur le Golfe du Morbihan et une immersion dans l'histoire médiévale de la cité.","- Menu Loisirs 15 000 activités près de chez vous
- 4,7/5 (103 344 avis)
- Découvrez plus de 50 activités à faire à Vannes et ses environs avec Funbooker.
- Top vente 45 € 4,8 (38)
- Top vente 35 € 4,9 (38)
- Jet Ski Initiation 45 min au Jet-ski à Arzon (56) Instantané 90 € 5,0 (5)
- Billet pour le site des Mégalithes de Locmariaquer (56) Instantané 7 € / personne 4,0 (2)
- Atelier torréfaction ""De l'arbre à la tasse"" à Ploeren (56) 45 € / personne 5,0 (5) -5 %
- Billet pour Kingoland (56) Instantané Top vente 25 € / personne 4,8 (63)
- Jeu de Piste Escape Game à Sarzeau (56) 18 € 4,8 (5)
- Billet pour le Monde de Celty à Sarzeau 16 € / personne
- Toutes nos activités 133 résultats trouvés
- Jeu de Piste Rallye Urbain dans le centre-ville de Vannes (56) 39 € 4,5 (10)
- Croisière côtière Balade en mer à la journée sur la Boréale à Vannes (56) Instantané Nouveau 50 € / personne
- Gommage Rituel du corps à Vannes (56) 115 € / personne 5,0 (1)
- Quiz Game Blindtest à Vannes (56) 15 € / personne
- Quiz Game Quiz Room à Vannes (56) 15 € / personne
- Quiz ""La taupe"" chez Quiz Room à Vannes (56) 15 € / personne
- Journée à bord d'un voilier centenaire près de Vannes (56) 65 € 4,9 (43)
- Croisière côtière Demi-journée à bord d'un voilier centenaire près de Vannes (56) Top vente 45 € 4,8 (38)
- Croisière côtière Soirée apéro à bord d'un voilier près de Vannes (56) Top vente 35 € 4,9 (38)
- Vol en Hélicoptère depuis Vannes (56) Top vente 199 € 5,0 (5)
- Initiation au pilotage d'hélicoptère depuis Vannes 580 €
- Vol privatif en Hélicoptère depuis Vannes 900 €
- Saut en Parachute en tandem à Vannes (56) 325 € 4,9 (35)
- Initiation au pilotage en ULM près de Vannes (56) 145 € 5,0 (1)
- Baptême de l’air en ULM autogire dans le Golfe du Morbihan (56) Nouveau 185 €
- Baptême de l'air en ULM au-dessus du Golfe du Morbihan (56) 130 € 5,0 (2)
- Croisière Soirée apéritif en Catamaran en Bretagne depuis Port-Blanc (56) Instantané Top vente 40 € / personne 4,9 (13)
- Demi-journée croisière en Catamaran en Bretagne (56) Instantané 55 € / personne 5,0 (6)
- Journée en Catamaran vers l'Ile de Hoëdic depuis Port-Blanc Instantané 80 € / personne
- Journée en Catamaran vers l'Ile de Houat depuis Port-Blanc Instantané 80 € / personne 4,8 (9)
- Croisière coucher de soleil Catamaran depuis Larmor-Baden (56) 72 € 5,0 (2)
- Croisière côtière Demi-journée en Catamaran au départ de Larmor-Baden (56) 89 € 5,0 (3)
- Atelier d'initiation au vitrail à Baden (56) 100 € / personne 5,0 (1)
- Croisière journée complète dans la Baie de Quiberon (56) 89 € / personne 5,0 (3)
- Croisière Soirée Apéro à Arzon (56) 49 € / personne 5,0 (5)
- Croisière Demi-journée à Arzon (56) 45 € / personne 5,0 (2)
- 16 000 activités Annulation gratuite
- 8 trajets par jour
- 2h30 de Paris en TGV
- 450 km de Paris
- 110 km de Nantes et Rennes par voie express
- City Pass Golfe du Morbihan Vannes : accès au réseau de bus Kiceo et à 30 sites incontournables à tarif réduit (formules 24h, 48h, 72h)",activite vannes,"Document non trouvé | SNCF Connect Aller au contenu principal Voyager Voyager Voyager Fermer Tout pour voyager Réserver Réserver Billets de train Voyages en bus Trajets en covoiturage Location de voiture Hôtels Taxi/VTC Bons plans Bons plans Voyages en groupe Voyages pro Enfant voyageant seul Informations Informations Horaires en gare Info trafic Handicap et accessibilité Tous les transporteurs Tous les services Nos réponses à vos questions Guide de voyage Guide de voyage Où voyager en France, en Europe Voyager selon vos envies Billets Billets Billets Fermer Voir vos billets et titres Vos voyages Vos voyages Tous vos voyages Importer un voyage Compensation en cas de retard Faire une réclamation Modifier un voyage Assurance Allianz Vos cartes et abonnements Vos cartes et abonnements Importer une carte ou abonnement Acheter une carte ou abonnement Compléter votre voyage Compléter votre voyage Louer une voiture Réserver un hôtel Réserver un Taxi/VTC Transports urbains Restauration à bord TGV INOUI Restauration à bord INTERCITES Tous les services Offres Offres Offres Fermer Parcourir toutes les offres Cartes et abonnements SNCF Cartes et abonnements SNCF Carte Avantage Jeune Carte Avantage Adulte Carte Avantage Senior Carte Liberté Abonnement MAX ACTIF Abonnement MAX JEUNE Toutes les cartes et abonnements Offres régionales Offres régionales TER Auvergne-Rhône-Alpes TER Hauts de France LiO Train Occitanie TER Nouvelle-Aquitaine Titres Île-de-France Mobilités Consulter les offres régionales Offres urbaines Offres urbaines Avignon – Réseau Orizo Caen – Réseau Twisto Montbéliard – Réseau évolitY Perpignan – Réseau Sankéo Sophia Antipolis – Réseau Envibus Tours – Réseau Fil Bleu Consulter les offres urbaines Services Services Louer une voiture Réserver un hôtel Réserver un Taxi/VTC Assurer votre voyage Livraison de bagages Transport de véhicules Restauration à bord Domicile + Train Tous les services Compte Compte Compte Fermer Créer un compte Accéder à votre compte Accéder à la rubrique sans se connecter Vos espaces Vos espaces Se connecter Se créer un compte Espace MAX JEUNE Espace MAX SENIOR Communauté SNCF Connect Vos informations Vos informations Vos informations personnelles Cartes et programmes de fidélité Vos achats Vos moyens de paiement Compagnons de voyage Aide et légal Aide et légal Charte de confidentialité Conditions générales d'utilisation Compensation en cas de retard Aide en ligne Contacts Document non trouvé La page que vous demandez n'existe pas Accueil Document non trouvé Vous pouvez consulter le plan du site ou, selon la nature de l'information recherchée, utiliser les icônes de navigation. Pour consulter le plan du site, n'hésitez pas à utiliser la page dédiée à cet effet. Pour accéder à tous nos services, vous pouvez vous rendre sur la page d'accueil de notre site . Si cette erreur survient après la sélection d'un lien hypertexte sur un document se trouvant sur notre serveur, merci de bien vouloir nous la signaler . Réserver un billet de train Réserver un billet de train Rechercher Annuler Nos engagements Meilleurs prix garantis Paiement sécurisé Contact 7j/7 Service client de l'année 2025 Moyens de paiement Infos et conditions Paiement en Chèque-Vacances Connect Infos et conditions de paiement avec les cartes Ayvens, Betterway, Pluxee ou RoadMate Choix du pays Langue France Langue Belgique België Belgium Deutschland España France Italia Luxembourg Nederland Suisse Schweiz Switzerland Other regions and countries Nos partenaires Suivez-nous ! L'entreprise Conditions de présentation des offres sur le site Conditions générales de vente Droits des voyageurs ferroviaires et Règlement européen n°2021/782 Informations légales Charte de confidentialité et cookies Gestion des cookies Partenariat Régie publicitaire Devenir partenaire ou affilié Widget SNCF Connect Sites du groupe Site SNCF Connect & Tech Espace Presse SNCF Connect & Tech Carrières SNCF Connect & Tech Le compte des agents SNCF Groupe-sncf.com Emploi Groupe SNCF Vous informer Aide Contactez-nous Vos billets Communauté SNCF Connect Plan du site SNCF Connect Guide du voyageur Franchissement frontière Handicap & mobilité réduite Nos services pour les voyageurs PSH/PMR Tout savoir sur le service d'assistance en gare Accessibilité numérique : conformité partielle Fonctionnalités d'accessibilité de nos applications mobiles Les autres services d'assistance en Europe Transporteurs TGV INOUI OUIGO TER BlaBlaCar Bus FlixBus BlaBlaCar INTERCITES TGV Lyria EUROSTAR TGV INOUI vers Bruxelles DB SNCF Voyageurs en coopération TGV INOUI vers l'Espagne TGV INOUI vers l'Italie TGV INOUI vers le Luxembourg TGV INOUI vers Fribourg Itinéraires populaires Train Paris Bordeaux Train Paris Marseille Train Bordeaux Paris Train Paris Lyon Train Paris Bruxelles Train Paris Strasbourg Train Paris Toulouse Train Toulouse Paris Train Lyon Paris Train Paris Amsterdam Train Paris Lille Train Nantes Paris Train Paris Genève Train Paris Barcelone Train Paris Nantes Trajets Transporteurs TGV INOUI Lille-Paris TGV INOUI Lyon-Paris TGV INOUI Paris-Nice TGV INOUI Marseille-Paris TGV INOUI Paris-Nantes OUIGO Fleury-les-Aubrais-Paris OUIGO Paris-Fleury-les-Aubrais OUIGO Rennes-Paris OUIGO Marseille-Lyon OUIGO Nantes-Paris TER Paris-Trouville Deauville TER Trouville Deauville-Paris TER Paris-Le Mans TER Le Mans-Paris TER Nice-Cannes : horaires et billets Top destinations Train France Train Paris Train Lyon Train Bordeaux Train Strasbourg Train Nantes Train Marseille Train Lille Train Marne-la-Vallée Chessy (Disneyland® Paris) Train Amsterdam Train Londres Train Barcelone Train Rennes Train Italie : découvrez et voyagez en Italie en train Train Suisse Nos applications mobiles","Document non trouvé
Réserver un billet de train"
,"
- ""Meilleurs services de jardinage à domicile""
- ""Trouvez un jardinier qualifié près de chez vous""
- ""Optimisez votre espace extérieur avec nos experts""",,,,Pas de fait important,"- Les différents composants du corps d'un texte peuvent inclure des chiffres, des dates et des numéros pertinents pour améliorer le contenu.
- Recherchez des éléments chiffrés dans les textes spécifiés afin d'enrichir le contenu par rapport au mot-clé.
- Si aucun chiffre important n'est trouvé, merci de répondre ""Pas de chiffres importants"".",,,
la rochelle port,"- ""Port de plaisance La Rochelle - Découvrez le charme du port atlantique""
- ""La Rochelle port - Explorez les activités maritimes de la ville""
- ""Grand port maritime de La Rochelle - Vivez une expérience unique en France""",in rochelle (8) annual fee (7) calculate your (5) your annual (5) arriving at (4) at port (4) port in (4) slipway access (4) life in (4) a port (4)espace presse (3) place portuaire (3) liens colonne (3) port atlantique (2) atlantique rochelle (2) box liens (2) marchés publics (2) box rs (2) accès terrestres (2) développement durable (2)port plaisance (8) plaisance rochelle (5) tourisme accessibilité (3) 100 office (3) office tourisme (3) rochelle th (2) th activités (2) rochelle tourisme (2) accessibilité rochelle (2) visites guidées (2)rochelle ports (7) ports center (7) port plaisance (6) ressources photothèque (5) documents télécharger (5) propos 3 (4) 3 ports (4) ports chiffresclés (4) chiffresclés myriade (4) myriade métiers (4)ports français (4) port atlantique (4) atlantique rochelle (4) grand port (3) port maritime (3) rochelle port (3) adresses utiles (3) utiles liens (3) maritime rochelle (2) accueil lassociation (2),calculate your annual (5) your annual fee (5) arriving at port (4) life in rochelle (4) sep 2025 notice (3) your port in (2) port in rochelle (2) slipway access basins (2) access basins and (2) basins and services (2)port atlantique rochelle (2) atlantique rochelle site (1) rochelle site officiel (1) site officiel activation (1) officiel activation navigation (1) activation navigation mobile (1) navigation mobile menu (1) mobile menu logo (1) menu logo accueil (1) logo accueil box (1)port plaisance rochelle (5) 100 office tourisme (3) rochelle th activités (2) tourisme accessibilité rochelle (2) french english german (2) english german spanish (2) plus grands ports (2) accessible fauteuil roulant (2) plaisance rochelle th (1) th activités rochelle (1)rochelle ports center (7) propos 3 ports (4) 3 ports chiffresclés (4) ports chiffresclés myriade (4) chiffresclés myriade métiers (4) myriade métiers acteurs (4) métiers acteurs territoire (4) acteurs territoire animations (4) territoire animations rdv (4) animations rdv toute (4)port atlantique rochelle (4) grand port maritime (3) adresses utiles liens (3) port maritime rochelle (2) maritime rochelle port (2) accueil lassociation sommesnous (2) lassociation sommesnous fonctionnement (2) sommesnous fonctionnement lupf (2) fonctionnement lupf equipes (2) lupf equipes upf (2),port (0.46) 2025 (0.31) the (0.31) in (0.26) rochelle (0.26) annual (0.22) your (0.22) sailing (0.19) fee (0.17) nautical (0.17) to (0.17) and (0.14) life (0.14) notice (0.14) waiting (0.14) all (0.12) at (0.12) calculate (0.12) prices (0.12) access (0.10) activities (0.10) arriving (0.10) become (0.10) customer (0.10) events (0.10) informed (0.10) list (0.10) notices (0.10) of (0.10) security (0.10)port (0.63) portuaire (0.30) 2025 (0.22) accès (0.22) liens (0.22) presse (0.19) savoir (0.19) actualités (0.15) aménagements (0.15) box (0.15) entreprises (0.15) produits (0.15) rochelle (0.15) 25 (0.11) accueil (0.11) colonne (0.11) conseil (0.11) développement (0.11) espace (0.11) place (0.11) portuaires (0.11) rejoindre (0.11) collective (0.07) durable (0.07) espaces (0.07) grand (0.07) plus (0.07) public (0.07) publics (0.07) suivi (0.07)rochelle (0.69) port (0.34) plaisance (0.31) tourisme (0.27) accessibilité (0.14) accueil (0.14) services (0.14) site (0.14) tous (0.14) 100 (0.10) activités (0.10) autres (0.10) grands (0.10) handicap (0.10) mer (0.10) office (0.10) ports (0.10) animaux (0.07) année (0.07) brochures (0.07) bureau (0.07) bus (0.07) french (0.07) german (0.07) gestion (0.07) labels (0.07) ouvert (0.07) spanish (0.07) voir (0.07) zone (0.07)port (0.65) rochelle (0.39) ports (0.25) center (0.16) animations (0.14) année (0.14) atlantique (0.14) plaisance (0.14) 2025 (0.12) 24 (0.12) cartographie (0.12) documents (0.12) infos (0.12) lexique (0.12) mer (0.12) métiers (0.12) photothèque (0.12) pratiques (0.12) presse (0.12) pêche (0.12) ressources (0.12) télécharger (0.12) vidéothèque (0.12) 05 (0.09) 10 (0.09) 46 (0.09) chiffres (0.09) clés (0.09) myriade (0.09) toute (0.09)port (0.56) rochelle (0.32) français (0.28) atlantique (0.24) upf (0.24) ha (0.20) ports (0.20) tonnes (0.20) 24 (0.16) accès (0.16) maritime (0.16) trafics (0.16) adresses (0.12) atouts (0.12) eau (0.12) grand (0.12) liens (0.12) produits (0.12) trafic (0.12) utiles (0.12) 000 (0.08) bulletin (0.08) compact (0.08) contact (0.08) céréales (0.08) documentations (0.08) domaine (0.08) près (0.08) présentation (0.08) publications (0.08),,,la rochelle port,"Promenade sur le Vieux-Port de La Rochelle - SNCF Connect Aller au contenu principal Voyager Voyager Voyager Fermer Tout pour voyager Réserver Réserver Billets de train Voyages en bus Trajets en covoiturage Location de voiture Hôtels Taxi/VTC Bons plans Bons plans Voyages en groupe Voyages pro Enfant voyageant seul Informations Informations Horaires en gare Info trafic Handicap et accessibilité Tous les transporteurs Tous les services Nos réponses à vos questions Guide de voyage Guide de voyage Où voyager en France, en Europe Voyager selon vos envies Billets Billets Billets Fermer Voir vos billets et titres Vos voyages Vos voyages Tous vos voyages Importer un voyage Compensation en cas de retard Faire une réclamation Modifier un voyage Assurance Allianz Vos cartes et abonnements Vos cartes et abonnements Importer une carte ou abonnement Acheter une carte ou abonnement Compléter votre voyage Compléter votre voyage Louer une voiture Réserver un hôtel Réserver un Taxi/VTC Transports urbains Restauration à bord TGV INOUI Restauration à bord INTERCITES Tous les services Offres Offres Offres Fermer Parcourir toutes les offres Cartes et abonnements SNCF Cartes et abonnements SNCF Carte Avantage Jeune Carte Avantage Adulte Carte Avantage Senior Carte Liberté Abonnement MAX ACTIF Abonnement MAX JEUNE Toutes les cartes et abonnements Offres régionales Offres régionales TER Auvergne-Rhône-Alpes TER Hauts de France LiO Train Occitanie TER Nouvelle-Aquitaine Titres Île-de-France Mobilités Consulter les offres régionales Offres urbaines Offres urbaines Avignon – Réseau Orizo Caen – Réseau Twisto Montbéliard – Réseau évolitY Perpignan – Réseau Sankéo Sophia Antipolis – Réseau Envibus Tours – Réseau Fil Bleu Consulter les offres urbaines Services Services Louer une voiture Réserver un hôtel Réserver un Taxi/VTC Assurer votre voyage Livraison de bagages Transport de véhicules Restauration à bord Domicile + Train Tous les services Compte Compte Compte Fermer Créer un compte Accéder à votre compte Accéder à la rubrique sans se connecter Vos espaces Vos espaces Se connecter Se créer un compte Espace MAX JEUNE Espace MAX SENIOR Communauté SNCF Connect Vos informations Vos informations Vos informations personnelles Cartes et programmes de fidélité Vos achats Vos moyens de paiement Compagnons de voyage Aide et légal Aide et légal Charte de confidentialité Conditions générales d'utilisation Compensation en cas de retard Aide en ligne Contacts Promenade sur le Vieux-Port de La Rochelle Accueil A voir, à faire La Rochelle Promenade sur le Vieux-Port de La Rochelle Dès votre arrivée dans la charmante cité marine de la Rochelle, vous irez forcément vous balader sur le Vieux-Port. Un endroit emblématique où l'on vient flâner, manger une glace ou prendre le bateau pour l'île d'Aix et le Fort Boyard... Réserver un billet de train Réserver un billet de train Rechercher Annuler Sommaire Flâner sur le Vieux-Port de la Rochelle Prendre un bateau pour l'île d'Aix et le Fort Boyard Le bus de mer à 1€ au départ du Vieux-Port Le Vieux-Port de La Rochelle  - © Istock Flâner sur le Vieux Port de la Rochelle Dès votre arrivée en train à la Rochelle, rejoignez le Vieux-Port en quelques minutes à pied. Protégé par trois belles tours en pierre du XIVe siècle, le Vieux-Port de La Rochelle aligne ses voiliers au pied des remparts. Rien de plus agréable que de venir se balader sur ces quais et simplement apprécier ce paysage de carte postale : les voiliers à perte de vue, cernés par les trois célèbres tours, la tour Saint-Nicolas, la tour de la Chaîne et la tour de la Lanterne. Si vous venez en famille, la balade sur le Vieux-Port remporte toujours un franc succès ! Juste à côté du port, vous trouverez une aire de jeux pour enfants avec un manège. Dès les beaux jours, on savoure une glace assis sur les quais face aux bateaux. Un passage obligé donc lors d'une visite de La Rochelle et point de départ idéal pour explorer la vieille ville, au fil des ruelles pavées de galets… venus du fleuve Saint-Laurent, au Canada. Tout près du Vieux-Port, vous pouvez aussi visiter le célèbre Aquarium de la Rochelle et aller boire un verre en famille sur le toit terrasse ou sur le bateau France 1, juste à côté. >> Réserver vos billets de train pour La Rochelle Fort Boyard - © Istock - Simon11uk Prendre un bateau pour l'île d'Aix et le Fort Boyard A la demi-journée ou à la journée, vous pouvez prendre le bateau pour aller voir le Fort Boyard puis vous arrêter sur l'île d'Aix. Pour l'instant, le Fort Boyard ne se visite pas (mais c'est prévu pour bientôt !), la seule façon de l'apercevoir est depuis un bateau, mais le lieu est impressionnant à voir, gigantesque forteresse surgissant au milieu de la mer, et suffisamment mythique pour mériter une balade en bateau. L' île d'Aix , très fleurie, est la plus petite île de Charente-Maritime. Elle offre un panorama à 360° avec une vue imprenable sur le Fort Boyard, avec en arrière plan l'Ile d'Oléron ; l'Ile de Ré est au nord, l'Ile Madame au sud. Vous pouvez rester une journée complète et louer des vélos pour vous déplacer plus facilement sur l'île. Néanmoins, à pied, on la parcourt facilement. Des calèches peuvent également vous emmener en balade, toujours un grand succès avec les enfants ! De nombreuses compagnies proposent des sorties en bateau au départ du Vieux-Port. Vieux-Port de la Rochelle - © Istock - kateafter Le bus de mer à 1€ au départ du Vieux-Port Le bon plan : le bus de mer Yélo , qui permet de relier le Vieux-Port de La Rochelle au Port de Plaisance des Minimes en 20 minutes par la mer, pour 1€ seulement. Non seulement c'est pratique, mais c'est aussi une balade en bateau parfaite à faire avec de jeunes enfants, courte mais assez dépaysante. En plus, ce bateau fonctionne à l'énergie solaire : zéro pollution donc ! Cet article vous a plu ? Partagez-le ! Facebook WhatsApp X, formerly Twitter Pinterest Mail La Rédaction SNCF Connect 27/05/2025 Préparez votre séjour : La Rochelle au départ de Paris Marseille Lyon Lille Bordeaux 19 / 10 Dès 51 € (1) 20 / 10 Dès 49 € (1) 21 / 10 Dès 34 € (1) Le moins cher 22 / 10 Dès 47 € (1) 23 / 10 Dès 51 € (1) 24 / 10 Dès 55 € (1) 25 / 10 Dès 55 € (1) Vous aimerez aussi Fermer Voir tout Explorez l'Île de Ré en vélo : les meilleurs parcours et pistes cyclables Que faire autour de La Rochelle ? Les plus belles plages de l’Ile de Ré S'éclater à La Rochelle entre amis Top 5 des activités pour découvrir la Côte Atlantique autrement Que faire en famille à La Rochelle ? Week-end à la Rochelle Une journée en famille à l'Aquarium de La Rochelle Les Francofolies de la Rochelle 2022 3 lieux secrets à visiter à moins d'une heure de TER de La Rochelle Mentions légales (1) Voir les conditions des offres (1) Tarifs TTC, à partir de, pour une personne, pour un aller simple, en 2nd classe, sur une sélection de trains et de dates et sous réserve de disponibilité. Offres soumises à conditions d'échanges et de remboursement des transporteurs concernés à consulter lors de la commande. Paiement en ligne. Offres non cumulables avec d'autres promotions SNCF. Nos engagements Meilleurs prix garantis Paiement sécurisé Contact 7j/7 Service client de l'année 2025 Moyens de paiement Infos et conditions Paiement en Chèque-Vacances Connect Infos et conditions de paiement avec les cartes Ayvens, Betterway, Pluxee ou RoadMate Choix du pays Langue France Langue Belgique België Belgium Deutschland España France Italia Luxembourg Nederland Suisse Schweiz Switzerland Other regions and countries Nos partenaires Suivez-nous ! L'entreprise Conditions de présentation des offres sur le site Conditions générales de vente Droits des voyageurs ferroviaires et Règlement européen n°2021/782 Informations légales Charte de confidentialité et cookies Gestion des cookies Partenariat Régie publicitaire Devenir partenaire ou affilié Widget SNCF Connect Sites du groupe Site SNCF Connect & Tech Espace Presse SNCF Connect & Tech Carrières SNCF Connect & Tech Le compte des agents SNCF Groupe-sncf.com Emploi Groupe SNCF Vous informer Aide Contactez-nous Vos billets Communauté SNCF Connect Plan du site SNCF Connect Guide du voyageur Franchissement frontière Handicap & mobilité réduite Nos services pour les voyageurs PSH/PMR Tout savoir sur le service d'assistance en gare Accessibilité numérique : conformité partielle Fonctionnalités d'accessibilité de nos applications mobiles Les autres services d'assistance en Europe Transporteurs TGV INOUI OUIGO TER BlaBlaCar Bus FlixBus BlaBlaCar INTERCITES TGV Lyria EUROSTAR TGV INOUI vers Bruxelles DB SNCF Voyageurs en coopération TGV INOUI vers l'Espagne TGV INOUI vers l'Italie TGV INOUI vers le Luxembourg TGV INOUI vers Fribourg Itinéraires populaires Train Paris Bordeaux Train Paris Marseille Train Bordeaux Paris Train Paris Lyon Train Paris Bruxelles Train Paris Strasbourg Train Paris Toulouse Train Toulouse Paris Train Lyon Paris Train Paris Amsterdam Train Paris Lille Train Nantes Paris Train Paris Genève Train Paris Barcelone Train Paris Nantes Trajets Transporteurs TGV INOUI Lille-Paris TGV INOUI Lyon-Paris TGV INOUI Paris-Nice TGV INOUI Marseille-Paris TGV INOUI Paris-Nantes OUIGO Fleury-les-Aubrais-Paris OUIGO Paris-Fleury-les-Aubrais OUIGO Rennes-Paris OUIGO Marseille-Lyon OUIGO Nantes-Paris TER Paris-Trouville Deauville TER Trouville Deauville-Paris TER Paris-Le Mans TER Le Mans-Paris TER Nice-Cannes : horaires et billets Top destinations Train France Train Paris Train Lyon Train Bordeaux Train Strasbourg Train Nantes Train Marseille Train Lille Train Marne-la-Vallée Chessy (Disneyland® Paris) Train Amsterdam Train Londres Train Barcelone Train Rennes Train Italie : découvrez et voyagez en Italie en train Train Suisse Nos applications mobiles","Promenade sur le Vieux-Port de La Rochelle
Réserver un billet de train
Sommaire
Flâner sur le Vieux Port de la Rochelle
Prendre un bateau pour l'île d'Aix et le Fort Boyard
Le bus de mer à 1€ au départ du Vieux-Port
Préparez votre séjour : La Rochelle au départ deParisMarseilleLyonLilleBordeaux
Vous aimerez aussi
Mentions légales"
bar a champagne reims,"- Découvrez les meilleurs bars à champagne de Reims
- Expérience unique au bar à champagne de Reims
- Plongez au cœur de l'ambiance des bars à champagne de Reims",ajouter favoris (20) favoris enregistrer (20) enregistrer bar (14) reims ajouter (9) dun jour (8) dégustation boutique (8) bar dégustation (7) boutique vente (7) vente direct (7) bar vin (7)tgv inoui (12) train paris (12) sncf connect (9) top 5 (6) bars champagne (6) paris train (6) champagne reims (5) cartes abonnements (5) reims ouvert (5) 03 26 (5)ajouter panier (11) column image (11) bar manger (8) panier produit (8) produit a (8) a plusieurs (8) plusieurs variations (8) variations options (8) options peuvent (8) peuvent être (8)bar champagne (5) château sacy (3) restaurant bar (3) bar bar (3) champagnes vins (3) accueil chambres (2) chambres suites (2) suites restaurant (2) bar mieuxêtre (2) mieuxêtre programmation (2),ajouter favoris enregistrer (20) favoris enregistrer bar (14) reims ajouter favoris (9) enregistrer bar dégustation (7) bar dégustation boutique (7) dégustation boutique vente (7) boutique vente direct (7) enregistrer bar vin (7) bar vin bar (7) vin bar champagne (7)bars champagne reims (5) tgv inoui vers (5) top 5 bars (4) 5 bars champagne (4) téléphone 03 26 (4) lhôtel holiday inn (3) reims ouvert lundi (3) ouvert lundi samedi (3) sncf connect tech (3) paris train paris (3)ajouter panier produit (8) panier produit a (8) produit a plusieurs (8) a plusieurs variations (8) plusieurs variations options (8) variations options peuvent (8) options peuvent être (8) peuvent être choisies (8) être choisies page (8) choisies page produit (8)accueil chambres suites (2) chambres suites restaurant (2) suites restaurant bar (2) restaurant bar mieuxêtre (2) bar mieuxêtre programmation (2) mieuxêtre programmation privatisations (2) programmation privatisations coffrets (2) privatisations coffrets cadeaux (2) coffrets cadeaux carnet (2) cadeaux carnet voyage (2),bar (0.43) reims (0.43) champagne (0.30) enregistrer (0.29) favoris (0.29) ajouter (0.27) retour (0.23) réserver (0.19) dégustation (0.16) jour (0.15) tourisme (0.14) boutique (0.12) accès (0.11) pub (0.11) direct (0.10) vente (0.10) vin (0.10) voyage (0.10) accessibles (0.08) activités (0.08) office (0.08) préférences (0.08) sorties (0.08) agenda (0.07) bars (0.07) cuisine (0.07) gérer (0.07) organiser (0.07) stockage (0.07) technique (0.07)train (0.51) paris (0.41) reims (0.39) champagne (0.26) sncf (0.21) tgv (0.18) inoui (0.17) offres (0.15) bar (0.14) connect (0.14) ter (0.14) carte (0.12) hôtel (0.12) réserver (0.11) voyage (0.11) bars (0.10) billets (0.10) cartes (0.10) compte (0.10) services (0.10) top (0.10) 03 (0.08) france (0.08) groupe (0.08) informations (0.08) ouigo (0.08) où (0.08) réseau (0.08) voyager (0.08) voyages (0.08)00 (0.36) column (0.32) produit (0.31) champagnes (0.23) panier (0.23) ajouter (0.20) bar (0.20) brut (0.20) image (0.20) champagne (0.16) options (0.16) peuvent (0.16) plusieurs (0.16) être (0.16) choisies (0.14) coteaux (0.14) découvrez (0.14) manger (0.14) page (0.14) texte (0.14) variations (0.14) blanc (0.13) découvrir (0.13) maisons (0.13) reims (0.13) sélection (0.13) truffe (0.13) accès (0.11) cuvées (0.11) préférences (0.11)champagne (0.52) bar (0.46) reims (0.27) champagnes (0.24) vins (0.24) aussi (0.16) plus (0.16) restaurant (0.16) château (0.14) histoire (0.14) pourrez (0.14) sacy (0.14) art (0.11) carte (0.11) cette (0.11) coupe (0.11) coupes (0.11) découvrez (0.11) découvrir (0.11) dégustation (0.11) lieu (0.11) réserver (0.11) vignes (0.11) boisson (0.08) cocktails (0.08) contact (0.08) mieux (0.08) sabrage (0.08) saveurs (0.08) si (0.08),"- **Histoire du Champagne à Reims** : Reims est reconnue comme la capitale mondiale du champagne, abritant certaines des maisons de champagne les plus prestigieuses depuis le XVIIᵉ siècle.

- **Vignobles et Terroir** : Entourée par la Montagne de Reims, la région offre des paysages viticoles exceptionnels, idéaux pour les dégustations et les visites des caves.

- **Événements Œnotouristiques** : Les bars à champagne de Reims organisent régulièrement des ateliers de dégustation, des rencontres avec des vignerons et des événements spéciaux célébrant les différentes cuvées.

- **Accessibilité et Transports** : Situés au cœur de Reims, ces bars sont facilement accessibles via les principaux transports en commun, facilitant les visites des touristes.

- **Culture et Patrimoine** : Associés à des sites historiques tels que la cathédrale de Reims, les bars à champagne offrent une expérience alliant patrimoine culturel et dégustation de vins d'exception.","- ""Depuis plus de deux siècles des cuvées d’une qualité exceptionnelle.""
- ""Elle regroupe 28 viticulteurs.""
- ""vous pourrez découvrir près de 170 champagnes différents!""
- ""une cinquantaine de champagnes sont présents sur notre carte.""
- ""Fondé en 1971, le club Trésors de Champagne est une association de vignerons centrée autour d’une approche très qualitative de leur métier.""",bar a champagne reims,"Top 5 des bars à champagne à Reims - SNCF Connect Aller au contenu principal Voyager Voyager Voyager Fermer Tout pour voyager Réserver Réserver Billets de train Voyages en bus Trajets en covoiturage Location de voiture Hôtels Taxi/VTC Bons plans Bons plans Voyages en groupe Voyages pro Enfant voyageant seul Informations Informations Horaires en gare Info trafic Handicap et accessibilité Tous les transporteurs Tous les services Nos réponses à vos questions Guide de voyage Guide de voyage Où voyager en France, en Europe Voyager selon vos envies Billets Billets Billets Fermer Voir vos billets et titres Vos voyages Vos voyages Tous vos voyages Importer un voyage Compensation en cas de retard Faire une réclamation Modifier un voyage Assurance Allianz Vos cartes et abonnements Vos cartes et abonnements Importer une carte ou abonnement Acheter une carte ou abonnement Compléter votre voyage Compléter votre voyage Louer une voiture Réserver un hôtel Réserver un Taxi/VTC Transports urbains Restauration à bord TGV INOUI Restauration à bord INTERCITES Tous les services Offres Offres Offres Fermer Parcourir toutes les offres Cartes et abonnements SNCF Cartes et abonnements SNCF Carte Avantage Jeune Carte Avantage Adulte Carte Avantage Senior Carte Liberté Abonnement MAX ACTIF Abonnement MAX JEUNE Toutes les cartes et abonnements Offres régionales Offres régionales TER Auvergne-Rhône-Alpes TER Hauts de France LiO Train Occitanie TER Nouvelle-Aquitaine Titres Île-de-France Mobilités Consulter les offres régionales Offres urbaines Offres urbaines Avignon – Réseau Orizo Caen – Réseau Twisto Montbéliard – Réseau évolitY Perpignan – Réseau Sankéo Sophia Antipolis – Réseau Envibus Tours – Réseau Fil Bleu Consulter les offres urbaines Services Services Louer une voiture Réserver un hôtel Réserver un Taxi/VTC Assurer votre voyage Livraison de bagages Transport de véhicules Restauration à bord Domicile + Train Tous les services Compte Compte Compte Fermer Créer un compte Accéder à votre compte Accéder à la rubrique sans se connecter Vos espaces Vos espaces Se connecter Se créer un compte Espace MAX JEUNE Espace MAX SENIOR Communauté SNCF Connect Vos informations Vos informations Vos informations personnelles Cartes et programmes de fidélité Vos achats Vos moyens de paiement Compagnons de voyage Aide et légal Aide et légal Charte de confidentialité Conditions générales d'utilisation Compensation en cas de retard Aide en ligne Contacts Top 5 des bars à champagne à Reims Accueil A voir, à faire Top 5 des bars à champagne à Reims A Reims, le champagne coule à flots ! Ainsi vous trouverez quantité de bars et de restaurants proposant du champagne sur leur carte. Mais pour goûter à l’excellence, nous avons sélectionnés pour vous les 5 meilleurs bars à champagne de la ville. Réserver un billet de train Réserver un billet de train Rechercher Annuler Au même titre que sa cathédrale inscrite au patrimoine mondial de l’UNESCO, le champagne fait partie des incontournables de la culture rémoise. Car au-delà de la découverte du vignoble et des caves de la ville, impensable de ne pas savourer une coupe dans un bar. Vous ne savez pas par où commencer ? Suivez notre guide des meilleurs bars à champagne de Reims. >> Réservez dès maintenant votre train pour Reims Notre top 5 des bars à champagne de Reims : Bar à champagne Pol Couronne Boutique Trésors de Champagne Le Clos Bar de l’Hôtel de la Paix Il Duomo – bar de l’hôtel Holiday Inn Reims Centre Bar à champagne Pol Couronne En plein centre-ville de Reims, la Maison Pol Couronne fournit depuis plus de deux siècles des cuvées d’une qualité exceptionnelle. Une saga familiale passionnante que vous découvrirez lors de votre visite ponctuée par une dégustation de champagnes peu communs. Le showroom est élégant et moderne et offre le cadre idéal pour se laisser aller aux saveurs du champagne à des prix abordables . >> Découvrez le top 5 des caves à visiter à Reims Quant à l’équipe sur place, elle vous conseille et vous explique les spécificités de chaque cru. Pratique ensuite pour savoir avec quels mets accompagner une bonne bouteille ! 11 cours Jean-Baptiste Langlet à Reims. Ouvert du lundi au samedi de 10h à 19h et jusqu’à 20h le jeudi et le vendredi. Téléphone : 09 83 02 27 54. Boutique Trésors de Champagne Fondé en 1971, le club Trésors de Champagne est une association de vignerons centrée autour d’ une approche très qualitative de leur métier. Elle est la seule de ce type dans la région et regroupe 28 viticulteurs. Mais ce n’est pas tout ! L’association a aussi sa boutique où vous pourrez découvrir près de 170 champagnes différents ! Chaque semaine une sélection est proposée en dégustation à la coupe et des ateliers découverte permettent régulièrement de se familiariser en groupe, avec un professionnel, aux spécificités de chaque cru. 2 rue Olivier Métra à Reims. Ouvert de 14h à 19h le mardi et le mercredi. De 10h30 à 12h30 et de 14h à 19h le jeudi et le vendredi. De 10h à 19h le samedi. Téléphone 03 26 48 28 42. >> Retrouvez notre parcours gourmand à Reims Le Clos Ambiance atypique et absolument enivrante du côté de ce bar incontournable à Reims ! A l’intérieur, c’est un mobilier chiné dans les brocantes qui occupe joliment l’espace sur fond de musique jazz. Esquissez quelques pas avant de rejoindre la cour intérieure où les guirlandes lumineuses, la grande terrasse et le terrain de boules confèrent une atmosphère de guinguette chic au lieu. La carte des vins et champagnes fait la part belle à l’excellence et les tapas maisons accompagneront avec délice votre choix. 25 rue du temple à Reims. Ouvert de 18h à 00h du mardi au jeudi. De 18h à 01h30 le vendredi et de 12h à 01h30 le samedi. Téléphone : 03 26 07 74 69. Bar de l’Hôtel de la Paix Cet hôtel du groupe Best Western Premier à 10 minutes à pied seulement de la cathédrale dispose d’un bar sans commune mesure à Reims. Un design moderne et très élégant dans des tons feutrés où vous allez apprécier la large sélection des meilleurs champagnes. C’est simple : les plus grandes Maisons de Champagne sont représentées ! Profitez aussi de la cour intérieure et du jardin de l’hôtel pour déguster votre coupe, complètement préservés des bruits de la rue, et en plus de ça, ensoleillés. Un petit havre de paix. 9 rue Buirette à Reims. Ouvert du lundi au samedi de 8h à 2h et le dimanche de 15h à 2h. Téléphone : 03 26 40 04 08. Il Duomo – bar de l’hôtel Holiday Inn Reims Centre Au 7e étage de l’hôtel Holiday Inn , se niche le bar-restaurant Il Duomo. Sa vue est une attraction à elle seule puisqu’elle vous permet de découvrir toute la ville en hauteur, y compris sa cathédrale ! En salle ou sur la terrasse , goûtez à la délicate cuisine italienne du chef et aux merveilleuses bouteilles de champagne à la carte. C’est un instant magique que de dîner ici au coucher du soleil. Mais rien ne vous empêche de faire comme les rémois : venir en fin d’après-midi simplement pour profiter de la vue et partager une flûte entre amis. 46 rue Buirette à Reims. Ouvert du lundi au samedi de 16h à 22h. Téléphone : 03 26 78 99 99. Pour visiter le vignoble : prenez le Champagne Wine Tour au départ de l’Office de tourisme et profitez d’un tour de 3h à travers le vignoble. Sinon faites appel à l’un des prestataires oenotouristiques de l’Office de tourisme pour un circuit sur mesure. Renseignements au 03 26 77 45 00. Cet article vous a plu ? Partagez-le ! Facebook WhatsApp X, formerly Twitter Pinterest Mail La Rédaction SNCF Connect 03/09/2025 Vous aimerez aussi Fermer Voir tout 3 lieux secrets à visiter à moins d'une heure de TER de Reims Reims : le top 5 des caves à visiter La cathédrale de Reims, inscrite à l'Unesco La montagne de Reims : expériences insolites Où bien manger à Reims ? Programme pour votre escapade à Reims Parcours gourmand à Reims Le marché de Noël de Reims Itinéraire gourmand et pétillant en Champagne Les Montgolfières Champenoises Que faire ce week-end à Reims ? Les Faux de Verzy, des arbres insolites Nos engagements Meilleurs prix garantis Paiement sécurisé Contact 7j/7 Service client de l'année 2025 Moyens de paiement Infos et conditions Paiement en Chèque-Vacances Connect Infos et conditions de paiement avec les cartes Ayvens, Betterway, Pluxee ou RoadMate Choix du pays Langue France Langue Belgique België Belgium Deutschland España France Italia Luxembourg Nederland Suisse Schweiz Switzerland Other regions and countries Nos partenaires Suivez-nous ! L'entreprise Conditions de présentation des offres sur le site Conditions générales de vente Droits des voyageurs ferroviaires et Règlement européen n°2021/782 Informations légales Charte de confidentialité et cookies Gestion des cookies Partenariat Régie publicitaire Devenir partenaire ou affilié Widget SNCF Connect Sites du groupe Site SNCF Connect & Tech Espace Presse SNCF Connect & Tech Carrières SNCF Connect & Tech Le compte des agents SNCF Groupe-sncf.com Emploi Groupe SNCF Vous informer Aide Contactez-nous Vos billets Communauté SNCF Connect Plan du site SNCF Connect Guide du voyageur Franchissement frontière Handicap & mobilité réduite Nos services pour les voyageurs PSH/PMR Tout savoir sur le service d'assistance en gare Accessibilité numérique : conformité partielle Fonctionnalités d'accessibilité de nos applications mobiles Les autres services d'assistance en Europe Transporteurs TGV INOUI OUIGO TER BlaBlaCar Bus FlixBus BlaBlaCar INTERCITES TGV Lyria EUROSTAR TGV INOUI vers Bruxelles DB SNCF Voyageurs en coopération TGV INOUI vers l'Espagne TGV INOUI vers l'Italie TGV INOUI vers le Luxembourg TGV INOUI vers Fribourg Itinéraires populaires Train Paris Bordeaux Train Paris Marseille Train Bordeaux Paris Train Paris Lyon Train Paris Bruxelles Train Paris Strasbourg Train Paris Toulouse Train Toulouse Paris Train Lyon Paris Train Paris Amsterdam Train Paris Lille Train Nantes Paris Train Paris Genève Train Paris Barcelone Train Paris Nantes Trajets Transporteurs TGV INOUI Lille-Paris TGV INOUI Lyon-Paris TGV INOUI Paris-Nice TGV INOUI Marseille-Paris TGV INOUI Paris-Nantes OUIGO Fleury-les-Aubrais-Paris OUIGO Paris-Fleury-les-Aubrais OUIGO Rennes-Paris OUIGO Marseille-Lyon OUIGO Nantes-Paris TER Paris-Trouville Deauville TER Trouville Deauville-Paris TER Paris-Le Mans TER Le Mans-Paris TER Nice-Cannes : horaires et billets Top destinations Train France Train Paris Train Lyon Train Bordeaux Train Strasbourg Train Nantes Train Marseille Train Lille Train Marne-la-Vallée Chessy (Disneyland® Paris) Train Amsterdam Train Londres Train Barcelone Train Rennes Train Italie : découvrez et voyagez en Italie en train Train Suisse Nos applications mobiles","Top 5 des bars à champagne à Reims
Réserver un billet de train
Notre top 5 des bars à champagne de Reims :
Bar à champagne Pol Couronne
Boutique Trésors de Champagne
Le Clos
Bar de l’Hôtel de la Paix
Il Duomo – bar de l’hôtel Holiday Inn Reims Centre
Vous aimerez aussi"
que faire à obernai,"- Découvrez 10 activités incontournables à Obernai et aux alentours
- Guide complet pour visiter Obernai et ses environs
- Obernai : que voir et faire lors de votre séjour",obernai htels (20) htels prs (20) prs site (17) tripadvisor llc (15) 4 5bulles (12) plus avis (12) cet avis (12) avis lopinion (12) lopinion subjective (12) subjective dun (12)plus beaux (9) beaux détours (9) thomas muller (7) détours france (6) tous plus (3) suiveznous instagram (3) instagram suiveznous (3) suiveznous facebook (3) détour obernai (3) obernai voir (2)sites visiter (4) 03 88 (4) autour dobernai (3) voir faire (3) carnet voyage (2) voyage voir (2) voir sélection (2) groupes séminaires (2) parcs jardins (2) andlau château (2)visiter obernai (7) bonnes adresses (6) mont sainteodile (6) plus dinfos (6) route vins (5) mont national (4) yonaguni spa (4) marché noël (4) visiter lalsace (3) ville dobernai (3)tgv inoui (12) train paris (12) sncf connect (8) paris train (6) cartes abonnements (5) 67210 obernai (5) obernai france (5) inoui vers (5) 10 choses (4) choses faire (4),htels prs site (17) cet avis lopinion (12) avis lopinion subjective (12) lopinion subjective dun (12) subjective dun membre (12) dun membre tripadvisor (12) membre tripadvisor non (12) tripadvisor non lavis (12) non lavis tripadvisor (12) lavis tripadvisor llc (12)plus beaux détours (9) beaux détours france (6) tous plus beaux (3) suiveznous instagram suiveznous (3) instagram suiveznous facebook (3) suiveznous facebook contacter (2) détour obernai basrhin (2) email minscrire newsletter (2) célèbre route vins (2) route vins dalsace (2)carnet voyage voir (2) voyage voir sélection (2) 03 88 95 (2) obernai plus beau (2) plus beau détour (2) où dormir où (2) dormir où manger (2) sites visiter autour (1) visiter autour dobernai (1) autour dobernai accueil (1)admirer vue depuis (3) vue depuis mont (3) depuis mont national (3) marché noël dobernai (3) autour mont sainteodile (3) visiter obernai environs (2) obernai environs conseils (2) environs conseils bonnes (2) conseils bonnes adresses (2) livre recettes bredele (2)67210 obernai france (5) tgv inoui vers (5) 10 choses faire (4) choses faire obernai (4) obernai france 03 (4) france 03 88 (4) 03 88 95 (4) sentier viticole schenkenberg (3) sncf connect tech (3) paris train paris (3),obernai (0.71) avis (0.33) bulles (0.28) tripadvisor (0.27) tels (0.23) pr (0.19) site (0.12) plus (0.12) km (0.11) part (0.10) strasbourg (0.09) ville (0.09) llc (0.09) activit (0.07) visites (0.07) cet (0.07) france (0.07) int (0.07) monuments (0.07) sites (0.07) contributions (0.06) membre (0.06) non (0.06) opinion (0.06) points (0.06) rifications (0.06) soumis (0.06) subjective (0.06) âcrit (0.06) tout (0.06)obernai (0.45) plus (0.37) détours (0.35) beaux (0.24) détour (0.21) ville (0.21) muller (0.19) thomas (0.19) choucroute (0.16) france (0.16) suivez (0.16) tous (0.16) triumph (0.16) alsace (0.13) célèbre (0.13) sainte (0.13) site (0.13) alsacienne (0.11) gastronomie (0.11) newsletter (0.11) odile (0.11) près (0.11) tout (0.11) aujourd (0.08) belle (0.08) cité (0.08) histoire (0.08) instagram (0.08) place (0.08) tourisme (0.08)obernai (0.65) château (0.31) visiter (0.22) musée (0.19) parc (0.19) faire (0.16) profitez (0.16) sites (0.16) ville (0.16) voir (0.16) 03 (0.12) 88 (0.12) alsace (0.12) andlau (0.12) kintzheim (0.12) maison (0.12) où (0.12) prenez (0.12) site (0.12) vacances (0.12) bien (0.09) centre (0.09) demande (0.09) déplacer (0.09) groupes (0.09) plus (0.09) saint (0.09) sainte (0.09) selestat (0.09) séminaires (0.09)obernai (0.68) alsace (0.32) ville (0.29) visiter (0.27) mont (0.17) plus (0.15) admirer (0.12) centre (0.12) découvrir (0.12) marché (0.12) odile (0.12) sainte (0.12) visite (0.12) faire (0.11) infos (0.11) noël (0.11) parc (0.11) route (0.11) adresses (0.09) bonnes (0.09) aussi (0.08) autour (0.08) depuis (0.08) environ (0.08) lieu (0.08) minutes (0.08) national (0.08) spa (0.08) vins (0.08) vue (0.08)train (0.53) paris (0.44) obernai (0.29) sncf (0.21) tgv (0.19) faire (0.18) inoui (0.18) plus (0.18) france (0.16) offres (0.16) connect (0.13) istock (0.13) ter (0.13) réserver (0.12) voyage (0.12) billets (0.10) cartes (0.10) compte (0.10) découvrir (0.10) services (0.10) ville (0.10) alsace (0.09) année (0.09) carte (0.09) informations (0.09) réseau (0.09) si (0.09) tous (0.09) voyager (0.09) voyages (0.09),"- **Participer aux festivals locaux** : Obernai accueille divers événements tout au long de l'année, tels que le Festival de Musique d'Obernai et les Fêtes de la Saint-Jean, offrant des spectacles en plein air et des animations pour tous les âges.
- **Explorer les sentiers de randonnée** : En plus des balades à vélo, découvrez les nombreux sentiers pédestres autour d'Obernai, notamment la boucle des vignes et les chemins menant aux collines environnantes pour des vues panoramiques.
- **Visiter le Musée Elsa Brändström** : Plongez dans l'histoire locale et artistique en visitant ce musée qui présente des expositions dédiées à l'artisanat et au patrimoine d'Obernai.
- **Découvrir les ateliers d'artisans** : Profitez de l'occasion pour visiter les ateliers de potiers, de verriers et de tisserands locaux, où vous pourrez observer des démonstrations en direct et acheter des créations uniques.
- **Déguster lors des soirées œnotouristiques** : Participez à des dégustations de vins organisées en soirée dans les caves locales, souvent accompagnées de musique live et de spécialités culinaires alsaciennes.","- LES 10 MEILLEURES choses √† faire √† Obernai (2025) - Tripadvisor
- Visites √† pied (3)
- Excursions d'une journ√©e (0)
- Sites et monuments (6)
- Vignobles (3)
- Monuments et statues (3)
- Jeu de Piste D√©couverte : Les myst√®res d'Obernai 5,0 5 sur 5¬†bulles ( 2 )
- Escape Rooms √† partir de 39‚Ç¨ par groupe (jusqu'√† 6 pers.)
- Circuits en voiture √† partir de 1‚ÄØ150‚Ç¨ par groupe (jusqu'√† 7 pers.)
- Visite Priv√©e Route des vins au d√©part de Strasbourg 5,0 5 sur 5¬†bulles ( 2 )
- Visite de cave avec D√©gustation de 5 Vins d'Alsace et Kougelhopf vers Strasbourg 4,7 4,7 sur 5¬†bulles ( 45 )
- D√gustations de vins √† partir de 19‚Ç¨ par adulte
- Obernai se trouve à: 35 km de Strasbourg (environ 35 minutes) 48 km de Colmar (environ 40 minutes) 89 km de Mulhouse (environ 1h)
- Parc municipal de Hell 4 hectares
- Mont Sainte-Odile 740 mètres d'altitude
- Sentier viticole du Schenkenberg, durée d’1h30 environ
- Remparts de 1400 mètres
- Parc de la Léonardsau 9 hectares
- Beffroi avec une fl√®che culminant √† 60 m et 6 cloches
- Mémorial National d’Obernai situé au sommet du Mont National
- Sentier du mur païen nord",que faire à obernai,"10 choses à faire à Obernai - SNCF Connect Aller au contenu principal Voyager Voyager Voyager Fermer Tout pour voyager Réserver Réserver Billets de train Voyages en bus Trajets en covoiturage Location de voiture Hôtels Taxi/VTC Bons plans Bons plans Voyages en groupe Voyages pro Enfant voyageant seul Informations Informations Horaires en gare Info trafic Handicap et accessibilité Tous les transporteurs Tous les services Nos réponses à vos questions Guide de voyage Guide de voyage Où voyager en France, en Europe Voyager selon vos envies Billets Billets Billets Fermer Voir vos billets et titres Vos voyages Vos voyages Tous vos voyages Importer un voyage Compensation en cas de retard Faire une réclamation Modifier un voyage Assurance Allianz Vos cartes et abonnements Vos cartes et abonnements Importer une carte ou abonnement Acheter une carte ou abonnement Compléter votre voyage Compléter votre voyage Louer une voiture Réserver un hôtel Réserver un Taxi/VTC Transports urbains Restauration à bord TGV INOUI Restauration à bord INTERCITES Tous les services Offres Offres Offres Fermer Parcourir toutes les offres Cartes et abonnements SNCF Cartes et abonnements SNCF Carte Avantage Jeune Carte Avantage Adulte Carte Avantage Senior Carte Liberté Abonnement MAX ACTIF Abonnement MAX JEUNE Toutes les cartes et abonnements Offres régionales Offres régionales TER Auvergne-Rhône-Alpes TER Hauts de France LiO Train Occitanie TER Nouvelle-Aquitaine Titres Île-de-France Mobilités Consulter les offres régionales Offres urbaines Offres urbaines Avignon – Réseau Orizo Caen – Réseau Twisto Montbéliard – Réseau évolitY Perpignan – Réseau Sankéo Sophia Antipolis – Réseau Envibus Tours – Réseau Fil Bleu Consulter les offres urbaines Services Services Louer une voiture Réserver un hôtel Réserver un Taxi/VTC Assurer votre voyage Livraison de bagages Transport de véhicules Restauration à bord Domicile + Train Tous les services Compte Compte Compte Fermer Créer un compte Accéder à votre compte Accéder à la rubrique sans se connecter Vos espaces Vos espaces Se connecter Se créer un compte Espace MAX JEUNE Espace MAX SENIOR Communauté SNCF Connect Vos informations Vos informations Vos informations personnelles Cartes et programmes de fidélité Vos achats Vos moyens de paiement Compagnons de voyage Aide et légal Aide et légal Charte de confidentialité Conditions générales d'utilisation Compensation en cas de retard Aide en ligne Contacts 10 choses à faire à Obernai Accueil A voir, à faire 10 choses à faire à Obernai Obernai est une commune d’Alsace au patrimoine architectural sublime avec ses jolies maisons à colombages et ses nombreux monuments historiques. Mais c’est aussi un territoire riche en saveur ! A découvrir sans modération toute l’année. Réserver un billet de train Réserver un billet de train Rechercher Annuler Obernai est probablement le plus typique des villages alsaciens. Avec ses maisons à colombages, ses monuments imposants, sa gastronomie très riche et ses festivités toute l’année, c’est un vrai délice d’y séjourner un week-end. Vous ne savez pas par où commencer ? Voici notre top 10 des choses à faire à Obernai : Faire ses emplettes au marché Se promener sur les remparts Visiter l’église Saints-Pierre-et-Paul Dîner dans un restaurant gastronomique Arpenter le sentier viticole de Schenkenberg Goûter au vin et à la bière locale Participer au Printemps d’Alsace Flâner au parc de Leonardsau Gravir le mont Saint-Odile Faire le tour de la vieille ville à pied © Istock - Flavio Vallenari Participez aux festivités de Noël Plus qu’un événement, c’est véritablement un temps fort de l’année qui s’étend cette année du samedi 23 novembre au 31 décembre 2019. Au programme : plus de 40 chalets constitueront le Marché de Noël de la Gastronomie et de l’Artisanat. Vous pourrez aller à la rencontre des artisans pour découvrir leur savoir-faire et aussi en profiter pour trouver les produits qui viendront combler vos convives sur la table de Noël. Cette année, la ville met à disposition des navettes gratuites au départ des parkings périphériques de la ville et du camping VVF, pour se rendre les week-ends vers le centre ville où se trouve le Marché de Noël d'Obernai . Office du Tourisme d’Obernai Place Beffroi 67210 Obernai France 03 88 95 64 13 © Istock - Guy Ozenne Se promener sur les remparts Impossible de les manquer lorsqu’on arrive à Obernai. Vestiges du Moyen-Age, les remparts continuent de cercler le village sur une longueur de 1400 mètres. Et ils dominent aussi bien la rivière de l’Ehn que la plaine ou les habitations. Alors pour prendre un peu de hauteur, on s’aventure dessus grâce au terre-plein central et on découvre autrement le patrimoine architectural. C’est beau, et entre nous, c’est l’occasion rêvée de prendre quelque selfies ! © Istock - Guy Ozenne Visiter l’église Saints-Pierre-et-Paul C’est selon nous le plus bel édifice de la ville. Une impressionnante façade de pierre au style néo-gothique et des dimensions qui en font l’une des plus grandes églises d’Alsace . Une fois à l’intérieur, la hauteur et la profondeur de la voute ne cesse d’émerveiller tandis que d’autres curiosités appellent le regard comme l' autel du Saint-Sépulcre du XVIe siècle , l'orgue Merklin, ou les magnifiques tableaux de l'Ancien et du Nouveau Testaments réalisés par l'atelier du peintre Martin Feuerstein. Impensable de manquer ça. Préparation d'une assiette - © istock-mmeemil Dîner dans un restaurant gastronomique Si vous connaissez vous-même des Alsaciens, alors vous savez qu’avec ces gens-là on ne rigole pas avec les repas ! Vous ne serez pas non plus surpris du nombre de restaurants qui parsèment la commune. Au rayon gastronomique, nous vous recommandons Le Jardin des Remparts avec sa raviole ouverte de joue de lotte et son magnifique jardin. Mais si vous préférez une ambiance et des plats plus typiques de la région, c’est à L’Agneau d’Or que ça se passe. Le Jardin des Remparts 3 Rue de Gail 67210 Obernai France 03 88 95 07 00 A l’Agneau d’Or 99 rue du Général Gouraud 67210 Obernai France 03 88 95 28 22 © Istock - ZhekOS Arpenter le sentier viticole de Schenkenberg Bonne nouvelle ! Obernai est pile poil sur la prestigieuse route des vins . Son vignoble surplombe d’ailleurs le village et peut se découvrir à pied grâce au sentier viticole du Schenkenberg. Très bien fait, celui-ci comporte des panneaux explicatifs qui permettent de découvrir pas à pas les différents cépages et les phases d’évolution du vin (principalement du fameux gewurztraminer). Mais au-delà de cet intérêt, la balade vaut aussi le détour pour le superbe panorama qu’elle offre sur la plaine d’Alsace . © iStock - pixelfit Goûter au vin et à la bière locale Après avoir visité les cépages, il faut bien passer à la dégustation ! Pour ça, deux valeurs sûres à Obernai : la Cave Barabos et le magasin Au Bien Boire . Dans la première, vous trouverez plus de 1300 références en provenance des meilleurs vignobles d'Alsace et d'ailleurs. Et pas de prétention ici ! Connaisseur ou néophyte, vous pourrez découvrir et déguster avec soin les meilleurs vins. Chez Au Bien Boire , un impressionnant catalogue de vins également mais aussi une belle sélection de bières. Après tout, pourquoi choisir ? Cave Barabos Vin et Saveurs 1a Rue des Pèlerins 67210 Obernai France 03 88 95 22 37 Au bien boire 4 Rue du Général Leclerc 67210 Obernai France 09 83 39 02 25 © iStock - kasto80 Faire ses emplettes au marché Amateurs de bons produits, si la visite des caves ne vous a pas comblé, il ne vous reste plus qu’à aller au marché ! Celui d’Obernai, qui s’installe tous les jeudis matins (de 08:00 à 12:30) en centre-ville, aurait d’ailleurs plus de 700 ans d’existence… Il réunit toujours plus d’une centaine de commerçants : des fleuristes, bouchers, fromagers, vendeurs de légumes, fabricants de pain d’épice, etc. C’est juste incroyable toutes les senteurs qu’il dégage et l’ambiance si conviviale qu’il inspire. Si vous êtes à Obernai ce jour-là, ne le manquez surtout pas. © Istock - martin-dm Flâner au parc de Leonardsau A 4 kilomètres à l’ouest d’Obernai, s’étend sur 9 hectares le parc de Leonardsau. Il encercle un petit château (paré de colombages, évidemment) et révèle quelques merveilles de petits jardins dans un style se rapprochant des jardins britanniques . A l’arrivée des beaux jours, c’est très agréable de s’y promener en famille ou en amoureux , ou même d’y faire un peu de sport. Et pour les épater les autres avec votre culture, racontez-leur qu’en 1970 Claude Chabrol tourna ici son film La Décade Prodigieuse avec Orson Welles. Quartier historique d'Oberai - ©  Photononstop - AGE Faire le tour de la vieille ville à pied Pour découvrir le cœur d’Obernai, ses rues pavées et ses principaux sites, pas besoin de guide ! Un circuit aménagé avec des panneaux explicatifs est déjà présent et vous montre la voie. Partez de l’Office de tourisme – où vous pourrez récupérer un plan – puis enchainez avec le beffroi, la très vieille maison romane, et ainsi de suite jusqu’à la fontaine Sainte-Odile pour boucler le circuit. Au final, si le tour ne demande qu’une heure de marche, vous allez remonter plus de douze siècles d’histoire. Une sacrée perspective ! © Istock - sosobuzuk Gravir le mont Saint-Odile A deux pas du parc de Leonardsau se situe un lieu de pèlerinage emblématique de la région entièrement dédié à Sainte Odile , patronne des Alsaciens. Il faut gravir ses 740 mètres d’altitude pour découvrir son monastère et contempler la vue exceptionnelle sur toute la Plaine d’Alsace . On aperçoit même la cathédrale de Strasbourg ! L’accès au sommet donne l’occasion d’une belle randonnée sur un site naturel peu commun, en partie à cause de la barrière de blocs qui fait le tour du mont. Sentez l’atmosphère emprunte de légende ! Cet article vous a plu ? Partagez-le ! Facebook WhatsApp X, formerly Twitter Pinterest Mail Grégory Vieau Journaliste 17/04/2025 Nos engagements Meilleurs prix garantis Paiement sécurisé Contact 7j/7 Service client de l'année 2025 Moyens de paiement Infos et conditions Paiement en Chèque-Vacances Connect Infos et conditions de paiement avec les cartes Ayvens, Betterway, Pluxee ou RoadMate Choix du pays Langue France Langue Belgique België Belgium Deutschland España France Italia Luxembourg Nederland Suisse Schweiz Switzerland Other regions and countries Nos partenaires Suivez-nous ! L'entreprise Conditions de présentation des offres sur le site Conditions générales de vente Droits des voyageurs ferroviaires et Règlement européen n°2021/782 Informations légales Charte de confidentialité et cookies Gestion des cookies Partenariat Régie publicitaire Devenir partenaire ou affilié Widget SNCF Connect Sites du groupe Site SNCF Connect & Tech Espace Presse SNCF Connect & Tech Carrières SNCF Connect & Tech Le compte des agents SNCF Groupe-sncf.com Emploi Groupe SNCF Vous informer Aide Contactez-nous Vos billets Communauté SNCF Connect Plan du site SNCF Connect Guide du voyageur Franchissement frontière Handicap & mobilité réduite Nos services pour les voyageurs PSH/PMR Tout savoir sur le service d'assistance en gare Accessibilité numérique : conformité partielle Fonctionnalités d'accessibilité de nos applications mobiles Les autres services d'assistance en Europe Transporteurs TGV INOUI OUIGO TER BlaBlaCar Bus FlixBus BlaBlaCar INTERCITES TGV Lyria EUROSTAR TGV INOUI vers Bruxelles DB SNCF Voyageurs en coopération TGV INOUI vers l'Espagne TGV INOUI vers l'Italie TGV INOUI vers le Luxembourg TGV INOUI vers Fribourg Itinéraires populaires Train Paris Bordeaux Train Paris Marseille Train Bordeaux Paris Train Paris Lyon Train Paris Bruxelles Train Paris Strasbourg Train Paris Toulouse Train Toulouse Paris Train Lyon Paris Train Paris Amsterdam Train Paris Lille Train Nantes Paris Train Paris Genève Train Paris Barcelone Train Paris Nantes Trajets Transporteurs TGV INOUI Lille-Paris TGV INOUI Lyon-Paris TGV INOUI Paris-Nice TGV INOUI Marseille-Paris TGV INOUI Paris-Nantes OUIGO Fleury-les-Aubrais-Paris OUIGO Paris-Fleury-les-Aubrais OUIGO Rennes-Paris OUIGO Marseille-Lyon OUIGO Nantes-Paris TER Paris-Trouville Deauville TER Trouville Deauville-Paris TER Paris-Le Mans TER Le Mans-Paris TER Nice-Cannes : horaires et billets Top destinations Train France Train Paris Train Lyon Train Bordeaux Train Strasbourg Train Nantes Train Marseille Train Lille Train Marne-la-Vallée Chessy (Disneyland® Paris) Train Amsterdam Train Londres Train Barcelone Train Rennes Train Italie : découvrez et voyagez en Italie en train Train Suisse Nos applications mobiles","10 choses à faire à Obernai
Réserver un billet de train
Participez aux festivités de Noël
Se promener sur les remparts
Visiter l’église Saints-Pierre-et-Paul
Dîner dans un restaurant gastronomique
Arpenter le sentier viticole de Schenkenberg
Goûter au vin et à la bière locale
Faire ses emplettes au marché
Flâner au parc de Leonardsau
Faire le tour de la vieille ville à pied
Gravir le mont Saint-Odile"
musee gratuit lyon,"- Musées gratuits à Lyon : Les incontournables à découvrir
- Escapade culturelle à Lyon : 5 musées gratuits à ne pas manquer
- Lyon culturelle : Découvrez les musées gratuits de la ville",voir fiche (14) bons plans (8) prison montluc (5) savoir plus (5) plans gratuits (4) découvrir lyon (4) tourisme congrès (4) brice robert (4) ville lyon (4) mémorial national (4)pierre qyrool (8) entreprendre lyon (7) bons plans (5) plus proche (5) lieux dexpo (4) faire lyon (4) lyon weekend (4) lyon 5 (4) février 2025 (4) dart contemporain (4)billets paris (7) parc tête (6) tête dor (6) activités gratuites (5) bons plans (5) paul bocuse (5) gratuites lyon (4) emblématiques lyon (4) colline fourvière (4) lyon top (3)scraping this (1) this url (1) url is (1) is not (1) not allowed (1) allowed please (1) please see (1) see our (1) our terms (1) terms of (1)métropole lyon (15) lyon métropole (13) métropole culture (8) lyon campus (5) fermer menu (5) bons plans (4) concerts animations (4) culture lyon (3) lyon lyon (3) culture campus (3),bons plans gratuits (4) mémorial national prison (4) national prison montluc (4) journées européennes patrimoine (4) plans gratuits lyon (3) onlylyon tourisme congrès (3) 69005 lyon 5ème (3) lyon city card (2) théophile fournet onlylyon (2) fournet onlylyon tourisme (2)arrêt tcl plus (4) tcl plus proche (4) musées lieux dexpo (3) faire lyon weekend (3) lyon arrêt tcl (3) plus proche métro (3) lyon entreprendre lyon (3) 5 musées lieux (2) lieux dexpo gratuits (2) dexpo gratuits faire (2)parc tête dor (6) activités gratuites lyon (3) gratuites lyon top (3) lyon top 30 (3) profiter dune vue (3) halles paul bocuse (3) plus emblématiques lyon (3) top 30 meilleurs (2) 30 meilleurs bons (2) meilleurs bons plans (2)scraping this url (1) this url is (1) url is not (1) is not allowed (1) not allowed please (1) allowed please see (1) please see our (1) see our terms (1) our terms of (1) terms of use (1)lyon métropole culture (8) métropole culture lyon (3) culture lyon campus (2) bienvenue lyon métropole (2) lyon métropole étudiante (2) nuit étudiants monde (2) étudiants métropole lyon (2) culturels métropole lyon (2) loffice tourisme lyon (2) métropole lyon 1 (2),lyon (0.78) plus (0.23) tous (0.21) musée (0.18) ville (0.17) voir (0.17) découvrir (0.16) fiche (0.14) www (0.13) lyonnais (0.12) métropole (0.11) fr (0.10) musique (0.10) bons (0.09) faire (0.09) jardin (0.09) lyonnaise (0.09) gratuitement (0.08) histoire (0.08) lieux (0.08) plans (0.08) restaurants (0.08) tourisme (0.08) beaux (0.07) fête (0.07) gadagne (0.07) gratuits (0.07) hébergements (0.07) rue (0.07) tout (0.07)lyon (0.79) musée (0.21) plus (0.19) art (0.16) arrêt (0.15) qyrool (0.15) citycrunch (0.13) sans (0.13) tous (0.13) faire (0.12) pierre (0.12) 2025 (0.10) end (0.10) entreprendre (0.10) lieux (0.10) week (0.10) adresse (0.09) culture (0.09) street (0.09) balades (0.07) bien (0.07) bons (0.07) gratuit (0.07) horaires (0.07) infos (0.07) moulages (0.07) plans (0.07) proche (0.07) rhône (0.07) voir (0.07)lyon (0.67) plus (0.28) billets (0.20) profiter (0.20) ville (0.20) ouigo (0.18) pourrez (0.16) musée (0.15) paris (0.15) vue (0.15) admirer (0.13) art (0.13) faire (0.12) fourvière (0.12) lyonnais (0.12) activités (0.10) découvrir (0.10) fresque (0.10) gratuites (0.10) jardin (0.10) marché (0.10) or (0.10) profitez (0.10) rhône (0.10) si (0.10) unique (0.10) bons (0.09) cette (0.09) histoire (0.09) rousse (0.09)terms (0.43) allowed (0.21) com (0.21) for (0.21) https (0.21) information (0.21) is (0.21) more (0.21) not (0.21) of (0.21) our (0.21) please (0.21) scraperapi (0.21) scraping (0.21) see (0.21) this (0.21) url (0.21) use (0.21) www (0.21)lyon (0.74) métropole (0.39) festival (0.28) culture (0.18) étudiants (0.15) événements (0.13) trouve (0.11) étudiant (0.11) campus (0.10) agenda (0.09) concerts (0.09) menu (0.09) nombreux (0.09) ville (0.09) année (0.08) culturels (0.08) fermer (0.08) festivals (0.08) gratuit (0.08) nuits (0.08) tout (0.08) étudiante (0.08) étudier (0.08) animations (0.06) art (0.06) association (0.06) aussi (0.06) découvrez (0.06) musées (0.06) site (0.06),"- **Musée des Moulages** : Petit musée gratuit géré par l’Université Lyon 2, présentant une collection impressionnante de moulages de sculptures antiques.
- **Musée Urbain Tony Garnier** : Admirez les fresques géantes gratuites qui décorent les immeubles de la cité conçue par l’architecte lyonnais.
- **Fondation Bullukian** : Accès gratuit toute l’année pour découvrir des œuvres d’art contemporain dans un espace d’exposition moderne.
- **Galeries d’art des Pentes de la Croix-Rousse** : Plusieurs galeries offrent des expositions gratuites, idéales pour une balade artistique sans frais.
- **Musée des Confluences** : Gratuit pour les jeunes de moins de 18 ans et les étudiants entre 18-25 ans, avec accès gratuit au jardin suspendu.","- **Date de dernière mise à jour : 21/05/2024**
- **Il existe environ 500 traboules dans plus de 230 rues de Lyon réparties sur les quartiers du Vieux-Lyon, de la Croix-Rousse et de la Presqu’île.**
- **Attention, seules quelque 80 d’entre elles sont ouvertes au public et il vous sera demandé de respecter le silence car ce sont aussi des lieux d'habitation !**
- **accessible gratuitement du mercredi au dimanche, suivant les horaires du musée.**",musee gratuit lyon,"Le top des bons plans gratuits à Lyon - SNCF Connect Aller au contenu principal Voyager Voyager Voyager Fermer Tout pour voyager Réserver Réserver Billets de train Voyages en bus Trajets en covoiturage Location de voiture Hôtels Taxi/VTC Bons plans Bons plans Voyages en groupe Voyages pro Enfant voyageant seul Informations Informations Horaires en gare Info trafic Handicap et accessibilité Tous les transporteurs Tous les services Nos réponses à vos questions Guide de voyage Guide de voyage Où voyager en France, en Europe Voyager selon vos envies Billets Billets Billets Fermer Voir vos billets et titres Vos voyages Vos voyages Tous vos voyages Importer un voyage Compensation en cas de retard Faire une réclamation Modifier un voyage Assurance Allianz Vos cartes et abonnements Vos cartes et abonnements Importer une carte ou abonnement Acheter une carte ou abonnement Compléter votre voyage Compléter votre voyage Louer une voiture Réserver un hôtel Réserver un Taxi/VTC Transports urbains Restauration à bord TGV INOUI Restauration à bord INTERCITES Tous les services Offres Offres Offres Fermer Parcourir toutes les offres Cartes et abonnements SNCF Cartes et abonnements SNCF Carte Avantage Jeune Carte Avantage Adulte Carte Avantage Senior Carte Liberté Abonnement MAX ACTIF Abonnement MAX JEUNE Toutes les cartes et abonnements Offres régionales Offres régionales TER Auvergne-Rhône-Alpes TER Hauts de France LiO Train Occitanie TER Nouvelle-Aquitaine Titres Île-de-France Mobilités Consulter les offres régionales Offres urbaines Offres urbaines Avignon – Réseau Orizo Caen – Réseau Twisto Montbéliard – Réseau évolitY Perpignan – Réseau Sankéo Sophia Antipolis – Réseau Envibus Tours – Réseau Fil Bleu Consulter les offres urbaines Services Services Louer une voiture Réserver un hôtel Réserver un Taxi/VTC Assurer votre voyage Livraison de bagages Transport de véhicules Restauration à bord Domicile + Train Tous les services Compte Compte Compte Fermer Créer un compte Accéder à votre compte Accéder à la rubrique sans se connecter Vos espaces Vos espaces Se connecter Se créer un compte Espace MAX JEUNE Espace MAX SENIOR Communauté SNCF Connect Vos informations Vos informations Vos informations personnelles Cartes et programmes de fidélité Vos achats Vos moyens de paiement Compagnons de voyage Aide et légal Aide et légal Charte de confidentialité Conditions générales d'utilisation Compensation en cas de retard Aide en ligne Contacts Le top des bons plans gratuits à Lyon Accueil A voir, à faire Lyon Le top des bons plans gratuits à Lyon Vous souhaitez visiter Lyon avec un petit budget ? La Capitale des Gaules regorge de lieux à visiter, expositions à voir, concerts à écouter etc. Voici quelques idées pour découvrir Lyon gratuitement ! Réserver un billet de train Réserver un billet de train Rechercher Annuler Direction Lyon, pour découvrir sa célèbre Basilique de Fourvière, ses traboules, sa vie culturelle riche et variée, sa gastronomie… Savez-vous qu’il est possible de profiter de Lyon sans débourser un centime ? Suivez le guide. >> Réservez votre billet de train pour Lyon © Istock_RossHelen Pour commencer, voici nos bons plans pour visiter Lyon gratuitement : Les traboules Les Murs Peints Les quais de Saône Le zoo de la Tête d’Or Les jardins Lugdunum, musée et théâtres romains La Basilique de Fourvière L’Opéra de Lyon Les puces et des marchés Les festivals © Istock - Arssecreta Trabouler dans le Vieux Lyon et la Croix Rousse Au cœur de la vieille ville et dans les pentes de la Croix-Rousse se trouvent des ruelles cachées qui abritent des couloirs hors du temps : les traboules. On pousse une porte massive pour se retrouver dans un passage étroit qui nous entraîne entre les immeubles, dans des jolies cours intérieures et des chemins secrets pour passer d’une rue à l’autre. Bon à savoir : une quarantaine de traboules sont ouvertes au public, gratuitement. Il suffit de demander leur emplacement à l’Office du tourisme ou simplement partir à leur recherche en se promenant. >> Le top 10 des choses à faire à Lyon © Photononstop_Sime Visiter la ville par ses Murs peints L’histoire de Lyon se découvre grâce à ses bâtiments. On parle bien sûr d’architecture, mais pas uniquement ! Car à Lyon, les Murs Peints créent un véritable musée à ciel ouvert. Parmi toutes ces fresques, passez voir le Mur des Canuts (boul. des Canuts) , un immense trompe-l’œil actualisé régulièrement pour suivre l’évolution du quartier de la Croix Rousse ; la Fresque des Lyonnais ( rue de la Marinière ) et la Bibliothèque de la Cité (rue de la Platière) où des lyonnais célèbres sont représentés ; la Sarra (rue Paulne Jaricot) , le plus grand trompe l’œil du monde ; des murs peints lumineux, végétalisés… >> Découvrez notre balade architecturale à Lyon © iStock - RossHelen Longer les quais de Saône Chaussez vos baskets, voici une balade sympathique à faire aux beaux jours : longer les quais de Saône du Jardin des Confluences à l’Ile Barde. En chemin, les paysages sont variés ; le magnifique musée des Confluences ; le nouveau quartier qui l’entoure et ses immeubles designs et hangars réhabilités ; des péniches de différents styles ; la Cathédrale Saint Jean ; la Basilique Fourvière ; des bouquinistes… Mon conseil : prévoyez au moins une demi-journée pour faire des haltes régulières et profiter de la beauté des lieux. >> Découvrez Lyon par arrondissement © IStock_Uwe Zanker Découvrir le zoo de la Tête d’Or Le Parc de la Tête d’Or est réputé pour ses grands espaces verts, sa roseraie, ses serres tropicales mais aussi son parc zoologique gratuit ! On découvre des espèces menacées, différents oiseaux, mammifères, reptiles, un espace adapté aux besoins de certains animaux : la « plaine africaine »… et, plus surprenant, des animaux en semi-liberté qui se promènent dans le parc ! Parc de la Tête d’Or – Place du Général Leclerc - Tél : 04.72.69.47.60 – tous les jours de 9h à 17h/18h/18h30 selon la période – Gratuit. >> Le top 10 des activités à faire en famille à Lyon © Istock_ricochet64 Se promener dans les jardins Pour se mettre au vert, rien de plus simple ! Rendez-vous dans l’un des nombreux jardins et parcs de la ville pour une pause détente. La ville en compte plusieurs dizaines, très variés. Parmi les incontournables : le Jardin du Musée des Beaux-Arts (20 place des Terreaux) , dans l’ancien cloître de l’abbaye qui a laissé sa place au musée ;  le Jardin Rosa Mir (87 Grande rue de la Croix-Rousse) fait de pierres et de coquillages ; le Parc des Hauteurs et son Jardin de la Roseraie (Montée Nicolas de Lange) ; l’immanquable Parc de la Tête d’Or (Place du Général Leclerc) … et bien d’autres encore ! A noter : les périodes d’ouverture peuvent varier selon les saisons. >> Nos meilleures adresses green à Lyon © Istock_Julien Viry Plonger dans l’Histoire à Lugdunum - Musée et théâtres romains C’est sur les hauteurs de Lyon que l’on s’imprègne le mieux de l’histoire antique de la ville (alors appelée Lugdunum). Le Musée Gallo-romain abrite une collection exceptionnelle d’objet, de mosaïques et vestiges qui permettent de mieux comprendre comment les habitants vivaient à cette époque. Autour du Musée, le site archéologique a réussi à traverser les siècles avec notamment le théâtre et l’odéon où l’on peut se promener librement. Lugdunum – Musée et théâtres romains - 17 rue Cleberg ou par les théâtres 6 rue de l'Antiquaille – musée gratuit le premier dimanche du mois, le site archéologique est gratuit toute l’année. >> Nos bons plans pour un week-end romantique à Lyon © Istock_NOLIMITPICTURES Surplomber la ville de la Basilique de Fourvière Emblème de Lyon, la Basilique Notre Dame de Fourvière offre une vue superbe sur la ville, jusqu’au Mont Blanc. L’intérieur mérite également qu’on s’y arrête, car les décors sont somptueux. Vitraux, marbre, mosaïques… le mieux, c’est de le voir de ses propres yeux. Bon plan : pensez à télécharger l’audio-guide, gratuit, avant votre visite ! En environs 30 minutes, vous découvrez l’histoire du lieu, des explications sur les vitraux et mosaïques... Basilique Notre Dame de Fourvière – 8 place de Fourvière – tous les jours de 7h à 19h >> Shopping gourmand à Lyon : nos meilleures adresses © Franchelle Stofleth-Aderly Savourer la musique de l’Opéra de Lyon Qui a dit que l’Opéra, c’est forcément cher ? Sachez qu’à l’Opéra de Lyon , des concerts, conférences, spectacles etc. gratuits sont au programme tous les mois. Le Conservatoire supérieur de Musique et de Danse de Lyon, notamment, s’y produit régulièrement. Alors, pensez à vous renseigner lors de votre visite dans la ville aux deux collines ! Opéra de Lyon - Place de la comédie – Tél : 04 69 85 54 54 © Istock_lechatnoir Flâner dans les étals des puces et des marchés Nombreux sont les marchés à découvrir à Lyon . Il y a les traditionnels marchés alimentaires, les bouquinistes, les différentes brocantes hebdomadaires… Mais surtout, je vous conseille d’aller faire un tour aux Puces du Canal juste pour le plaisir d’observer les étals remplis d’objets en tous genres ou encore au Marché de la Création où des artistes, créateurs, peintres, sculpteurs… exposent leurs œuvres. Libre à vous de flâner gratuitement, ou de craquer et repartir avec un souvenir ! Les Puces du Canal – 3 Rue Eugène Pottier – Jeudi et dimanche : 7h-15h ; samedi : 8h-15h Le Marché de la Création – 3-4 Quai Romain Rolland – Dimanche : 8h-13h © Istock_Julien Viry Profiter des festivals Chaque année, autour du 8 décembre, la Fête des Lumières illumine la ville de Lyon. Au programme, 3 à 4 jours pour s’émerveiller devant les installations réparties sur une partie de la presqu’île et de Fourvière. Et c’est gratuit ! Aux beaux jours, le festival Tout l’monde dehors prend la relève de juin à septembre. Des centaines d’animations gratuites rythment l’été lyonnais. Théâtre, marionnettes, cirque, concerts, fêtes de quartier, ateliers…il y en a pour tous les goûts ! Comment y aller ? En OUIGO En 1h47 au départ de Paris gare de Lyon, de Paris Marne-La-Vallée ou Paris Aéroport Roissy CDG 2. Arrivée à la gare de Lyon Part-Dieu, Lyon Perrache ou à la gare de Lyon Saint-Exupéry. >> Allez-y en OUIGO En TGV >> Allez-y en TGV Cet article vous a plu ? Partagez-le ! Facebook WhatsApp X, formerly Twitter Pinterest Mail Coralie Salvi Rédaction SNCF Connect 18/04/2025 Préparez votre séjour : Lyon au départ de Paris Marseille Lille Bordeaux 19 / 10 Dès 35 € (1) 20 / 10 Dès 25 € (1) 21 / 10 Dès 19 € (1) Le moins cher 22 / 10 Dès 25 € (1) 23 / 10 Dès 29 € (1) 24 / 10 Dès 39 € (1) 25 / 10 Dès 35 € (1) Vous aimerez aussi Fermer Voir tout La brioche praline à Lyon : guide complet des meilleures adresses Notre top 10 des spécialités incontournables à Lyon 10 activités à faire à Lyon cet été Week-end en famille : où partir avec des adolescents ? Marchés de Noël à Lyon : notre Top 5 Péniches à Lyon : croisières, restaurants et bars flottants Itinéraire en famille de Lyon à Valence Le top des Bouchons lyonnais Le top 5 des rooftops à Lyon Le top 10 des restaurants insolites à Lyon Lyon : les événements des 3 prochains mois Lyon par arrondissement Mentions légales (1) Voir les conditions des offres (1) Tarifs TTC, à partir de, pour une personne, pour un aller simple, en 2nd classe, sur une sélection de trains et de dates et sous réserve de disponibilité. Offres soumises à conditions d'échanges et de remboursement des transporteurs concernés à consulter lors de la commande. Paiement en ligne. Offres non cumulables avec d'autres promotions SNCF. Nos engagements Meilleurs prix garantis Paiement sécurisé Contact 7j/7 Service client de l'année 2025 Moyens de paiement Infos et conditions Paiement en Chèque-Vacances Connect Infos et conditions de paiement avec les cartes Ayvens, Betterway, Pluxee ou RoadMate Choix du pays Langue France Langue Belgique België Belgium Deutschland España France Italia Luxembourg Nederland Suisse Schweiz Switzerland Other regions and countries Nos partenaires Suivez-nous ! L'entreprise Conditions de présentation des offres sur le site Conditions générales de vente Droits des voyageurs ferroviaires et Règlement européen n°2021/782 Informations légales Charte de confidentialité et cookies Gestion des cookies Partenariat Régie publicitaire Devenir partenaire ou affilié Widget SNCF Connect Sites du groupe Site SNCF Connect & Tech Espace Presse SNCF Connect & Tech Carrières SNCF Connect & Tech Le compte des agents SNCF Groupe-sncf.com Emploi Groupe SNCF Vous informer Aide Contactez-nous Vos billets Communauté SNCF Connect Plan du site SNCF Connect Guide du voyageur Franchissement frontière Handicap & mobilité réduite Nos services pour les voyageurs PSH/PMR Tout savoir sur le service d'assistance en gare Accessibilité numérique : conformité partielle Fonctionnalités d'accessibilité de nos applications mobiles Les autres services d'assistance en Europe Transporteurs TGV INOUI OUIGO TER BlaBlaCar Bus FlixBus BlaBlaCar INTERCITES TGV Lyria EUROSTAR TGV INOUI vers Bruxelles DB SNCF Voyageurs en coopération TGV INOUI vers l'Espagne TGV INOUI vers l'Italie TGV INOUI vers le Luxembourg TGV INOUI vers Fribourg Itinéraires populaires Train Paris Bordeaux Train Paris Marseille Train Bordeaux Paris Train Paris Lyon Train Paris Bruxelles Train Paris Strasbourg Train Paris Toulouse Train Toulouse Paris Train Lyon Paris Train Paris Amsterdam Train Paris Lille Train Nantes Paris Train Paris Genève Train Paris Barcelone Train Paris Nantes Trajets Transporteurs TGV INOUI Lille-Paris TGV INOUI Lyon-Paris TGV INOUI Paris-Nice TGV INOUI Marseille-Paris TGV INOUI Paris-Nantes OUIGO Fleury-les-Aubrais-Paris OUIGO Paris-Fleury-les-Aubrais OUIGO Rennes-Paris OUIGO Marseille-Lyon OUIGO Nantes-Paris TER Paris-Trouville Deauville TER Trouville Deauville-Paris TER Paris-Le Mans TER Le Mans-Paris TER Nice-Cannes : horaires et billets Top destinations Train France Train Paris Train Lyon Train Bordeaux Train Strasbourg Train Nantes Train Marseille Train Lille Train Marne-la-Vallée Chessy (Disneyland® Paris) Train Amsterdam Train Londres Train Barcelone Train Rennes Train Italie : découvrez et voyagez en Italie en train Train Suisse Nos applications mobiles","Le top des bons plans gratuits à Lyon
Réserver un billet de train
Trabouler dans le Vieux Lyon et la Croix Rousse
Visiter la ville par ses Murs peints
Longer les quais de Saône
Découvrir le zoo de la Tête d’Or
Se promener dans les jardins
Plonger dans l’Histoire à Lugdunum - Musée et théâtres romains
Surplomber la ville de la Basilique de Fourvière
Savourer la musique de l’Opéra de Lyon
Flâner dans les étals des puces et des marchés
Profiter des festivals
Préparez votre séjour : Lyon au départ deParisMarseilleLilleBordeaux
Vous aimerez aussi
Mentions légales"
lieux insolites pays de la loire,"- Découvrez les lieux insolites des Pays de la Loire
- Explorez les endroits méconnus en Pays de la Loire
- Vivez des expériences uniques dans les Pays de la Loire",pays loire (13) marais poitevin (10) clo clem (8) lire larticle (8) carte monde (5) savoir plus (5) châteaufort lassay (4) mont avaloirs (4) découverte muscadet (4) peu connus (3)tgv inoui (12) train paris (12) pays loire (8) sncf connect (8) expériences insolites (6) paris train (6) cartes abonnements (5) france 02 (5) inoui vers (5) dix expériences (4)capacité daccueil (61) offrir partir (58) 50 5 (27) daccueil 4 (27) 4 personnes (27) accès escalier (26) daccueil 2 (20) 2 personnes (20) vendée 85 (19) personnes accès (19)nouvelle fenêtre (326) fenêtre rubriques (16) fenêtre france (16) voir toute (15) toute lactu (15) toute région (13) région départements (13) pays loire (11) ouvrir sous (10) sous menu (10)pays loire (6) infos pratiques (6) pépites 5 (6) conducteur train (4) sous étoiles (4) pratiques gare (4) gare plus (4) plus proche (4) expériences insolites (3) 1 devenir (3),accueil vidéos tour (3) vidéos tour monde (3) tour monde guides (3) monde guides voyage (3) guides voyage sketchs (3) voyage sketchs faq (3) sketchs faq autres (3) faq autres voyages (3) autres voyages documentaires (3) voyages documentaires voyages (3)tgv inoui vers (5) dix expériences insolites (4) expériences insolites tester (4) insolites tester pays (3) tester pays loire (3) soigneur danimaux sauvages (3) sncf connect tech (3) paris train paris (3) compensation cas retard (2) louer voiture réserver (2)capacité daccueil 4 (27) daccueil 4 personnes (27) capacité daccueil 2 (20) daccueil 2 personnes (20) 1 2 3 (17) accès escalier offrir (17) escalier offrir partir (17) personnes accès escalier (16) ans offrir partir (16) 2 3 4 (15)nouvelle fenêtre rubriques (16) nouvelle fenêtre france (16) voir toute lactu (15) toute région départements (13) ouvrir sous menu (10) nouvelle fenêtre moment (9) nouvelle fenêtre voir (8) fenêtre voir plus (8) voir plus sujets (8) 2024 nouvelle fenêtre (8)infos pratiques gare (4) pratiques gare plus (4) gare plus proche (4) 1 devenir conducteur (3) devenir conducteur train (3) 2 dormir champignons (3) 3 cuisiner algues (3) 4 descendre mine (3) 5 dormir forêt (3) 6 dormir sous (3),loire (0.35) château (0.34) visiter (0.30) plus (0.23) tour (0.22) https (0.19) article (0.18) aussi (0.18) fr (0.18) histoire (0.18) jardin (0.18) pays (0.18) voyage (0.18) marais (0.16) cette (0.15) france (0.15) siècle (0.15) cholet (0.14) domaine (0.14) end (0.14) poitevin (0.14) ville (0.14) week (0.14) belvédère (0.12) découverte (0.12) lire (0.12) muscadet (0.12) peut (0.12) www (0.12) trouve (0.11)train (0.53) paris (0.43) nantes (0.30) france (0.23) sncf (0.20) tgv (0.19) inoui (0.17) voyage (0.17) offres (0.16) pays (0.14) ter (0.14) bord (0.13) connect (0.13) compte (0.11) loire (0.11) réserver (0.11) voyager (0.11) billets (0.10) cartes (0.10) insolites (0.10) services (0.10) vers (0.10) île (0.10) expériences (0.09) informations (0.09) istock (0.09) ouigo (0.09) réseau (0.09) tous (0.09) voyages (0.09)nuit (0.41) personnes (0.32) capacité (0.31) accueil (0.31) partir (0.30) offrir (0.30) loire (0.29) cabane (0.20) accès (0.17) insolite (0.15) 85 (0.13) escalier (0.13) hauteur (0.11) vendée (0.11) spa (0.10) maine (0.10) 49 (0.09) ans (0.09) pays (0.09) tiny (0.09) 18 (0.09) minimum (0.09) âge (0.09) nature (0.08) séjour (0.08) 10 (0.08) 16 (0.08) cœur (0.08) hébergement (0.07) saint (0.07)nouvelle (0.70) fenêtre (0.69) france (0.10) toute (0.07) voir (0.06) région (0.05) loire (0.04) actu (0.04) plus (0.04) régions (0.04) rubriques (0.03) menu (0.03) départements (0.03) 2025 (0.03) moment (0.03) météo (0.03) saint (0.03) villes (0.03) pays (0.03) sous (0.03) alpes (0.02) politique (0.02) tv (0.02) 2024 (0.02) ouvrir (0.02) culture (0.02) environnement (0.02) mans (0.02) parc (0.02) sujets (0.02)pépites (0.38) plus (0.31) dormir (0.26) pays (0.26) tout (0.20) aussi (0.18) loire (0.18) mine (0.18) nature (0.18) topos (0.18) tous (0.18) train (0.18) algues (0.15) champignons (0.15) découvrir (0.15) entre (0.15) forêt (0.15) infos (0.15) insolites (0.15) mer (0.15) pratiques (0.15) sous (0.15) articles (0.13) aventure (0.13) cet (0.13) chilowé (0.13) expériences (0.13) gare (0.13) partir (0.13) étoiles (0.13),"- Inclure des informations sur la biodiversité spécifique des Pays de la Loire, mettant en avant les espèces uniques présentes dans la région.
- Ajouter des statistiques récentes sur le tourisme dans les Pays de la Loire, notamment le nombre de visiteurs des lieux insolites.
- Fournir des conseils pratiques pour accéder aux sites peu connus, incluant les options de transport et les meilleures périodes pour les visiter.
- Intégrer une carte interactive des lieux insolites pour faciliter la planification des visites.
- Mentionner des événements locaux ou des festivals qui se déroulent à proximité des lieux insolites, offrant ainsi une expérience enrichie aux visiteurs.","- ""Les Pays de la Loire comptent 450 kilomètres de littoral dont 215 de plages, 2 500 kilomètres de pistes cyclables balisées (!), 26 000 km de randonnées pédestres et 5 000 km d’itinéraires équestres.""
- ""Vouvant, classé parmi les plus beaux villages de France, a été bâti sur les rives d’une boucle de la rivière Mère.""
- ""La tour Mélusine, construite au 13ème siècle, est une tour ronde.""
- ""Un escalier en colimaçon nous mène au sommet de la tour à 45 mètres de hauteur pour admirer le panorama sur le village et les alentours.""
- ""Ne manquez pas la magnifique église romane du 11ème siècle.""
- ""Le pont-aqueduc (ou pont-canal) qui est une véritable prouesse technique. Construit au 17ème siècle...""
- ""Le château de Laval, construit sur un promontoire rocheux à partir du 11ème siècle...""
- ""La roseraie, située dans l’ancien pré du couvent des Bénédictines, compte 300 espèces différentes de roses.""
- ""Le Château de Louis de Funès...""
- ""En 2023, il a accueilli plus de 200 000 personnes.""
- ""Le mont des Avaloirs, à une hauteur de 417 mètres, est considéré comme le point culminant de la région Ouest.""
- ""À 15 minutes de route, se trouve un autre point de vue qui vaut le détour : le belvédère des Toyères.""
- ""Le Parc Oriental de Maulévrier a été ouvert au public le 15 juin 1985 et sera bientôt reconnu comme un jardin de promenade.""
- ""Le Parc Oriental de Maulévrier fêtera ses 40 ans d’ouverture au public au printemps 2025.""
- ""La park est labellisé 'jardin remarquable' en 2019.""
- ""En 2024, le Voyage à Nantes inclura...""
- ""En tout, 26 000 km de randonnées pédestres sont disponibles dans la région.""
- ""Le Château des Duces de Bretagne à Nantes couvre une superficie de 12 hectares.""
- ""Le Pass Nantes permet de tout voir de la ville et autour.""",lieux insolites pays de la loire,"Dix expériences insolites à tester en Pays de la Loire - SNCF Connect Aller au contenu principal Voyager Voyager Voyager Fermer Tout pour voyager Réserver Réserver Billets de train Voyages en bus Trajets en covoiturage Location de voiture Hôtels Taxi/VTC Bons plans Bons plans Voyages en groupe Voyages pro Enfant voyageant seul Informations Informations Horaires en gare Info trafic Handicap et accessibilité Tous les transporteurs Tous les services Nos réponses à vos questions Guide de voyage Guide de voyage Où voyager en France, en Europe Voyager selon vos envies Billets Billets Billets Fermer Voir vos billets et titres Vos voyages Vos voyages Tous vos voyages Importer un voyage Compensation en cas de retard Faire une réclamation Modifier un voyage Assurance Allianz Vos cartes et abonnements Vos cartes et abonnements Importer une carte ou abonnement Acheter une carte ou abonnement Compléter votre voyage Compléter votre voyage Louer une voiture Réserver un hôtel Réserver un Taxi/VTC Transports urbains Restauration à bord TGV INOUI Restauration à bord INTERCITES Tous les services Offres Offres Offres Fermer Parcourir toutes les offres Cartes et abonnements SNCF Cartes et abonnements SNCF Carte Avantage Jeune Carte Avantage Adulte Carte Avantage Senior Carte Liberté Abonnement MAX ACTIF Abonnement MAX JEUNE Toutes les cartes et abonnements Offres régionales Offres régionales TER Auvergne-Rhône-Alpes TER Hauts de France LiO Train Occitanie TER Nouvelle-Aquitaine Titres Île-de-France Mobilités Consulter les offres régionales Offres urbaines Offres urbaines Avignon – Réseau Orizo Caen – Réseau Twisto Montbéliard – Réseau évolitY Perpignan – Réseau Sankéo Sophia Antipolis – Réseau Envibus Tours – Réseau Fil Bleu Consulter les offres urbaines Services Services Louer une voiture Réserver un hôtel Réserver un Taxi/VTC Assurer votre voyage Livraison de bagages Transport de véhicules Restauration à bord Domicile + Train Tous les services Compte Compte Compte Fermer Créer un compte Accéder à votre compte Accéder à la rubrique sans se connecter Vos espaces Vos espaces Se connecter Se créer un compte Espace MAX JEUNE Espace MAX SENIOR Communauté SNCF Connect Vos informations Vos informations Vos informations personnelles Cartes et programmes de fidélité Vos achats Vos moyens de paiement Compagnons de voyage Aide et légal Aide et légal Charte de confidentialité Conditions générales d'utilisation Compensation en cas de retard Aide en ligne Contacts Dix expériences insolites à tester en Pays de la Loire Accueil A voir, à faire Pays de la Loire Dix expériences insolites à tester en Pays de la Loire Dotés d’un patrimoine historique et culturel omniprésent, d’une nature préservée, de sites remarquables et de 450 km de littoral, les Pays de la Loire réservent bien des surprises à ses visiteurs ! Découvrez dix expériences insolites à tester en famille. Réserver un billet de train Réserver un billet de train Rechercher Annuler Direction Nantes et les Pays de la Loire pour des expériences insolites en famille. Balade dans les airs, en draisine ou à dos d’éléphant, communion avec la nature, visites troglodytes… On vous donne nos 10 activités insolites préférées à tester absolument dans les Pays de la Loire ! >> Prenez le train jusqu’à Nantes Top 10 des expériences insolites en Pays de la Loire : Plonger dans un monde sous-terrain Communier avec la nature Voler en montgolfière Rencontrer un saunier Jouer les moussaillons Se balader en draisine Voyager à dos d'éléphant Embarquer à bord d'un paquebot Devenir soigneur d’animaux sauvages Cueillir et déguster des algues © Photononstop - Nicolas Thibaut Plonger dans un monde sous-terrain Vivez un voyage unique dans les profondeurs de la Terre ! Situé à 24 km de Saumur, Rochemenier est le village de plaine le plus typique des habitats troglodytes. Fascinant, ce site-musée compte vingt salles réparties sur un hectare : deux anciennes fermes avec habitations creusées dans la roche de falun abritant des centaines d’outils et meubles paysans, un ancien poulailler et une chapelle souterraine. Une visite captivante ! >> Découvrez également les habitations troglodytes de Saumur Village Troglodytique de Rochemenier 14 rue du Musée 49700 Louresse-Rochemenier France 02 41 59 18 15 Horaire d'ouverture : Ouvert tous les jours de 9h30 à 18h de mai à septembre, du mardi au dimanche le reste de l’année de 10h à 17h. Fermé en décembre et janvier et quelques dimanches en basse saison. pique nique en famille  - © PNS - Paul Bradbury - Caiaimages Communier avec la nature S’amuser tout en se sensibilisant à l’eau, à l’écologie et au patrimoine, c’est possible au parc de loisirs Echologia ! S’étendant sur 3 km et riche de 40 points stop, un parcours insolite invite à admirer des paysages inattendus évoquant la toundra ou un grand lac canadien, à faire un saut dans le passé pour découvrir d’anciennes carrières ou à s’adonner à une flopée d’activités : nourrissage de poissons sauvages, chasses au trésor … Echologia Bas Barbé 53950 Louverné France 09 80 80 53 53 Horaire d'ouverture : Les week-ends et jours feriés à partir d’avril, de 14h à 19h. Montgolfière - © Istock - DACowley Voler en montgolfière Qui n’a jamais rêvé de s’envoler vers les nuages ? Direction Fontenay le Comte pour réveiller ce vieux rêve d’enfant le temps d’un vol en montgolfière au-dessus du célèbre Marais Poitevin ! Libre comme l’air, avec pour seul bruit celui du vent et du brûleur, vous admirerez la petite brume sur le canal entre Coulon et Damvix, la Sèvre Niortaise au Mazeau et passerez au pied de l’Abbaye de Maillezais en survolant le canal de la Jeune Autise. Mongolfière du bocage L'Orfosse 79140 Cerizay France 05 49 80 10 45 Horaire d'ouverture : Vols en début de matinée et avant le coucher du soleil. © iStock - Lisa5201 Rencontrer un saunier Séparée du continent par le passage du Gois, l’île de Noirmoutier est recouverte au tiers par des marais salants ! Un patrimoine unique à l’atmosphère magique à découvrir lors d’une balade crépusculaire en compagnie de Patrice Rigoult. Durant 2h, ce passionné vous racontera l’histoire du sel sur l’île, parlera de son métier de saunier et nommera les oiseaux qui se cachent au marais. De quoi susciter quelques vocations ! Balade sur l’île de Noirmoutier Pont du Marais Neuf 85300 Noirmoutier-en-île France 06 63 32 86 66 Mat de voilier - © PNS - Danièle Schneider / Photononstop Jouer les moussaillons Envie de prendre le large ? Embarquez sans plus attendre à bord d’un voilier de 12 mètres au départ des Sables d’Olonne pour une croisière active en famille. En compagnie d’un chef de bord, vous dresserez le cap, en toute sécurité, vers les îles de Ré, d’Yeu ou d’Oléron au charme indéniable et découvrirez les joies de la navigation en participant aux manœuvres à bord. Sensations et dépaysement assurés ! Sport Nautiques Sablais 125, Place Jean-David Nau, Face au ponton A - Port-Olona 85100 Les Sables d'Olonne France 02 51 21 63 00 Balade en vélo-rail - © Photononstop - Alain Le Bot Se balader en draisine Rien de telle qu’une virée en draisine pour découvrir l’arrière-pays de Saint-Gilles Croix de Vie ! Semblable à un pédalo sur rail, mieux qu’une bicyclette, plus qu’un tandem, ce moyen de locomotion très original permet de parcourir, en pédalant à son rythme, les 10 km de voie de chemin de fer reliant Commequiers à Coëx. A portée de pédales : les demeures typiques du bas bocage ou le viaduc de la Vie. Une jolie échappée verte ! Vélo-rail Commequiers Route de St Gilles 85220 Commequiers France 02 51 54 79 99 Horaire d'ouverture : Ouvert d’avril à novembre. Horaires variables selon la période. Grand éléphant de Nantes - © Istock - DaLiu Voyager à dos d'éléphant Un éléphant sur l’île de Nantes ? Ce n’est pas une plaisanterie ! C’est bien à dos de pachyderme qu’on peut embarquer pour une étonnante balade sur le site des anciens chantiers navals. A bord de ce géant mécanique de 12 mètres de haut et constitué de 48,4 tonnes d’acier et de bois, on découvre les engrenages et les pattes en action et on s’amuse de voir les spectateurs se faire éclabousser à chaque barrissement de la monture ! Les Machines de l’île Parc des Chantiers, Boulevard Léon Bureau 44200 Nantes France 08 10 12 12 25 Enfant déguisé en pirate - © iStock-Mordolff Embarquer à bord d'un paquebot Lieu unique en Europe, Escal’Atlantic plonge ses visiteurs dans la passionnante histoire des paquebots transatlantiques. Ici, on parcourt les ponts et les coursives dans les traces des passagers d’hier, on découvre le fonctionnement du paquebot, on s’improvise directeur d’une compagnie maritime autour d’une grande mappemonde animée et on découvre près de 200 objets de collection provenant de navires de légende. >> Escal’Atlantic, à Saint Nazaire Escal’Atlantic Base sous-marine de St Nazaire, Boulevard de la Légion d'Honneur 44600 Saint-Nazaire France 02 28 54 06 40 © iStock - PeopleImages Devenir soigneur d’animaux sauvages Inspiré, Planète Sauvage invite les enfants à se glisser dans la peau d’un soigneur d’animaux sauvages pour découvrir les facettes d’un métier unique ! Au programme : nourrissage, découverte des coulisses du parc animalier, échanges avec les animaux et les soigneurs. L’occasion de côtoyer au plus près singes, tapirs, pélicans, bisons, ours, girafes, dauphins et autres rhinocéros… Sensations fortes garanties ! >> Les parcs animaliers à découvrir Planète Sauvage La Chevalerie 44710 Port Saint Père France 02 40 04 82 82 Un groupe d'ami s'amusent et se prend en selfie sur une plage - © istock - wunder visuals Cueillir et déguster des algues Riches en vertus nutritionnelles, les algues ont le vent en poupe !  Pour apprendre à les trouver, à les reconnaître, à les récolter et à les cuisiner, rendez-vous aux Jardins de la mer pour un atelier inattendu. La séance débute par une sortie sur l’estran et se poursuit à la ferme par un bilan de la pêche suivi de la préparation dégustation d’un caviar d’algues fraîches ou du haricot de mer en pickles dans une ambiance conviviale. Les Jardins de la Mer Saline Saint-Goustan, 5, rue Raymond Poincaré 44490 Le Croizic France 09 75 75 84 07 Cet article vous a plu ? Partagez-le ! Facebook WhatsApp X, formerly Twitter Pinterest Mail Valérie Nescop Journaliste 18/04/2025 Vous aimerez aussi Fermer Voir tout Quarante-huit heures à Nantes Nantes, le Voyage Permanent Le Pass Nantes pour tout voir de la ville et autour Le Voyage à Nantes 2024 Le Musée d'arts de Nantes Le Château des ducs de Bretagne Nantes aux couleurs de Noël : le Voyage en hiver ! 5 bonnes raisons d'aller à Nantes cet été Esprit bohème pour manger à Nantes 3 micro-aventures au départ de Nantes Week-end vert et éco-responsable à Nantes 5 lieux secrets à visiter à moins d’une heure en TER de Nantes Nos engagements Meilleurs prix garantis Paiement sécurisé Contact 7j/7 Service client de l'année 2025 Moyens de paiement Infos et conditions Paiement en Chèque-Vacances Connect Infos et conditions de paiement avec les cartes Ayvens, Betterway, Pluxee ou RoadMate Choix du pays Langue France Langue Belgique België Belgium Deutschland España France Italia Luxembourg Nederland Suisse Schweiz Switzerland Other regions and countries Nos partenaires Suivez-nous ! L'entreprise Conditions de présentation des offres sur le site Conditions générales de vente Droits des voyageurs ferroviaires et Règlement européen n°2021/782 Informations légales Charte de confidentialité et cookies Gestion des cookies Partenariat Régie publicitaire Devenir partenaire ou affilié Widget SNCF Connect Sites du groupe Site SNCF Connect & Tech Espace Presse SNCF Connect & Tech Carrières SNCF Connect & Tech Le compte des agents SNCF Groupe-sncf.com Emploi Groupe SNCF Vous informer Aide Contactez-nous Vos billets Communauté SNCF Connect Plan du site SNCF Connect Guide du voyageur Franchissement frontière Handicap & mobilité réduite Nos services pour les voyageurs PSH/PMR Tout savoir sur le service d'assistance en gare Accessibilité numérique : conformité partielle Fonctionnalités d'accessibilité de nos applications mobiles Les autres services d'assistance en Europe Transporteurs TGV INOUI OUIGO TER BlaBlaCar Bus FlixBus BlaBlaCar INTERCITES TGV Lyria EUROSTAR TGV INOUI vers Bruxelles DB SNCF Voyageurs en coopération TGV INOUI vers l'Espagne TGV INOUI vers l'Italie TGV INOUI vers le Luxembourg TGV INOUI vers Fribourg Itinéraires populaires Train Paris Bordeaux Train Paris Marseille Train Bordeaux Paris Train Paris Lyon Train Paris Bruxelles Train Paris Strasbourg Train Paris Toulouse Train Toulouse Paris Train Lyon Paris Train Paris Amsterdam Train Paris Lille Train Nantes Paris Train Paris Genève Train Paris Barcelone Train Paris Nantes Trajets Transporteurs TGV INOUI Lille-Paris TGV INOUI Lyon-Paris TGV INOUI Paris-Nice TGV INOUI Marseille-Paris TGV INOUI Paris-Nantes OUIGO Fleury-les-Aubrais-Paris OUIGO Paris-Fleury-les-Aubrais OUIGO Rennes-Paris OUIGO Marseille-Lyon OUIGO Nantes-Paris TER Paris-Trouville Deauville TER Trouville Deauville-Paris TER Paris-Le Mans TER Le Mans-Paris TER Nice-Cannes : horaires et billets Top destinations Train France Train Paris Train Lyon Train Bordeaux Train Strasbourg Train Nantes Train Marseille Train Lille Train Marne-la-Vallée Chessy (Disneyland® Paris) Train Amsterdam Train Londres Train Barcelone Train Rennes Train Italie : découvrez et voyagez en Italie en train Train Suisse Nos applications mobiles","Dix expériences insolites à tester en Pays de la Loire
Réserver un billet de train
Top 10 des expériences insolites en Pays de la Loire :
Plonger dans un monde sous-terrain
Communier avec la nature
Voler en montgolfière
Rencontrer un saunier
Jouer les moussaillons
Se balader en draisine
Voyager à dos d'éléphant
Embarquer à bord d'un paquebot
Devenir soigneur d’animaux sauvages
Cueillir et déguster des algues
Vous aimerez aussi"
la ciotat que faire,"
- Découvrez La Ciotat : 10 activités incontournables à ne pas manquer
- Visiter La Ciotat : 11 choses à faire absolument en 2025
- Les incontournables de La Ciotat : Top 5 à découvrir",instagram destinationlaciotat (20) destinationlaciotat voir (10) voir instagram (10) instagram a (10) a 2 (10) 2 ans (10) ans instagram (10) tourisme ciotat (6) parc national (6) national calanques (6)crédit photo (15) visiter ciotat (13) voir toutes (13) toutes options (13) options disponibles (13) disponibles ciotat (13) photo shutterstock (9) faire ciotat (6) photo facebook (6) mot passe (6)vieux port (9) parc mugel (5) île verte (5) route crêtes (5) bord mer (5) sud france (4) entre calanques (4) cette ville (4) patrimoine historique (4) fruits mer (4)request failed (1) failed you (1) you will (1) will not (1) not be (1) be charged (1) charged for (1) for this (1) this request (1) request please (1)tgv inoui (12) train paris (12) sncf connect (8) paris train (6) cartes abonnements (5) inoui vers (5) top 5 (4) 5 incontournables (4) parc mugel (4) lîle verte (4),instagram destinationlaciotat voir (10) destinationlaciotat voir instagram (10) voir instagram a (10) instagram a 2 (10) a 2 ans (10) 2 ans instagram (10) ans instagram destinationlaciotat (10) parc national calanques (6) office tourisme ciotat (5) national calanques ciotat (4)voir toutes options (13) toutes options disponibles (13) options disponibles ciotat (13) crédit photo shutterstock (9) crédit photo facebook (6) venez visiter ciotat (5) maison construction navale (4) parc national calanques (3) ciotat voir toutes (3) si venez visiter (3)mexique costa rica (3) grèce espagne italie (3) espagne italie france (3) entre calanques spectaculaires (3) calanques spectaculaires plages (3) plus ancien cinéma (3) ancien cinéma encore (3) cinéma encore activité (3) maison construction navale (3) offre vue imprenable (3)request failed you (1) failed you will (1) you will not (1) will not be (1) not be charged (1) be charged for (1) charged for this (1) for this request (1) this request please (1) request please make (1)tgv inoui vers (5) top 5 incontournables (4) 5 incontournables ciotat (3) sncf connect tech (3) paris train paris (3) compensation cas retard (2) louer voiture réserver (2) voiture réserver hôtel (2) réserver hôtel réserver (2) hôtel réserver taxivtc (2),destinationlaciotat (0.52) instagram (0.51) ciotat (0.30) sept (0.25) tourisme (0.20) oct (0.19) ans (0.17) voir (0.17) calanques (0.14) southoffrance (0.14) office (0.12) exposition (0.10) france (0.10) national (0.10) nature (0.10) parc (0.10) provence (0.10) sea (0.10) laciotat (0.08) 20 (0.07) 25 (0.07) agenda (0.07) img (0.07) laciotatgram (0.07) laciotatmaville (0.07) où (0.07) plage (0.07) unsplash (0.07) ville (0.07) hébergements (0.05)ciotat (0.78) toutes (0.20) voir (0.18) visiter (0.17) crédit (0.16) faire (0.16) photo (0.16) ville (0.15) calanques (0.14) disponibles (0.14) options (0.14) plus (0.13) 10 (0.12) parc (0.12) shutterstock (0.10) activités (0.08) cinéma (0.08) aussi (0.07) marseille (0.07) nombreux (0.07) plages (0.07) tous (0.07) tout (0.07) compte (0.06) découvrir (0.06) facebook (0.06) hôtels (0.06) mot (0.06) où (0.06) passe (0.06)ciotat (0.55) port (0.26) comme (0.24) mer (0.22) plages (0.20) calanques (0.18) ville (0.18) cette (0.17) france (0.17) plus (0.17) depuis (0.16) entre (0.14) offre (0.14) profiter (0.14) découvrir (0.13) explorer (0.13) parfait (0.13) séjour (0.13) vieux (0.13) voir (0.13) voiture (0.13) activités (0.12) hôtel (0.12) journée (0.12) option (0.12) toulon (0.12) visiter (0.12) minutes (0.11) plats (0.11) vue (0.11)request (0.45) true (0.30) your (0.30) adding (0.15) again (0.15) and (0.15) be (0.15) charged (0.15) correct (0.15) domains (0.15) failed (0.15) for (0.15) is (0.15) make (0.15) may (0.15) not (0.15) or (0.15) parameter (0.15) please (0.15) premium (0.15) protected (0.15) require (0.15) sure (0.15) this (0.15) to (0.15) try (0.15) ultra_premium (0.15) url (0.15) will (0.15) you (0.15)train (0.56) paris (0.44) ciotat (0.31) marseille (0.20) sncf (0.20) tgv (0.19) inoui (0.18) offres (0.16) ter (0.16) connect (0.13) france (0.12) réserver (0.12) voyage (0.12) billets (0.10) calanques (0.10) carte (0.10) cartes (0.10) compte (0.10) faire (0.10) services (0.10) cinéma (0.09) informations (0.09) ouigo (0.09) parc (0.09) réseau (0.09) voyager (0.09) voyages (0.09) lyon (0.07) nantes (0.07) vers (0.07),{Pas de fait important},"- ""25°C fr en es de it Office de Tourisme de La Ciotat""
- ""À une trentaine de kilomètres de Marseille, et quarante de Toulon , découvrez la belle et animée ville de La Ciotat.""
- ""Ce n’est pas moins de 15 salles et 1 500 objets qui défileront sous vos yeux durant cette visite, pendant laquelle vous en apprendrez plus sur les chantiers navals, le cinéma, ou bien encore la pétanque !""
- ""Du 1er septembre au 30 septembre Du lundi au samedi 9h30 – 12h30 / 14h – 18h""
- ""Construit en 1889, il a accueilli en 1895 la première séance de cinéma en salle.""
- ""Ce parc botanique possède une multitude de  espèces végétales méditerranéennes et tropicales, ainsi qu’un belvédère avec une vue panoramique époustouflante sur 12 hectares de végétation incroyable.""
- ""ancienne voie ferrée réaménagée, qui relie le vieux La Ciotat à la gare SNCF sur un parcours de 5,4 km.""",la ciotat que faire,"Top 5 : Les incontournables de La Ciotat - SNCF Connect Aller au contenu principal Voyager Voyager Voyager Fermer Tout pour voyager Réserver Réserver Billets de train Voyages en bus Trajets en covoiturage Location de voiture Hôtels Taxi/VTC Bons plans Bons plans Voyages en groupe Voyages pro Enfant voyageant seul Informations Informations Horaires en gare Info trafic Handicap et accessibilité Tous les transporteurs Tous les services Nos réponses à vos questions Guide de voyage Guide de voyage Où voyager en France, en Europe Voyager selon vos envies Billets Billets Billets Fermer Voir vos billets et titres Vos voyages Vos voyages Tous vos voyages Importer un voyage Compensation en cas de retard Faire une réclamation Modifier un voyage Assurance Allianz Vos cartes et abonnements Vos cartes et abonnements Importer une carte ou abonnement Acheter une carte ou abonnement Compléter votre voyage Compléter votre voyage Louer une voiture Réserver un hôtel Réserver un Taxi/VTC Transports urbains Restauration à bord TGV INOUI Restauration à bord INTERCITES Tous les services Offres Offres Offres Fermer Parcourir toutes les offres Cartes et abonnements SNCF Cartes et abonnements SNCF Carte Avantage Jeune Carte Avantage Adulte Carte Avantage Senior Carte Liberté Abonnement MAX ACTIF Abonnement MAX JEUNE Toutes les cartes et abonnements Offres régionales Offres régionales TER Auvergne-Rhône-Alpes TER Hauts de France LiO Train Occitanie TER Nouvelle-Aquitaine Titres Île-de-France Mobilités Consulter les offres régionales Offres urbaines Offres urbaines Avignon – Réseau Orizo Caen – Réseau Twisto Montbéliard – Réseau évolitY Perpignan – Réseau Sankéo Sophia Antipolis – Réseau Envibus Tours – Réseau Fil Bleu Consulter les offres urbaines Services Services Louer une voiture Réserver un hôtel Réserver un Taxi/VTC Assurer votre voyage Livraison de bagages Transport de véhicules Restauration à bord Domicile + Train Tous les services Compte Compte Compte Fermer Créer un compte Accéder à votre compte Accéder à la rubrique sans se connecter Vos espaces Vos espaces Se connecter Se créer un compte Espace MAX JEUNE Espace MAX SENIOR Communauté SNCF Connect Vos informations Vos informations Vos informations personnelles Cartes et programmes de fidélité Vos achats Vos moyens de paiement Compagnons de voyage Aide et légal Aide et légal Charte de confidentialité Conditions générales d'utilisation Compensation en cas de retard Aide en ligne Contacts Top 5 : Les incontournables de La Ciotat Accueil A voir, à faire Top 5 : Les incontournables de La Ciotat Visiter La Ciotat, c’est goûter à ce que la Méditerranée fait de meilleur. Culture, nature et farniente sont au rendez-vous dans cette station balnéaire située à 30km de Marseille. Pour une journée ou pour un week-end, suivez le guide. Réserver un billet de train Réserver un billet de train Rechercher Annuler Vous rêvez de l’eau turquoise de la Méditerranée et de la nature sauvage des Calanques ? Alors, faîtes une halte en train à La Ciotat , à 25 min de TER de Marseille . Entre mer et collines, laissez-vous envoûter par cette ville authentique et chaleureuse située sur le golfe d’Amour. Port de La Ciotat - © Photonostop - Cornelia Dörr Sime Notre top 5 des incontournables à faire à La Ciotat Flâner dans le centre historique Se faire un film dans le plus ancien cinéma au monde S’émerveiller dans le parc Mugel Se dépayser dans les Calanques Faire une escapade sur l’Île Verte © iStock - Horst Gerlach 1- Flâner dans le centre historique Oubliez les stations balnéaires sans charme et partez explorer les ruelles du coeur historique de La Ciotat. Du vieux port à la rue des Poilus , de nombreux trésors se dévoilent à vous : des hôtels particuliers, des chapelles provençales et de magnifiques places ombragées. Ne manquez pas la visite de l’église Notre Dame de l’Assomption pour son autel, ses sculptures, ses vitraux et sa rosace. Cinéma Eden-Théâtre, La Ciotat - © iStock - Lucentius 2- Se faire un film dans le plus ancien cinéma au monde Saviez-vous que La Ciotat était le berceau du cinéma ? C’est dans cette ville méditerranéenne qu’a été tourné et projeté le premier film de l’histoire du septième art : « L’arrivée d’un train en gare de La Ciotat » par les Frères Lumières. Poussez les portes du cinéma historique de la ville et revivez l’émotion des premières images projetées sur ce grand écran en 1895. Magique ! Cinéma Eden-Théâtre, 25 rue Clémenceau, 13600 La Ciotat. 04 88 42 17 60 Parc Mugel, La Ciotat - © iStock - StevanZZ 3- S’émerveiller dans le parc Mugel La Ciotat, c’est la porte d’entrée du parc national des Calanques et tout commence dans le parc Mugel … À l’abri du célèbre massif du Bec de l’Aigle, ce parc botanique a élu domicile dans un site naturel exceptionnel : une calanque de roches rouges qui se jettent dans une eau bleu turquoise . Cela invite à la balade, n’est-ce pas ? Surtout qu’il y de belles plantes, de belles plages et de magnifiques vues à découvrir. Surtout celle du belvédère qui offre un panorama à couper le souffle sur la mer Méditerranée. Calanques, La Ciotat - © Photononstop - Gérard Labriet 4- Se dépayser dans les Calanques Ça y est, vous y êtes, dans ce décor dont vous avez rêvé : les doigts de pied en éventail sur une plage paradisiaque entre falaises calcaires et eau translucide. Et oui, le massif des Calanques s’étend sur les communes de Marseille, Cassis et… La Ciotat. Mon coup de cœur : la calanque encaissée de Figuerolles pour son décor de carte postale (accessible depuis le parking du même nom). Ile Verte, La Ciotat - © Photononstop - Werner Dietrich Westend61 5- Faire une escapade sur l’Île Verte Je vous le disais… La Ciotat, c’est une destination haute en couleur ! Après le bleu de la mer, le rouge des roches, découvrez le vert de l’île ""Verte"" située en face du vieux port. Une couleur qui fait référence à la forêt qui recouvre ce bout de terre en pleine mer. Partez explorer ses sentiers et les ruines de ses anciens forts . En récompense ? Des calanques avec une nouvelle fois cette eau si belle qui invite à la baignade. C’est aussi un endroit privilégié pour admirer La Ciotat et le Bec de l’Aigle . Navette de l’Île Verte, 12 Quai Général de Gaulle, 13600 La Ciotat. Tel. : 06 63 59 16 35. Office de tourisme de La Ciotat boulevard Anatole France 13600 La Ciota France 04 42 08 61 32 Cet article vous a plu ? Partagez-le ! Facebook WhatsApp X, formerly Twitter Pinterest Mail Philippe  Trzebiatowski Journaliste et blogueur 30/04/2025 Vous aimerez aussi Fermer Voir tout Falaise de Cap Canaille, emblème de Cassis Les meilleurs restaurants avec vue mer à Marseille Le Vieux-Port de Marseille Où manger la meilleure bouillabaisse de Marseille ? La Basilique Notre-Dame de la Garde : découvrez la ""Bonne Mère"" de Marseille Les expositions du Musée des Civilisations de l'Europe et de la Méditerranée (Mucem) Quelles sont les meilleures plages de Toulon ? Shopping à Marseille dans le quartier du Panier 5 lieux tendance à Marseille 5 lieux secrets à visiter à moins d'une heure de TER de Toulon Douceur de vivre à La Londe-Les-Maures Les îles du Frioul, face à Marseille Nos engagements Meilleurs prix garantis Paiement sécurisé Contact 7j/7 Service client de l'année 2025 Moyens de paiement Infos et conditions Paiement en Chèque-Vacances Connect Infos et conditions de paiement avec les cartes Ayvens, Betterway, Pluxee ou RoadMate Choix du pays Langue France Langue Belgique België Belgium Deutschland España France Italia Luxembourg Nederland Suisse Schweiz Switzerland Other regions and countries Nos partenaires Suivez-nous ! L'entreprise Conditions de présentation des offres sur le site Conditions générales de vente Droits des voyageurs ferroviaires et Règlement européen n°2021/782 Informations légales Charte de confidentialité et cookies Gestion des cookies Partenariat Régie publicitaire Devenir partenaire ou affilié Widget SNCF Connect Sites du groupe Site SNCF Connect & Tech Espace Presse SNCF Connect & Tech Carrières SNCF Connect & Tech Le compte des agents SNCF Groupe-sncf.com Emploi Groupe SNCF Vous informer Aide Contactez-nous Vos billets Communauté SNCF Connect Plan du site SNCF Connect Guide du voyageur Franchissement frontière Handicap & mobilité réduite Nos services pour les voyageurs PSH/PMR Tout savoir sur le service d'assistance en gare Accessibilité numérique : conformité partielle Fonctionnalités d'accessibilité de nos applications mobiles Les autres services d'assistance en Europe Transporteurs TGV INOUI OUIGO TER BlaBlaCar Bus FlixBus BlaBlaCar INTERCITES TGV Lyria EUROSTAR TGV INOUI vers Bruxelles DB SNCF Voyageurs en coopération TGV INOUI vers l'Espagne TGV INOUI vers l'Italie TGV INOUI vers le Luxembourg TGV INOUI vers Fribourg Itinéraires populaires Train Paris Bordeaux Train Paris Marseille Train Bordeaux Paris Train Paris Lyon Train Paris Bruxelles Train Paris Strasbourg Train Paris Toulouse Train Toulouse Paris Train Lyon Paris Train Paris Amsterdam Train Paris Lille Train Nantes Paris Train Paris Genève Train Paris Barcelone Train Paris Nantes Trajets Transporteurs TGV INOUI Lille-Paris TGV INOUI Lyon-Paris TGV INOUI Paris-Nice TGV INOUI Marseille-Paris TGV INOUI Paris-Nantes OUIGO Fleury-les-Aubrais-Paris OUIGO Paris-Fleury-les-Aubrais OUIGO Rennes-Paris OUIGO Marseille-Lyon OUIGO Nantes-Paris TER Paris-Trouville Deauville TER Trouville Deauville-Paris TER Paris-Le Mans TER Le Mans-Paris TER Nice-Cannes : horaires et billets Top destinations Train France Train Paris Train Lyon Train Bordeaux Train Strasbourg Train Nantes Train Marseille Train Lille Train Marne-la-Vallée Chessy (Disneyland® Paris) Train Amsterdam Train Londres Train Barcelone Train Rennes Train Italie : découvrez et voyagez en Italie en train Train Suisse Nos applications mobiles","Top 5 : Les incontournables de La Ciotat
Réserver un billet de train
Notre top 5 des incontournables à faire à La Ciotat
1- Flâner dans le centre historique
2- Se faire un film dans le plus ancien cinéma au monde
3- S’émerveiller dans le parc Mugel
4- Se dépayser dans les Calanques
5- Faire une escapade sur l’Île Verte
Vous aimerez aussi"
visiter londres en 1 jour,"- Découvrez Londres en une journée : itinéraire idéal et activités incontournables
- Guide pour visiter Londres en 1 jour : découvrez les joyaux de la capitale britannique
- Explorez Londres en une journée : les meilleurs sites à ne pas manquer",ouvre nouvel (12) nouvel onglet (12) mot passe (6) afficher tous (6) groupes 10 (6) onglet ouvre (6) train hôtel (4) 10 ven (4) ven 10 (4) 10 oct (4)afficher hébergements (9) hébergements voisins (9) covent garden (6) west end (6) londres sw1a (6) choses faire (5) faire londres (5) oxford street (5) relève garde (5) big ben (5)londres 1 (13) 1 jour (13) visiter londres (12) labbaye westminster (5) jour palais (4) trafalgar square (4) visites guidées (3) centre londres (3) st jamess (3) jamess park (3)tour londres (7) tower bridge (6) journée londres (4) palais buckingham (4) london eye (4) dirigezvous vers (4) big ben (4) covent garden (4) itinéraire parfait (3) parfait journée (3)tgv inoui (12) train paris (12) sncf connect (9) harry potter (9) tour londres (9) 10 dès (7) notting hill (6) relève garde (6) paris train (6) cartes abonnements (5),ouvre nouvel onglet (12) nouvel onglet ouvre (6) onglet ouvre nouvel (5) groupes 10 ven (4) 10 ven 10 (4) ven 10 oct (4) 10 oct date (4) oct date départ (4) date départ 1 (4) départ 1 chambre (4)afficher hébergements voisins (9) choses faire londres (5) old spitalfields market (4) westminster londres sw1a (4) londres sw1a 1aa (4) sw1a 1aa royaumeuni (4) relève garde palais (3) garde palais buckingham (3) big ben chambres (3) ben chambres parlement (3)londres 1 jour (13) visiter londres 1 (12) 1 jour palais (4) st jamess park (3) comment visiter londres (2) dune journée londres (2) jour palais buckingham (2) 1 jour london (2) jour london eye (2) jour palais westminster (2)itinéraire parfait journée (3) parfait journée londres (3) destinations marques expériences (2) marques expériences gérer (2) expériences gérer réservations (2) gérer réservations contact (2) luxury premium essential (2) parc st james (2) parlement big ben (2) tower bridge cette (2)studios harry potter (5) tgv inoui vers (5) journée découverte londres (3) découverte londres famille (3) assister relève garde (3) sncf connect tech (3) paris train paris (3) réserver billets train (2) compensation cas retard (2) louer voiture réserver (2),londres (0.56) ouvre (0.28) eurostar (0.26) nouvel (0.26) onglet (0.26) 10 (0.24) tous (0.24) plus (0.17) train (0.17) afficher (0.13) groupes (0.13) mot (0.13) passe (0.13) rechercher (0.13) trains (0.13) ven (0.13) avant (0.11) bus (0.11) restaurants (0.11) retour (0.11) st (0.11) voyageurs (0.11) chambre (0.09) chez (0.09) continuez (0.09) date (0.09) journée (0.09) pause (0.09) quartier (0.09) tamise (0.09)comté (0.52) londres (0.52) royaume (0.25) uni (0.25) plus (0.21) hôtels (0.18) carte (0.14) si (0.13) street (0.13) afficher (0.12) hébergements (0.12) oxford (0.12) recommandé (0.12) voisins (0.12) 10 (0.10) end (0.10) faire (0.10) west (0.10) com (0.09) hotels (0.09) marché (0.09) market (0.09) meilleurs (0.09) shopping (0.09) tous (0.09) westminster (0.09) covent (0.08) emplacement (0.08) garden (0.08) très (0.08)londres (0.72) visiter (0.32) jour (0.28) fr (0.23) temps (0.19) palais (0.17) westminster (0.17) plus (0.13) tout (0.13) abbaye (0.11) ville (0.11) commentaire (0.09) lieu (0.09) pouvez (0.09) square (0.09) trafalgar (0.09) bon (0.06) centre (0.06) covent (0.06) email (0.06) faire (0.06) garden (0.06) guide (0.06) ici (0.06) james (0.06) jours (0.06) london (0.06) passez (0.06) pendant (0.06) site (0.06)londres (0.64) plus (0.25) hôtels (0.23) meliá (0.23) ville (0.23) histoire (0.21) après (0.19) journée (0.19) tour (0.16) bridge (0.12) cette (0.12) itinéraire (0.12) prenez (0.12) temps (0.12) tower (0.12) admirer (0.10) avant (0.10) buckingham (0.10) cathédrale (0.10) contact (0.10) expérience (0.10) palais (0.10) parc (0.10) si (0.10) tamise (0.10) unique (0.10) visite (0.10) environ (0.08) saint (0.08) the (0.08)londres (0.50) train (0.49) paris (0.39) sncf (0.20) offres (0.18) tgv (0.16) inoui (0.15) réserver (0.14) connect (0.13) billets (0.11) bus (0.11) harry (0.11) potter (0.11) ter (0.11) tour (0.11) tous (0.11) voyage (0.11) voir (0.10) 10 (0.09) cartes (0.09) compte (0.09) conditions (0.09) dès (0.09) enfants (0.09) hill (0.09) istock (0.09) relève (0.09) services (0.09) france (0.08) ouigo (0.08),"- Explorez le marché de Borough pour déguster des spécialités britanniques authentiques.
- Profitez d'une croisière sur la Tamise pour admirer les monuments emblématiques depuis l'eau.
- Visitez le Tate Modern pour découvrir l'art contemporain de renommée mondiale.
- Faites une pause dans Hyde Park pour une promenade relaxante au cœur de la ville.
- Montez au sommet du Shard pour une vue panoramique imprenable sur Londres.","- Gagnez 1 point pour chaque € dépensé.
- Groupes +10 ven. 19 sept.
- Groupes +10 ven. 10 oct.
- Date de départ 1 chambre, 2 voyageurs
- Date de départ 1 chambre, 2 personnes
- Prenez place sur un des 24 tabourets alignés autour de la cuisine ouverte.
- Goutez au traditionnel pie and mash chez Battersea Pie Station, copieux, british, délicieux et le tout en dessous de 10 livres.
- Le palais contient 775 pièces, dont 52 chambres.
- State Rooms durant 10 semaines en été et quelques autres dates tout au long de l’année.
- Affichage… à 11 h du matin tous les dimanches, lundis, mercredis et vendredis.
- Une cérémonie en grande pompe entoure cet événement, avec une fanfare qui accompagne la marche des soldats face à la foule, d'une durée d'environ 45 minutes.
- Un trajet de 30 minutes en admirant des lieux célèbres comme la Tamise, Buckingham Palace et le Shard.
- Mesurant un peu plus de 300 mètres de haut.
- Situé aux étages 34 à 52.
- Une histoire fascinante de plus de 900 ans.",visiter londres en 1 jour,"Une journée découverte à Londres en famille - SNCF Connect Aller au contenu principal Voyager Voyager Voyager Fermer Tout pour voyager Réserver Réserver Billets de train Voyages en bus Trajets en covoiturage Location de voiture Hôtels Taxi/VTC Bons plans Bons plans Voyages en groupe Voyages pro Enfant voyageant seul Informations Informations Horaires en gare Info trafic Handicap et accessibilité Tous les transporteurs Tous les services Nos réponses à vos questions Guide de voyage Guide de voyage Où voyager en France, en Europe Voyager selon vos envies Billets Billets Billets Fermer Voir vos billets et titres Vos voyages Vos voyages Tous vos voyages Importer un voyage Compensation en cas de retard Faire une réclamation Modifier un voyage Assurance Allianz Vos cartes et abonnements Vos cartes et abonnements Importer une carte ou abonnement Acheter une carte ou abonnement Compléter votre voyage Compléter votre voyage Louer une voiture Réserver un hôtel Réserver un Taxi/VTC Transports urbains Restauration à bord TGV INOUI Restauration à bord INTERCITES Tous les services Offres Offres Offres Fermer Parcourir toutes les offres Cartes et abonnements SNCF Cartes et abonnements SNCF Carte Avantage Jeune Carte Avantage Adulte Carte Avantage Senior Carte Liberté Abonnement MAX ACTIF Abonnement MAX JEUNE Toutes les cartes et abonnements Offres régionales Offres régionales TER Auvergne-Rhône-Alpes TER Hauts de France LiO Train Occitanie TER Nouvelle-Aquitaine Titres Île-de-France Mobilités Consulter les offres régionales Offres urbaines Offres urbaines Avignon – Réseau Orizo Caen – Réseau Twisto Montbéliard – Réseau évolitY Perpignan – Réseau Sankéo Sophia Antipolis – Réseau Envibus Tours – Réseau Fil Bleu Consulter les offres urbaines Services Services Louer une voiture Réserver un hôtel Réserver un Taxi/VTC Assurer votre voyage Livraison de bagages Transport de véhicules Restauration à bord Domicile + Train Tous les services Compte Compte Compte Fermer Créer un compte Accéder à votre compte Accéder à la rubrique sans se connecter Vos espaces Vos espaces Se connecter Se créer un compte Espace MAX JEUNE Espace MAX SENIOR Communauté SNCF Connect Vos informations Vos informations Vos informations personnelles Cartes et programmes de fidélité Vos achats Vos moyens de paiement Compagnons de voyage Aide et légal Aide et légal Charte de confidentialité Conditions générales d'utilisation Compensation en cas de retard Aide en ligne Contacts Une journée découverte à Londres en famille Accueil A voir, à faire Londres Une journée découverte à Londres en famille À la fois culturelle et dynamique, Londres est une capitale idéale pour une journée en famille. Au choix : les studios Harry Potter, Notting Hill, la Tour de Londres... Réserver un billet de train Réserver un billet de train Rechercher Annuler Sommaire Assister à la relève de la garde à Buckingham Palace Une session photo à Notting Hill Un trajet en bus à impériale Les curiosités de la Tour de Londres Prendre de la hauteur avec London Eye Découverte du British Museum Les studios Harry Potter Le Palais de Buckingham - Londres - © iStock - johnkellerman Assister à la relève de la garde à Buckingham Palace La relève de la garde Avec leurs fameuses tuniques rouges et leurs chapeaux en poils d'ours, les soldats du palais se relèvent et cela forme un spectacle atypique pour les touristes présents au Palais de Buckingham. Où voir la relève de la garde ? Rendez-vous à 11h à Buckingham Palace si vous ne voulez rien rater des débuts de cet événement quotidien, une institution à Londres. Beaucoup de monde sur place : nous vous conseillons d'attendre à l’angle de Constitution Hill et de The Mall, métro Green Park. Un site officiel permet de vérifier que la relève aura bien lieu (annulation en cas de météo défavorable). notting hill londres maisons colorees  - © Istock - AndreaAstes Une session photo à Notting Hill Photos souvenirs A Notting Hill, ce quartier dont les maisons ont des façades si reconnaissables, vous pouvez vous perdre dans les jolies rues colorées. C’est le lieu idéal pour faire quelques photos souvenirs de votre séjour à Londres. Le carnaval de Notting Hill Et si vous y allez le dernier week-end d'août, il ne faut surtout pas manquer son superbe carnaval dont une journée est d’ailleurs consacrée aux enfants. C’est aussi le jour où les prix des meilleurs costumes sont attribués. A vous de choisir le vôtre ! enfant dans un bus impérial a londres  - © Istock -  Tatyana Tomsickova Admirer la ville depuis un bus à impériale Bus à impériale Pour vraiment prendre le pouls de la ville avec vos enfants, vous devez absolument faire un trajet à bord d’un bus à impériale . Il est un des symboles les plus emblématiques de Londres. Ces bus à étage permettent de voir la ville différemment, pour prendre de la hauteur sur la capitale anglaise trépidante. la tour de londres  - © Istock - Texpan Les curiosités de la Tour de Londres La Tour de Londres Faites un stop culture à la Tour de Londres. Située au bord de la Tamise, la Tour de Londres fut un palais mais aussi une prison. Toute personne qui manquait de respect au monarque se retrouvait emprisonnée au sein de la Tour de Londres. Elle est inscrite au patrimoine mondial de l’UNESCO et les enfants adorent voir les bijoux de la Couronne britannique et les impressionnantes armures. Relève de la Garde Profitez de votre visite à la Tour de Londres pour assister à la relève de la Garde qui a lieu tous les jours à partir de 10h45. london eye  - © istock-MarcelloLand Prendre de la hauteur avec London Eye London Eye Partez d'abord vous promener le long de la tamise, rive gauche (South Bank), pour de jolis points de vue sur Londres, des animations de rue et un espace totalement piéton où les enfants peuvent se défouler sans danger. Admirez la vue superbe sur l’Abbaye de Westminster et sur Big Ben , avant de rejoindre le L ondon Eye , la grande roue emblématique de la capitale anglaise. De là-haut, vous pourrez faire contempler à vos p'tits bouts tous les monuments. Vous verrez, ils seront à coup sûr impressionnés ! Sky Garden A voir aussi : l'incroyable vue sur Londres depuis le gratte-ciel du Sky Garden , au 35e étage. N'hésitez pas à réserver votre table à la Brasserie Darwin, un bon plan à tarif raisonnable pour profiter de la vue un peu plus longtemps ! © Istock - gianliguori Découverte du British Museum Découvrir les musées Londoniens Après cette petite balade colorée, vous prendrez bien un bain de culture ? Le British Museum comme les autres musées londoniens, l’entrée  est gratuite , sauf pour les expositions temporaires qui sont payantes et pour lesquelles il faut parfois réserver un horaire précis en ligne. Pour rendre votre visite ludique, pensez à repérer à l’avance les œuvres susceptibles d'intéresser vos enfants pour les stimuler et éveiller leur curiosité. Le British Museum Il existe de nombreux musées à Londres mais on vous conseille de découvrir le British Museum qui est un musée d'histoire et de culture mondiale qui rassemble plusieurs cultures. Vous pourrez, par exemple, montrer à vos enfants le fameux buste de Ramses II , l’imposante statue de l’Ile de Pâques, l a Pierre de Rosette qui a permis à Champolion de traduire les hiéroglyphes ou encore le Fronton est du Parthénon de l'Acropole d'Athènes . Le Leadenhall Market à Londres, qui ressemble au Diagon Alley dans le film Harry Potter - © Istock - Starcevic Les studios Harry Potter Visiter les Studios Harry Potter à Londres en famille : une attraction devenue une des premières raisons pour un séjour dans la capitale anglaise ! Enfants ou adultes, ultra fans ou simples curieux : rendez-vous à Leavesden, à 30 kilomètres environ au nord-est de Londres. Découvrir les décors Les fans découvriront les coulisses des tournages des 8 films de la série Harry Potter . Les décors et les accessoires construits pour les besoins des films Harry Potter sont tous là : la Grande Salle à manger, le bureau de Dumbledore, la hutte de Hagrid, le dortoir de Gryffondor, la salle des potions, le Chemin de Traverse, la Forêt Interdite… La maquette de Poudlard On redécouvre ces univers féériques et le secret des effets spéciaux du film. Ne manquez pas l’immense maquette de Poudlard qui a été réalisée pour tourner tous les plans extérieurs du château… incroyable ! A savoir : les billets incluent souvent le transfert en bus de la Gare Victoria Station au Studio Harry Potter (1h30 de trajet). >> Réserver vos billets de train pour Londres Cet article vous a plu ? Partagez-le ! Facebook WhatsApp X, formerly Twitter Pinterest Mail La Rédaction SNCF Connect 26/05/2025 Préparez votre séjour : Londres au départ de Paris Lille 19 / 10 Dès 190 € (1) 20 / 10 Dès 110 € (1) 21 / 10 Dès 98 € (1) 22 / 10 Dès 55 € (1) Le moins cher 23 / 10 Dès 103 € (1) 24 / 10 Dès 84 € (1) 25 / 10 Dès 110 € (1) Vous aimerez aussi Fermer Voir tout Palais royal en Angleterre : de Londres à Brighton Les plus belles patinoires de Noël à Londres Faut-il un passeport pour aller en Angleterre en train avec Eurostar ? Oxford Street : l'avenue shopping de Londres Top 5 des restaurants romantiques à Londres Brunch à Londres : les incontournables Voyage à Londres et aux Studios Harry Potter en train tout compris : le guide Les incontournables d'un PRO à Londres avec Eurostar Top 7 des salons de thé incontournables à Londres Les visites incontournables de Londres Nos bons plans bars et restos à Londres Les plus beaux parcs et jardins de Londres Mentions légales (1) Voir les conditions des offres (1) Tarifs TTC, à partir de, pour une personne, pour un aller simple, en 2nd classe, sur une sélection de trains et de dates et sous réserve de disponibilité. Offres soumises à conditions d'échanges et de remboursement des transporteurs concernés à consulter lors de la commande. Paiement en ligne. Offres non cumulables avec d'autres promotions SNCF. Nos engagements Meilleurs prix garantis Paiement sécurisé Contact 7j/7 Service client de l'année 2025 Moyens de paiement Infos et conditions Paiement en Chèque-Vacances Connect Infos et conditions de paiement avec les cartes Ayvens, Betterway, Pluxee ou RoadMate Choix du pays Langue France Langue Belgique België Belgium Deutschland España France Italia Luxembourg Nederland Suisse Schweiz Switzerland Other regions and countries Nos partenaires Suivez-nous ! L'entreprise Conditions de présentation des offres sur le site Conditions générales de vente Droits des voyageurs ferroviaires et Règlement européen n°2021/782 Informations légales Charte de confidentialité et cookies Gestion des cookies Partenariat Régie publicitaire Devenir partenaire ou affilié Widget SNCF Connect Sites du groupe Site SNCF Connect & Tech Espace Presse SNCF Connect & Tech Carrières SNCF Connect & Tech Le compte des agents SNCF Groupe-sncf.com Emploi Groupe SNCF Vous informer Aide Contactez-nous Vos billets Communauté SNCF Connect Plan du site SNCF Connect Guide du voyageur Franchissement frontière Handicap & mobilité réduite Nos services pour les voyageurs PSH/PMR Tout savoir sur le service d'assistance en gare Accessibilité numérique : conformité partielle Fonctionnalités d'accessibilité de nos applications mobiles Les autres services d'assistance en Europe Transporteurs TGV INOUI OUIGO TER BlaBlaCar Bus FlixBus BlaBlaCar INTERCITES TGV Lyria EUROSTAR TGV INOUI vers Bruxelles DB SNCF Voyageurs en coopération TGV INOUI vers l'Espagne TGV INOUI vers l'Italie TGV INOUI vers le Luxembourg TGV INOUI vers Fribourg Itinéraires populaires Train Paris Bordeaux Train Paris Marseille Train Bordeaux Paris Train Paris Lyon Train Paris Bruxelles Train Paris Strasbourg Train Paris Toulouse Train Toulouse Paris Train Lyon Paris Train Paris Amsterdam Train Paris Lille Train Nantes Paris Train Paris Genève Train Paris Barcelone Train Paris Nantes Trajets Transporteurs TGV INOUI Lille-Paris TGV INOUI Lyon-Paris TGV INOUI Paris-Nice TGV INOUI Marseille-Paris TGV INOUI Paris-Nantes OUIGO Fleury-les-Aubrais-Paris OUIGO Paris-Fleury-les-Aubrais OUIGO Rennes-Paris OUIGO Marseille-Lyon OUIGO Nantes-Paris TER Paris-Trouville Deauville TER Trouville Deauville-Paris TER Paris-Le Mans TER Le Mans-Paris TER Nice-Cannes : horaires et billets Top destinations Train France Train Paris Train Lyon Train Bordeaux Train Strasbourg Train Nantes Train Marseille Train Lille Train Marne-la-Vallée Chessy (Disneyland® Paris) Train Amsterdam Train Londres Train Barcelone Train Rennes Train Italie : découvrez et voyagez en Italie en train Train Suisse Nos applications mobiles","Une journée découverte à Londres en famille
Réserver un billet de train
Sommaire
Assister à la relève de la garde à Buckingham Palace
La relève de la garde
Où voir la relève de la garde ?
Une session photo à Notting Hill
Photos souvenirs
Le carnaval de Notting Hill
Admirer la ville depuis un bus à impériale
Bus à impériale
Les curiosités de la Tour de Londres
La Tour de Londres
Relève de la Garde
Prendre de la hauteur avec London Eye
London Eye
Sky Garden
Découverte du British Museum
Découvrir les musées Londoniens
Le British Museum
Les studios Harry Potter
Découvrir les décors
La maquette de Poudlard
Préparez votre séjour : Londres au départ deParisLille
Vous aimerez aussi
Mentions légales"
expo manga,"- ""Exposition manga à Paris : découvrez les événements à venir""
- ""Agenda manga et cosplay à Paris : ne manquez pas les festivals et salons""
- ""Exposition sur l'histoire du manga à Paris : rendez-vous au musée Guimet""",lofficiel spectacles (5) expositions paris (4) art contemporain (4) théâtre expositions (3) beauxarts art (3) architecture design (3) histoire civilisations (3) sciences techniques (3) galeries dart (3) prochains jours (3)request failed (1) failed you (1) you will (1) will not (1) not be (1) be charged (1) charged for (1) for this (1) this request (1) request please (1)septembre 2025 (11) festival manga (9) octobre 2025 (8) 27 septembre (6) 2025 dimanche (5) 28 septembre (5) 1ère édition (4) dimanche 28 (4) plus dinformations (4) site internet (4)japan expo (11) voir plus (9) ticketing information (6) expo paris (5) pro media (4) the app (4) general terms (4) log in (3) exhibitors schedule (3) schedule ticketing (3)musée guimet (22) connaissance arts (8) xixe siècle (7) guimet paris (6) arts asiatiques (5) musée national (4) national arts (4) acheter numéro (4) critique exposition (4) abonnés critique (4),beauxarts art contemporain (3) manga toutes expositions (2) toutes expositions paris (2) paris lofficiel spectacles (2) cinéma théâtre expositions (2) théâtre expositions concerts (2) expositions concerts enfants (2) concerts enfants visites (2) enfants visites guidées (2) derniers jours prochainement (2)request failed you (1) failed you will (1) you will not (1) will not be (1) not be charged (1) be charged for (1) charged for this (1) for this request (1) this request please (1) request please make (1)27 septembre 2025 (6) 28 septembre 2025 (5) dimanche 28 septembre (4) site internet festival (4) 2025 consultez site (4) 25 octobre 2025 (4) samedi 27 septembre (3) septembre 2025 dimanche (3) 2025 dimanche 28 (3) 2025 1ère édition (3)japan expo paris (5) exhibitors schedule ticketing (3) schedule ticketing ticketing (3) ticketing ticketing information (3) ticketing information pro (3) information pro media (3) pro media the (3) media the app (3) news about us (3) about us history (3)musée guimet paris (5) musée national arts (4) national arts asiatiques (4) conférences invitations privées (3) renard neuf queues (3) xixe siècle musée (3) guimet paris distribution (3) paris distribution grandpalaisrmn (3) distribution grandpalaisrmn photo (3) grandpalaisrmn photo thierry (3),art (0.49) paris (0.39) expositions (0.32) manga (0.29) 2025 (0.24) 2026 (0.19) arts (0.17) musée (0.17) beaux (0.15) jours (0.15) spectacles (0.15) architecture (0.12) design (0.12) musées (0.12) officiel (0.12) plus (0.12) théâtre (0.12) tous (0.12) cinéma (0.10) contemporain (0.10) enfants (0.10) expos (0.10) galeries (0.10) histoire (0.10) juillet (0.10) mode (0.10) salons (0.10) sorties (0.10) toutes (0.10) bande (0.07)request (0.45) true (0.30) your (0.30) adding (0.15) again (0.15) and (0.15) be (0.15) charged (0.15) correct (0.15) domains (0.15) failed (0.15) for (0.15) is (0.15) make (0.15) may (0.15) not (0.15) or (0.15) parameter (0.15) please (0.15) premium (0.15) protected (0.15) require (0.15) sure (0.15) this (0.15) to (0.15) try (0.15) ultra_premium (0.15) url (0.15) will (0.15) you (0.15)manga (0.46) 2025 (0.43) festival (0.41) septembre (0.24) édition (0.22) france (0.20) octobre (0.17) informations (0.15) plus (0.15) site (0.15) 27 (0.13) 28 (0.13) bd (0.13) dimanche (0.13) festivals (0.13) samedi (0.13) 1ère (0.09) 25 (0.09) amiens (0.09) com (0.09) consultez (0.09) fr (0.09) internet (0.09) pérols (0.09) www (0.09) cette (0.07) courtry (0.07) culture (0.07) pop (0.07) semur (0.07)japan (0.35) expo (0.27) information (0.27) ticketing (0.25) plus (0.22) the (0.22) voir (0.22) exhibitors (0.20) us (0.20) activities (0.17) all (0.17) and (0.17) faq (0.17) guests (0.17) 2025 (0.15) cosplay (0.15) guide (0.15) history (0.15) media (0.15) memories (0.15) schedule (0.15) signings (0.15) ticket (0.15) advertisement (0.12) paris (0.12) app (0.10) in (0.10) july (0.10) manga (0.10) pro (0.10)musée (0.45) guimet (0.37) paris (0.37) 2025 (0.29) exposition (0.29) art (0.27) arts (0.26) manga (0.19) abonnés (0.11) connaissance (0.11) hokusai (0.11) japon (0.11) siècle (0.11) xixe (0.11) critique (0.10) expositions (0.10) musées (0.10) photo (0.10) plus (0.10) tout (0.10) 09 (0.08) echos (0.08) numéro (0.08) recherche (0.08) artistes (0.07) asiatiques (0.07) grandpalaisrmn (0.07) newsletters (0.07) œuvre (0.07) œuvres (0.05),,,expo manga,"Les évènements manga en France - SNCF Connect Aller au contenu principal Voyager Voyager Voyager Fermer Tout pour voyager Réserver Réserver Billets de train Voyages en bus Trajets en covoiturage Location de voiture Hôtels Taxi/VTC Bons plans Bons plans Voyages en groupe Voyages pro Enfant voyageant seul Informations Informations Horaires en gare Info trafic Handicap et accessibilité Tous les transporteurs Tous les services Nos réponses à vos questions Guide de voyage Guide de voyage Où voyager en France, en Europe Voyager selon vos envies Billets Billets Billets Fermer Voir vos billets et titres Vos voyages Vos voyages Tous vos voyages Importer un voyage Compensation en cas de retard Faire une réclamation Modifier un voyage Assurance Allianz Vos cartes et abonnements Vos cartes et abonnements Importer une carte ou abonnement Acheter une carte ou abonnement Compléter votre voyage Compléter votre voyage Louer une voiture Réserver un hôtel Réserver un Taxi/VTC Transports urbains Restauration à bord TGV INOUI Restauration à bord INTERCITES Tous les services Offres Offres Offres Fermer Parcourir toutes les offres Cartes et abonnements SNCF Cartes et abonnements SNCF Carte Avantage Jeune Carte Avantage Adulte Carte Avantage Senior Carte Liberté Abonnement MAX ACTIF Abonnement MAX JEUNE Toutes les cartes et abonnements Offres régionales Offres régionales TER Auvergne-Rhône-Alpes TER Hauts de France LiO Train Occitanie TER Nouvelle-Aquitaine Titres Île-de-France Mobilités Consulter les offres régionales Offres urbaines Offres urbaines Avignon – Réseau Orizo Caen – Réseau Twisto Montbéliard – Réseau évolitY Perpignan – Réseau Sankéo Sophia Antipolis – Réseau Envibus Tours – Réseau Fil Bleu Consulter les offres urbaines Services Services Louer une voiture Réserver un hôtel Réserver un Taxi/VTC Assurer votre voyage Livraison de bagages Transport de véhicules Restauration à bord Domicile + Train Tous les services Compte Compte Compte Fermer Créer un compte Accéder à votre compte Accéder à la rubrique sans se connecter Vos espaces Vos espaces Se connecter Se créer un compte Espace MAX JEUNE Espace MAX SENIOR Communauté SNCF Connect Vos informations Vos informations Vos informations personnelles Cartes et programmes de fidélité Vos achats Vos moyens de paiement Compagnons de voyage Aide et légal Aide et légal Charte de confidentialité Conditions générales d'utilisation Compensation en cas de retard Aide en ligne Contacts Les évènements manga en France Accueil A voir, à faire Evènements Les évènements manga en France Les évènements dédiés à la culture japonaise et otaku se sont multipliés en France ces dernières années. Comment s’y retrouver et être sûr de ne pas manquer les meilleures conventions ? Mais en suivant notre top baka ! Réserver un billet de train Réserver un billet de train Rechercher Annuler Sommaire La Japan Expo Sud à Marseille Le Montpellier Anime Game Show Le Paris Manga Le Mang’Azur à Toulon Le Kamo Con à Dijon La Japan Touch à Lyon La Japan Addict à Strasbourg La Japan Expo à Paris Animasia à Bordeaux La Japan Vannes Matsuri à Vannes Chibi Rouen à Rouen Stand de mangas - © iStock-ColobusYeti La Japan Expo Sud à Marseille Japan Expo Sud Petite sœur sudiste de l’événement parisien, la Japan Expo Sud à Marseille existe depuis 2009 et fonctionne en tous points comme son aînée. C’est-à-dire avec des stands, des animations et des invités à la pelle (et beaucoup, beaucoup de cosplays ) ! Un salon réputé Le salon se tient sur deux jours au parc des expositions Chanot dans le VIII e arrondissement. Mieux vaut réserver à l’avance car il n'y a pas de billetterie sur place et les billets partent très vite ! Date de la Japan Expo Sud à Marseille : du 8 au 10 mars 2024 à Marseille Chanot >> Réserver vos billets de train pour Marseille Salon - © iStock-PatrikSlezak Le Montpellier Anime Game Show Le Montpellier Anime Game Show Le salon pop culture de la région montpelliéraine , le Montpellier Anime Game Show est un salon familial sur la pop culture, la culture asiatique, les jeux vidéo, la science fiction, le cinéma… Entre les animations des associations, des vendeurs de livres et de films de science-fiction et des éditeurs de mangas et de jeux vidéo, la découverte du cosplay et de la culture japonaise, votre journée est bien remplie ! Des rencontres enrichissantes Vous pouvez aussi y rencontrer des concepteurs de jeux vidéo, des auteurs de bandes dessinées et de manga, des acteurs de séries télévisées ou de cinéma. Date du Montpellier Anime Game Show : du 6 au 7 avril 2024 au Parc des Expositions de Montpellier >> Réserver vos billets de train pour Montpellier Stand de salon manga - © iStock-PatrikSlezak Le Paris Manga – Sci-Fi Show Le Paris Manga - Sci-Fi Show Les amateurs de mangas mais aussi de SF ou de fantasy se retrouvent pendant deux jours, deux fois par an, au Paris Manga – Sci-Fi Show . Les invités sont autant des réalisateurs cinéma, que des acteurs de séries télé, des comédiens de doublage, des créateurs d'animations, des auteurs de mangas, des youtubeurs et des représentants de sites web dédiés. On y trouve aussi des éditeurs de jeux vidéos, des groupes de musique, des fabricants de cosplays, des artistes... Dédicaces et conférences Au programme des conférences et des dédicaces, des animations et des jeux vidéos, des concours de cosplay et des exposants de toute la Pop culture. Date du Paris Manga – Sci-Fi Show : les 16 et 17 mars 2024 au Parc des Expositions - Paris Nord Villepinte >> Réserver vos billets de train pour Paris Salon de mangas - © iStock-PatrikSlezak Le Mang’Azur à Toulon Le Mang’Azur Le Mang’Azur fait partie des grands événements de la culture geek et otaku dans le sud de la France. Son originalité ? Faire découvrir la culture japonaise par-delà les clichés grâce notamment à un partenariat direct avec le Japon . Découverte de la culture Japonaise Dessin, musique, tradition… Il y en a pour tous les goûts et le succès est au rendez-vous. Cette édition fera toujours la promotion de la culture traditionnelle, de la culture populaire et vidéo-ludique, de la scène française : « Fanzine » et jeunes créateurs avec des invités attractifs. Date du Mang’Azur à Toulon : du 27 au 28 avril 2024 au Palais des Congrès de Toulon Neptune >> Réserver vos billets de train pour Toulon © iStock-PatrikSlezak Le Kamo Con à Dijon Le Kamo Con Depuis 2016, Dijon a son événement sur la culture geek et japonaise avec le Kamo Con . L’occasion de découvrir sur les 5000 m² du Palais des Congrès des pros mais aussi de jeunes créateurs de manga, de comics, de BD, de jeux vidéo, de culture geek et de science fiction. Le salon occupe 2 halls avec entre autres une grande scène cosplay et une deuxième scène gaming, un espace culturel & sportif, des expos.. . Le gaming Une place particulière est faite au gaming pour jouer et mieux comprendre les défis techniques du genre. Et beaucoup d'aminations sont prévues : Karaoké, Spectacles comiques et musicaux, Sports, Art floral... Bref, un événement bon esprit qui conquiert les fans. Date du Kamo Con : du 6 au 7 avril 2024 au Palais des Congrès de Dijon >> Réserver vos billets de train pour Dijon © Rolf Schulten-Buchcover-Photononstop La Japan Touch Haru à Lyon La Japan Touch Haru Miser sur le décalage au sein d’un milieu qui n’en manque déjà pas, ça donne la Japan Touch à Lyon ! Les visiteurs du parc Eurexpo en ont pour leur frais avec une explosion de couleurs kawaii sur près de 12000 m². Pop culture, manga, animation, mode, musique, gastronomie et jeux vidéo... tout y est ! La Geek Touch A Lyon toujours se déroule, une semaine après la Japan Touch, la Geek Touch événement dédié à l’univers geek avec de la science & high tech, des comics, des BD, des web-séries, des youtubeurs, des films de science-fiction, des séries TV, des jeux vidéos... Toute la pop culture en 2 évènements. Dates de la Japan Touch Haru : 4 et 5 mai 2024 à Lyon Eurexpo >> Réserver vos billets de train pour Lyon Cosplay - © iStock-icenando La Japan Addict Z à Strasbourg La Japan Addict Z Voilà l’événement qu’attendaient tous les geeks et otakus du Grand Est ! L’association strasbourgeoise Kakemono a fondé le Japan Addict Z en 2015 et la manifestation s’est depuis imposée dans la capitale d’Alsace. Rendez-vous au Zénith de Strasbourg A l’intérieur du Zénith de Strasbourg , on retrouve des stands autours des univers du manga, de la SF et de la fantasy avec beaucoup d’originalité. On peut même s’adonner aux arts martiaux ! Date de la Japan Addict Z : 1er et 2 juin 2024 au Zénith de Strasbourg >> Réserver vos billets de train pour Strasbourg Mangas - © iStock-ColobusYeti La Japan Expo à Paris La Japan Expo Sans aucun doute l’événement numéro 1 dédié à la culture nippone en France. La Japan Expo célèbre le manga , les jeux vidéo, les animes , la musique… Une multitude de fans et de curieux se réunissent pendant quatre jours au Parc des Expositions de Paris-Nord Villepinte. Un invité d'honneur L'invité d'honneur est cette année Yuji Kaida , un illustrateur spécialisé dans les ""kaiju"" qui sont des créatures et monstres géants dans les films comme par exemple Godzilla. Une fête exceptionnelle marquée par la présence de nombreux Youtubeurs , mangakas et autres créateurs d’animé. Bref, un rendez-vous immanquable ! Date de la Japan Expo : du 11 au 14 Juillet 2024 Parc des Expositions de Paris-Nord Villepinte. >> Réserver vos billets de train pour Paris © iStock-PatrikSlezak Animasia à Bordeaux Animasia La Chine, le Japon, la Corée… viennent à vous à Bordeaux ! Le Festival Animasia propose un tour complet de la culture asiatique. Kpop, gastronomie, traditions… Un saut en Asie Le 2ème festival sur les cultures et pop cultures asiatiques de France, propose de vivre pleinement dans le monde du gaming, cosplays, mangas et autres qui sont de la partie pour ces deux jours d’octobre, accompagnés de démonstrations de cuisine, de danse, d'art martiaux, de conférences et de dédicaces, des ateliers de musique, de calligraphie, de jeux... Date d'Animasia : 12 et 13 octobre 2024 au Parc des expositions de Bordeaux >> Réserver vos billets de train pour Bordeaux Cosplay - © iStock-ColobusYeti La Japan Vannes Matsuri à Vannes La Japan Vannes Matsuri La Bretagne aussi a droit à son moment 100 % nippon ! Cosplay, gastronomie, karaoke, gaming, mangas… La Japan Vannes Matsuri réunit près de 150 exposants pour aborder toutes les facettes de cette culture. Cette 5e édition devrait être plus tournée vers la musique avec plus de concerts. Date de la Japan Vannes Matsuri à Vannes : 19 et 20 octobre 2024 >> Réserver vos billets de train pour Vannes Univers Manga - © Istock - SeanPavonePhoto Chibi Rouen à Rouen Chibi Rouen En octobre, découvrez la pop culture japonaise au Parc des Expositions de Rouen . Le lieu est divisé en 3 parties : les scènes, le village cosplay et le Hall culture et tradition. Sur les deux jours de nombreuses activités sont proposées : des concerts, un atelier doublage, danse K-POP, Karaoké, quiz, blind test, défilé libre de cosplay ou encore peinture et initiation à la calligraphie japonaise. Dates de Chibi Rouen : 26 et 27 octobre 2024 >> Réserver vos billets de train pour Rouen Cet article vous a plu ? Partagez-le ! Facebook WhatsApp X, formerly Twitter Pinterest Mail La Rédaction SNCF Connect 26/05/2025 Vous aimerez aussi Fermer Voir tout Le Week-end Musées Télérama Le Festival Cinéma Télérama Aux Sables d'Olonne pour le Vendée Globe Strasbourg, mon amour De Montpellier à la Grande-Motte, les meilleurs itinéraires Palavas-les-Flots : une échappée balnéaire aux portes de Montpellier Notre top 10 des choses à faire en famille à Montpellier Le top des lieux arty incontournables de Montpellier Guide de Montpellier : les incontournables à faire Le Musée Fabre de Montpellier Nos engagements Meilleurs prix garantis Paiement sécurisé Contact 7j/7 Service client de l'année 2025 Moyens de paiement Infos et conditions Paiement en Chèque-Vacances Connect Infos et conditions de paiement avec les cartes Ayvens, Betterway, Pluxee ou RoadMate Choix du pays Langue France Langue Belgique België Belgium Deutschland España France Italia Luxembourg Nederland Suisse Schweiz Switzerland Other regions and countries Nos partenaires Suivez-nous ! L'entreprise Conditions de présentation des offres sur le site Conditions générales de vente Droits des voyageurs ferroviaires et Règlement européen n°2021/782 Informations légales Charte de confidentialité et cookies Gestion des cookies Partenariat Régie publicitaire Devenir partenaire ou affilié Widget SNCF Connect Sites du groupe Site SNCF Connect & Tech Espace Presse SNCF Connect & Tech Carrières SNCF Connect & Tech Le compte des agents SNCF Groupe-sncf.com Emploi Groupe SNCF Vous informer Aide Contactez-nous Vos billets Communauté SNCF Connect Plan du site SNCF Connect Guide du voyageur Franchissement frontière Handicap & mobilité réduite Nos services pour les voyageurs PSH/PMR Tout savoir sur le service d'assistance en gare Accessibilité numérique : conformité partielle Fonctionnalités d'accessibilité de nos applications mobiles Les autres services d'assistance en Europe Transporteurs TGV INOUI OUIGO TER BlaBlaCar Bus FlixBus BlaBlaCar INTERCITES TGV Lyria EUROSTAR TGV INOUI vers Bruxelles DB SNCF Voyageurs en coopération TGV INOUI vers l'Espagne TGV INOUI vers l'Italie TGV INOUI vers le Luxembourg TGV INOUI vers Fribourg Itinéraires populaires Train Paris Bordeaux Train Paris Marseille Train Bordeaux Paris Train Paris Lyon Train Paris Bruxelles Train Paris Strasbourg Train Paris Toulouse Train Toulouse Paris Train Lyon Paris Train Paris Amsterdam Train Paris Lille Train Nantes Paris Train Paris Genève Train Paris Barcelone Train Paris Nantes Trajets Transporteurs TGV INOUI Lille-Paris TGV INOUI Lyon-Paris TGV INOUI Paris-Nice TGV INOUI Marseille-Paris TGV INOUI Paris-Nantes OUIGO Fleury-les-Aubrais-Paris OUIGO Paris-Fleury-les-Aubrais OUIGO Rennes-Paris OUIGO Marseille-Lyon OUIGO Nantes-Paris TER Paris-Trouville Deauville TER Trouville Deauville-Paris TER Paris-Le Mans TER Le Mans-Paris TER Nice-Cannes : horaires et billets Top destinations Train France Train Paris Train Lyon Train Bordeaux Train Strasbourg Train Nantes Train Marseille Train Lille Train Marne-la-Vallée Chessy (Disneyland® Paris) Train Amsterdam Train Londres Train Barcelone Train Rennes Train Italie : découvrez et voyagez en Italie en train Train Suisse Nos applications mobiles","Les évènements manga en France
Réserver un billet de train
Sommaire
La Japan Expo Sud à Marseille
Japan Expo Sud
Un salon réputé
Le Montpellier Anime Game Show
Le Montpellier Anime Game Show
Des rencontres enrichissantes
Le Paris Manga – Sci-Fi Show
Le Paris Manga - Sci-Fi Show
Dédicaces et conférences
Le Mang’Azur à Toulon
Le Mang’Azur
Découverte de la culture Japonaise
Le Kamo Con à Dijon
Le Kamo Con
Le gaming
La Japan Touch Haru à Lyon
La Japan Touch Haru
La Geek Touch
La Japan Addict Z à Strasbourg
La Japan Addict Z
Rendez-vous au Zénith de Strasbourg
La Japan Expo à Paris
La Japan Expo
Un invité d'honneur
Animasia à Bordeaux
Animasia
Un saut en Asie
La Japan Vannes Matsuri à Vannes
La Japan Vannes Matsuri
Chibi Rouen à Rouen
Chibi Rouen
Vous aimerez aussi"
restaurant sympa lille,"- Découvrez les meilleurs restaurants de Lille : ambiance sympa garantie !
- Où déguster à Lille ? Les adresses sympas à ne pas manquer !
- Les restaurants incontournables de Lille : ambiance conviviale assurée !",cartes menus (3) menus menu (3) menu midi (3) midi menu (3) menu soir (3) 1000 eur (3) v 900 (3) 900 eur (3) 12h00 14h30 (3) 14h30 19h00 (3)5 bulles (77) avis française (50) lille hôtels (34) hôtels près (34) près site (32) française fermé (28) restaurants lille (24) 47 47 (22) 47 5 (22) restaurants près (20)lille by (3) by mat (3) bonnes adresses (3) restaurants lille (2) 1h30 lille (2) meilleurs restaurants (1) lille catégories (1) catégories lille (1) mat eshop (1) eshop bonnes (1)bonnes adresses (17) bons plans (13) savoir plus (12) trouver bonne (12) bonne adresse (12) parcourir tous (12) tout voir (10) faire lille (7) top adresse (7) adresse abonnés (7)fils maman (19) pâte tartiner (10) 1400 1900 (6) bon cadeau (5) 1200 1400 (5) roue gourmands (4) bon point (4) tartiner fils (4) 1900 2200 (4) carte bon (3),cartes menus menu (3) menus menu midi (3) menu midi menu (3) midi menu soir (3) v 900 eur (3) 12h00 14h30 19h00 (3) bar lille sympa (2) menu soir photos (2) soir photos food (2) photos food drinks (2)hôtels près site (32) avis française fermé (26) 47 47 5 (22) 47 5 bulles (22) 48 48 5 (15) 48 5 bulles (15) 45 45 5 (13) 45 5 bulles (13) avis française européenne (11) française européenne fermé (11)lille by mat (3) meilleurs restaurants lille (1) restaurants lille catégories (1) lille catégories lille (1) catégories lille by (1) by mat eshop (1) mat eshop bonnes (1) eshop bonnes adresses (1) bonnes adresses mat (1) adresses mat news (1)trouver bonne adresse (12) top adresse abonnés (7) coups coeur léquipe (7) bonnes adresses manger (6) top adresses abonnés (5) bonnes adresses boire (5) bonnes adresses sortir (5) faire lille weekend (4) manger bons plans (4) bons plans manger (4)1200 1400 1900 (5) pâte tartiner fils (4) tartiner fils maman (4) 1400 1900 2200 (4) 41 rue gand (3) rue gand 59000 (3) gand 59000 lille (3) 59000 lille 03 (3) lille 03 20 (3) 03 20 21 (3),00 (0.44) eur (0.44) sympa (0.25) bistrot (0.22) menu (0.22) réserver (0.22) 12h00 (0.15) 19h00 (0.15) bar (0.15) bloctel (0.15) carte (0.15) contact (0.15) droit (0.15) lille (0.15) miel (0.15) photos (0.15) plus (0.15) politique (0.15) soir (0.15) tout (0.15) 10 (0.11) 14h30 (0.11) cartes (0.11) contacter (0.11) cuisine (0.11) menus (0.11) midi (0.11) plat (0.11) restaurant (0.11) réservation (0.11)lille (0.62) avis (0.31) bulles (0.31) restaurants (0.30) hôtels (0.29) près (0.25) fermé (0.23) française (0.22) site (0.14) restaurant (0.10) menu (0.10) réserver (0.08) européenne (0.07) tripadvisor (0.07) meilleur (0.06) bon (0.06) jaldi (0.06) ligne (0.06) plus (0.06) cette (0.05) 19 (0.04) centre (0.04) meilleurs (0.04) 14 (0.04) afficher (0.04) gare (0.04) italienne (0.04) ouvert (0.04) ferme (0.04) min (0.04)lille (0.63) mat (0.44) adresses (0.38) bonnes (0.19) by (0.19) lilloise (0.19) restaurants (0.19) 1h30 (0.13) insta (0.13) 105k (0.06) lilloises (0.06) lâche (0.06) magnifique (0.06) mcarthurglen_roubaix (0.06) meilleurs (0.06) message (0.06) mode (0.06) métropole (0.06) nature (0.06) news (0.06) nouvelle (0.06) nouvelles (0.06) original (0.06) oser (0.06) ouverture (0.06) park (0.06) passe (0.06) pause (0.06) plans (0.06) présenter (0.06)épiceries (0.34) lille (0.32) manger (0.29) sortir (0.28) adresses (0.27) adresse (0.26) boire (0.24) bonnes (0.21) restaurant (0.18) plus (0.17) bons (0.16) plans (0.16) tous (0.16) trouver (0.16) abonnés (0.15) bonne (0.15) parcourir (0.15) savoir (0.15) top (0.15) tout (0.15) voir (0.13) coups (0.11) équipe (0.11) faire (0.10) boutique (0.09) coeur (0.09) friendly (0.09) bar (0.07) court (0.07) retour (0.07)fils (0.47) 00 (0.45) maman (0.43) pâte (0.21) tartiner (0.21) bon (0.19) carte (0.19) cadeau (0.14) 14 (0.12) 19 (0.12) 22 (0.12) sans (0.12) 12 (0.10) brunch (0.10) chez (0.10) comme (0.10) lille (0.10) restaurant (0.10) tout (0.10) aussi (0.08) bien (0.08) bière (0.08) fistons (0.08) gourmands (0.08) leurs (0.08) point (0.08) produits (0.08) réserver (0.08) si (0.08) tous (0.08),"- **Témoignages de clients satisfaits** pour renforcer la crédibilité et l’attrait du restaurant.
- **Informations sur les événements spéciaux** ou soirées thématiques organisées au restaurant.
- **Description de l'ambiance et du décor** pour attirer les visiteurs recherchant un lieu convivial.
- **Détails sur les initiatives éco-responsables** ou le sourcing local des ingrédients utilisés.
- **Guide des attractions à proximité** pour offrir une expérience complète aux visiteurs de Lille.","- ""Entrée / plat 25,00 EUR""
- ""Plat / dessert 25,00 EUR""
- ""Entrée / plat / dessert 30,00 EUR""
- ""Pâté croûte champenois 10,00 EUR""
- ""Noix de Saint-Jacques, sauce nage & émulsion corail 12,00 EUR""
- ""Aubergine rôtie, crémeux de feta, miel & zaatar (v) 9,00 EUR""
- ""Brochettes yakitori rumsteck-st nectaire 12,00 EUR""
- ""Sympa 26 rue Pierre mauroy 59800 LILLE""
- ""Newsletter © 2025 Sympa""
- ""24h""
- ""Les Fils à Maman, c'est la garantie d’un moment plein de nostalgie !""
- ""Les Fils à Maman ont leur bière et leur pâte à tartiner !""
- ""Pâte à tartiner lait, noisette, feuilletine""
- ""Les Fils à Maman seront servies tous les dimanches au Brunch""
- ""Prix € €€ €€€ €€€€""
- ""Hôtels 3 étoiles, 4 étoiles, 5 étoiles""
- ""Réservations en ligne""
- ""Réservations avec offre""
- ""Réservations en ligne Réservations avec offre Note de voyageurs 3 sur 5 bulles et plus 4 sur 5 bulles et plus 5 sur 5 bulles""",restaurant sympa lille,"Le top 10 des restaurants à tester à Lille - SNCF Connect Aller au contenu principal Voyager Voyager Voyager Fermer Tout pour voyager Réserver Réserver Billets de train Voyages en bus Trajets en covoiturage Location de voiture Hôtels Taxi/VTC Bons plans Bons plans Voyages en groupe Voyages pro Enfant voyageant seul Informations Informations Horaires en gare Info trafic Handicap et accessibilité Tous les transporteurs Tous les services Nos réponses à vos questions Guide de voyage Guide de voyage Où voyager en France, en Europe Voyager selon vos envies Billets Billets Billets Fermer Voir vos billets et titres Vos voyages Vos voyages Tous vos voyages Importer un voyage Compensation en cas de retard Faire une réclamation Modifier un voyage Assurance Allianz Vos cartes et abonnements Vos cartes et abonnements Importer une carte ou abonnement Acheter une carte ou abonnement Compléter votre voyage Compléter votre voyage Louer une voiture Réserver un hôtel Réserver un Taxi/VTC Transports urbains Restauration à bord TGV INOUI Restauration à bord INTERCITES Tous les services Offres Offres Offres Fermer Parcourir toutes les offres Cartes et abonnements SNCF Cartes et abonnements SNCF Carte Avantage Jeune Carte Avantage Adulte Carte Avantage Senior Carte Liberté Abonnement MAX ACTIF Abonnement MAX JEUNE Toutes les cartes et abonnements Offres régionales Offres régionales TER Auvergne-Rhône-Alpes TER Hauts de France LiO Train Occitanie TER Nouvelle-Aquitaine Titres Île-de-France Mobilités Consulter les offres régionales Offres urbaines Offres urbaines Avignon – Réseau Orizo Caen – Réseau Twisto Montbéliard – Réseau évolitY Perpignan – Réseau Sankéo Sophia Antipolis – Réseau Envibus Tours – Réseau Fil Bleu Consulter les offres urbaines Services Services Louer une voiture Réserver un hôtel Réserver un Taxi/VTC Assurer votre voyage Livraison de bagages Transport de véhicules Restauration à bord Domicile + Train Tous les services Compte Compte Compte Fermer Créer un compte Accéder à votre compte Accéder à la rubrique sans se connecter Vos espaces Vos espaces Se connecter Se créer un compte Espace MAX JEUNE Espace MAX SENIOR Communauté SNCF Connect Vos informations Vos informations Vos informations personnelles Cartes et programmes de fidélité Vos achats Vos moyens de paiement Compagnons de voyage Aide et légal Aide et légal Charte de confidentialité Conditions générales d'utilisation Compensation en cas de retard Aide en ligne Contacts Le top 10 des restaurants à tester à Lille Accueil A voir, à faire Lille Le top 10 des restaurants à tester à Lille La capitale des Flandres est célèbre pour sa Grand Place, son opéra, ses vieux quartiers et sa rue de la soif... Mais Lille est aussi une ville aux savoureuses spécialités gastronomiques. A 1h de train de Paris, voici une sélection de restaurants à vous faire saliver. Réserver un billet de train Réserver un billet de train Rechercher Annuler Notre sélection de restaurants à tester, si vous êtes plutôt... Le plus ""chill"" Le plus terroir Le plus minet Le plus baraqué Le plus branché Le plus veggie Le plus impertinent Le plus incontournable Le plus enfantin Le plus bistronomique © Istock - jpm.foto Le plus ""chill"" Situé rue de Béthune, accessible en tram et métro, Grand Scène est le temple de la street-food lilloise. Sur place, 10 restaurants, deux bars, un coffee-shop, et de nombreux événements culturels toute l'année. Le concept ? Une cuisine locavore à prix raisonnable. Le vendredi 9 juin, à l’occasion de la labellisation des Hauts-de-France comme région gastronomique européenne, Grand Scène organise un grand banquet gastronomique festif et invite 10 chefs talentueux à venir proposer leur cuisine. Pendant deux services, les participants dégusteront un menu en cinq temps digne des plus grandes tables à prix modeste (40€). Grand Scène 31 rue de Béthune 59000 Lille France © Bloempot - Caspar Miskin Le plus terroir : Chez Bloempot Chez Bloempot , si en voyant passer Florent Ladeyn , sa tête vous dit quelque chose, c'est normal, il est arrivé en finale de Top Chef en 2013 ! Allez-y les yeux fermés pour goûter une cuisine flamande, avec des produits locaux et respectant les saisons. D'autant que les formules sont plutôt abordables. Chez Bloempot 22 rue des bouchers 59000 Lille France Comment s'y rendre ? Réservation conseillée Frites maison - © Unsplash - Christopher Flowers Le plus baraqué : La Patate qui fume Face au Grand Palais de Lille , la baraque à frite La Patate qui fume fait partie des meilleures friteries. Sa spécialité ? Des hamburgers au maroilles et des frites maison évidemment. On dit même que ce sont les meilleures du Nord… S'il y a beaucoup de monde, ne perdez pas espoir, les propriétaires sont plutôt bien organisés et la queue avance vite . La patate qui fume Rue Charles Debierre, 59800 Lille France restaurant empreinte  - © Restaurant Empreinte Le plus branché : Empreinte Dans la plus belle avenue de la métropole, près de l'ancien hippodrome, le restaurant Empreinte est tenu par le chef Ismail Guerre-Genton et sa femme Inès Rodriguez. Bienvenue dans cette maison des années 1950 à l'intérieur coquet et chaleureux, entièrement rénové, avec terrasse et salon de jardin. Ils servent une cuisine moderne et à la fois nostalgique dans des assiettes graphiques et sélectionnent tous leurs produits avec soin. Empreinte 170 avenue de l'Hippodrome 59130 Lambersart France © Unsplash - Frame Harirak Le plus veggie : La Clairière La Clairière est une adresse parfaite pour vous arrêter le temps d'un déjeuner healthy pendant une journée de visites à Lille. Au menu, des produits de saison, des jus bio et des desserts trop bons ! Ici, les chiens sont les bienvenus, puisque les propriétaires eux-mêmes ont leurs deux chiens présents sur place ! La Clairière 75 boulevard de la Liberté 59000 Lille France © Unsplash - Alisa Anton Le plus impertinent : L'Impertinente Un stop obligatoire si vous êtes de passage à Lille : le salon de thé L'Impertinente ! Vous ne pouvez pas passer à côté de ses gâteaux divins : shortbread, carott cake, gâteaux trop beaux pour être mangés… Sans oublier les macarons et les glaces. D'autant que la décoration est très sympa ! Et si vous n'avez pas le temps de vous éloigner un peu du centre-ville, allez faire un tour chez Grand Scène, où l'Impertinente a ouvert une mini boutique. L'Impertinente 9 boulevard Papin 59000 Lille France © Istock - Augustas Cetkauskas Le plus incontournable : Méert La maison Méert est une pâtisserie immanquable dans le centre de Lille . Elle est notamment connue pour ses superbes gaufres fourrées à la vanille, à gouter absolument ! Si vous pouvez vous le permettre, prenez le temps de manger au restaurant. Sinon, achetez des gaufres à la pâtisserie et dégustez-les en flânant dans les rues autour. Méert Ancre 25-27 rue Esquermoise 59000 Lille France © Istock - lechatnoir Le plus enfantin : La Dinette La Dinette est un restaurant spécialisé dans les burgers, avec une décoration douce et colorée , murs rouges, tables en formica et affiches vintage. Au menu, hamburgers maison, plats du jours inspirés de la cuisine italienne , quiches et tartes. La viande est achetée chez les bouchers lillois et le pain est fabriqué par Vianney Degruson, à 20 mètres du restaurant. La Dinette 106 bis rue Saint-André 59000 Lille France © Unsplash - Carissa Gan Le plus bistronomique : le Club Marot Pour savourer des plats gastronomiques à prix raisonnable, direction le Club Marot. Augustin et Antoine Marot, jeunes chefs et cousins, ont repris récemment le restaurant de Clément Marot (père d’Augustin). Ravioles de boudin noir et langoustine, homard bleu de Bretagne à la vanille de Tahiti, île flottante de Mamie Rose, ainsi qu’une carte des vins particulièrement soignée… De l’entrée au dessert, on savoure une cuisine simple et régionale mettant en avant les produits locaux. Clément Marot 16 rue de Pas 59000 Lille France Cet article vous a plu ? Partagez-le ! Facebook WhatsApp X, formerly Twitter Pinterest Mail Julie Falcoz Rédactrice 08/04/2023 Préparez votre séjour : Lille au départ de Paris Marseille Lyon Bordeaux 19 / 10 Dès 10 € (1) Le moins cher 20 / 10 Dès 16 € (1) 21 / 10 Dès 16 € (1) 22 / 10 Dès 16 € (1) 23 / 10 Dès 16 € (1) 24 / 10 Dès 16 € (1) 25 / 10 Dès 10 € (1) Le moins cher Vous aimerez aussi Fermer Voir tout City Pass Lille : la solution idéale pour un séjour d’un week-end Les magasins ouverts pour un dimanche shopping à Lille Street food à Lille : un festival de saveurs Top 7 pour faire la fête à Lille Lille : Les évènements à venir pour les 3 prochains mois Programme pour un week-end à Lille Les spécialités et restaurants typiques de Lille Marché de Noël à Lille Rencontre avec Marie, membre de Connect&Vous, #TeamTrain Le Top 10 des activités à faire en famille à Lille Un week-end romantique à Lille Les 6 spots les plus instagrammables de Lille Mentions légales (1) Voir les conditions des offres (1) Tarifs TTC, à partir de, pour une personne, pour un aller simple, en 2nd classe, sur une sélection de trains et de dates et sous réserve de disponibilité. Offres soumises à conditions d'échanges et de remboursement des transporteurs concernés à consulter lors de la commande. Paiement en ligne. Offres non cumulables avec d'autres promotions SNCF. Nos engagements Meilleurs prix garantis Paiement sécurisé Contact 7j/7 Service client de l'année 2025 Moyens de paiement Infos et conditions Paiement en Chèque-Vacances Connect Infos et conditions de paiement avec les cartes Ayvens, Betterway, Pluxee ou RoadMate Choix du pays Langue France Langue Belgique België Belgium Deutschland España France Italia Luxembourg Nederland Suisse Schweiz Switzerland Other regions and countries Nos partenaires Suivez-nous ! L'entreprise Conditions de présentation des offres sur le site Conditions générales de vente Droits des voyageurs ferroviaires et Règlement européen n°2021/782 Informations légales Charte de confidentialité et cookies Gestion des cookies Partenariat Régie publicitaire Devenir partenaire ou affilié Widget SNCF Connect Sites du groupe Site SNCF Connect & Tech Espace Presse SNCF Connect & Tech Carrières SNCF Connect & Tech Le compte des agents SNCF Groupe-sncf.com Emploi Groupe SNCF Vous informer Aide Contactez-nous Vos billets Communauté SNCF Connect Plan du site SNCF Connect Guide du voyageur Franchissement frontière Handicap & mobilité réduite Nos services pour les voyageurs PSH/PMR Tout savoir sur le service d'assistance en gare Accessibilité numérique : conformité partielle Fonctionnalités d'accessibilité de nos applications mobiles Les autres services d'assistance en Europe Transporteurs TGV INOUI OUIGO TER BlaBlaCar Bus FlixBus BlaBlaCar INTERCITES TGV Lyria EUROSTAR TGV INOUI vers Bruxelles DB SNCF Voyageurs en coopération TGV INOUI vers l'Espagne TGV INOUI vers l'Italie TGV INOUI vers le Luxembourg TGV INOUI vers Fribourg Itinéraires populaires Train Paris Bordeaux Train Paris Marseille Train Bordeaux Paris Train Paris Lyon Train Paris Bruxelles Train Paris Strasbourg Train Paris Toulouse Train Toulouse Paris Train Lyon Paris Train Paris Amsterdam Train Paris Lille Train Nantes Paris Train Paris Genève Train Paris Barcelone Train Paris Nantes Trajets Transporteurs TGV INOUI Lille-Paris TGV INOUI Lyon-Paris TGV INOUI Paris-Nice TGV INOUI Marseille-Paris TGV INOUI Paris-Nantes OUIGO Fleury-les-Aubrais-Paris OUIGO Paris-Fleury-les-Aubrais OUIGO Rennes-Paris OUIGO Marseille-Lyon OUIGO Nantes-Paris TER Paris-Trouville Deauville TER Trouville Deauville-Paris TER Paris-Le Mans TER Le Mans-Paris TER Nice-Cannes : horaires et billets Top destinations Train France Train Paris Train Lyon Train Bordeaux Train Strasbourg Train Nantes Train Marseille Train Lille Train Marne-la-Vallée Chessy (Disneyland® Paris) Train Amsterdam Train Londres Train Barcelone Train Rennes Train Italie : découvrez et voyagez en Italie en train Train Suisse Nos applications mobiles","Le top 10 des restaurants à tester à Lille
Réserver un billet de train
Notre sélection de restaurants à tester, si vous êtes plutôt...
Le plus ""chill""
Le plus terroir : Chez Bloempot
Le plus baraqué : La Patate qui fume
Le plus branché : Empreinte
Le plus veggie : La Clairière
Le plus impertinent : L'Impertinente
Le plus incontournable : Méert
Le plus enfantin : La Dinette
Le plus bistronomique : le Club Marot
Préparez votre séjour : Lille au départ deParisMarseilleLyonBordeaux
Vous aimerez aussi
Mentions légales"
visiter bourg en bresse,"- Découvrez Bourg-en-Bresse: activités, séjours et escapades
- Explorez Bourg-en-Bresse et ses environs: nature et patrimoine
- Bourg-en-Bresse: destination idéale entre ville et montagne",lire suite (21) bourg bresse (14) bourgenbresse lire (11) instagram bourgenbresse (10) voir instagram (10) instagram a (10) a quelques (10) quelques secondes (10) secondes instagram (10) morgane monneret (9)bfc tourisme (30) gorges lain (19) montagnes jura (17) mizenboite bfc (17) pierre jayet (17) base loisirs (10) monastère royal (9) royal brou (9) lîle chambod (9) idées séjours (8)5 bulles (54) hôtels près (23) près site (20) bourgenbresse hôtels (19) tripadvisor llc (16) km lyon (12) plus avis (12) cet avis (12) avis lopinion (12) lopinion subjective (12)julien audigier (23) bourg bressejulien (16) bressejulien audigier (16) monastère royal (15) royal brou (13) base loisirs (6) bourgenbresse ain (5) audigier bourg (5) grange pin (5) escapade bourgenbresse (4)in beaujolais (7) program and (5) and also (5) the beaujolais (4) of the (4) destination and (3) and stays (3) stays in (3) bourg bresse (3) 50 minutes (2),bourgenbresse lire suite (11) voir instagram a (10) instagram a quelques (10) a quelques secondes (10) quelques secondes instagram (10) monastère royal brou (8) bourg bresse destinations (7) week end bourg (6) end bourg bresse (6) bourg bresse revermontmizenboite (6)mizenboite bfc tourisme (17) monastère royal brou (9) vol parapente mont (7) parapente mont myon (7) marika godin bfc (6) godin bfc tourisme (6) bfc tourisme idées (6) tourisme idées séjours (6) séjours groupes scolaires (6) groupes scolaires emmanuel (6)hôtels près site (20) cet avis lopinion (12) avis lopinion subjective (12) lopinion subjective dun (12) subjective dun membre (12) dun membre tripadvisor (12) membre tripadvisor non (12) tripadvisor non lavis (12) non lavis tripadvisor (12) lavis tripadvisor llc (12)bourg bressejulien audigier (16) monastère royal brou (13) julien audigier bourg (5) audigier bourg bressejulien (5) royal brou monastère (4) brou monastère royal (4) royal brou julien (4) brou julien audigier (4) julien audigier monastère (4) audigier monastère royal (4)program and also (5) destination and stays (3) and stays in (3) stays in beaujolais (3) in beaujolais route (2) beaujolais route vins (2) route vins group (2) vins group séminaires (2) press pro associations (2) pro associations please (2),bresse (0.65) bourg (0.48) instagram (0.24) lire (0.17) suite (0.17) ain (0.15) sept (0.15) bourgenbresse (0.14) brou (0.12) monneret (0.12) end (0.11) week (0.11) destinations (0.10) ferme (0.10) patrimoine (0.10) quelques (0.09) suran (0.09) visite (0.09) famille (0.08) monument (0.08) oct (0.08) secondes (0.08) voir (0.08) morgane (0.07) revermont (0.07) jayet (0.06) monastère (0.06) pierre (0.06) royal (0.06) agenda (0.06)tourisme (0.40) bfc (0.34) bourg (0.29) bresse (0.29) ain (0.25) montagnes (0.25) gorges (0.24) jura (0.22) pierre (0.20) jayet (0.19) mizenboite (0.19) séjours (0.18) week (0.14) base (0.12) end (0.12) chambod (0.11) idées (0.11) loisirs (0.11) parapente (0.11) brou (0.10) monastère (0.10) royal (0.10) sébastien_tournier_la_belle_rencontre (0.10) île (0.10) entre (0.09) mont (0.09) myon (0.09) séjour (0.09) hautecourt (0.08) paddle (0.08)bresse (0.56) bourg (0.56) avis (0.28) bulles (0.26) tripadvisor (0.23) hôtels (0.21) près (0.16) site (0.12) lyon (0.11) plus (0.11) km (0.09) llc (0.08) france (0.07) part (0.07) parc (0.06) visite (0.06) cet (0.06) membre (0.06) non (0.06) opinion (0.06) soumis (0.06) subjective (0.06) vérifications (0.06) écrit (0.06) activités (0.05) lieu (0.05) musées (0.05) contributions (0.05) gare (0.05) réserver (0.05)bresse (0.54) bourg (0.45) julien (0.45) audigier (0.39) brou (0.16) monastère (0.15) royal (0.14) ain (0.13) base (0.08) revermont (0.08) bouvent (0.07) loisirs (0.07) monneret (0.07) ville (0.07) burger (0.06) ferme (0.06) pierre (0.06) place (0.06) belle (0.05) camping (0.05) cette (0.05) grange (0.05) jayet (0.05) nature (0.05) office (0.05) pin (0.05) saint (0.05) tourisme (0.05) découvrez (0.04) plaine (0.04)the (0.50) beaujolais (0.45) and (0.34) bresse (0.29) in (0.23) of (0.22) to (0.22) bourg (0.18) you (0.14) also (0.13) by (0.13) destination (0.11) route (0.11) us (0.11) my (0.09) program (0.09) wine (0.09) booking (0.07) concours (0.07) experiences (0.07) guided (0.07) is (0.07) jeu (0.07) tour (0.07) with (0.07) your (0.07) from (0.05) gastronomy (0.05) miss (0.05) tours (0.05),{Pas de fait important},"- ""Bourg-en-Bresse destinations c’est un territoire composé de 74 communes.""
- ""À seulement 1h de Lyon et 1h30 de Genève, c’est l’endroit idéal pour se dépayser.""
- ""Journées Européennes du Patrimoine - Week-end du 20 & 21 septembre.""
- ""La construction de l'église a démarré en 1506.""
- ""La construction commencée en 1505 aurait duré… 190 ans !""
- ""Du haut de ses 663m, c’est LE spot de parapente du Revermont.""
- ""La base de loisirs de l’île Chambod à Hautecourt-Romanèche à 20km de Bourg-en-Bresse.""
- ""En trois pauses, initiez-vous à la dégustation de crus de l’Appellation d’Origine Protégée Bugey.""
- ""Le clocher, décapité pendant la Terreur, fut reconstruit au début du 20ème avec 4 cadrans d’horloge et 23 cloches…""",visiter bourg en bresse,"Que faire à Bourg-en-Bresse en un week-end ? - SNCF Connect Aller au contenu principal Voyager Voyager Voyager Fermer Tout pour voyager Réserver Réserver Billets de train Voyages en bus Trajets en covoiturage Location de voiture Hôtels Taxi/VTC Bons plans Bons plans Voyages en groupe Voyages pro Enfant voyageant seul Informations Informations Horaires en gare Info trafic Handicap et accessibilité Tous les transporteurs Tous les services Nos réponses à vos questions Guide de voyage Guide de voyage Où voyager en France, en Europe Voyager selon vos envies Billets Billets Billets Fermer Voir vos billets et titres Vos voyages Vos voyages Tous vos voyages Importer un voyage Compensation en cas de retard Faire une réclamation Modifier un voyage Assurance Allianz Vos cartes et abonnements Vos cartes et abonnements Importer une carte ou abonnement Acheter une carte ou abonnement Compléter votre voyage Compléter votre voyage Louer une voiture Réserver un hôtel Réserver un Taxi/VTC Transports urbains Restauration à bord TGV INOUI Restauration à bord INTERCITES Tous les services Offres Offres Offres Fermer Parcourir toutes les offres Cartes et abonnements SNCF Cartes et abonnements SNCF Carte Avantage Jeune Carte Avantage Adulte Carte Avantage Senior Carte Liberté Abonnement MAX ACTIF Abonnement MAX JEUNE Toutes les cartes et abonnements Offres régionales Offres régionales TER Auvergne-Rhône-Alpes TER Hauts de France LiO Train Occitanie TER Nouvelle-Aquitaine Titres Île-de-France Mobilités Consulter les offres régionales Offres urbaines Offres urbaines Avignon – Réseau Orizo Caen – Réseau Twisto Montbéliard – Réseau évolitY Perpignan – Réseau Sankéo Sophia Antipolis – Réseau Envibus Tours – Réseau Fil Bleu Consulter les offres urbaines Services Services Louer une voiture Réserver un hôtel Réserver un Taxi/VTC Assurer votre voyage Livraison de bagages Transport de véhicules Restauration à bord Domicile + Train Tous les services Compte Compte Compte Fermer Créer un compte Accéder à votre compte Accéder à la rubrique sans se connecter Vos espaces Vos espaces Se connecter Se créer un compte Espace MAX JEUNE Espace MAX SENIOR Communauté SNCF Connect Vos informations Vos informations Vos informations personnelles Cartes et programmes de fidélité Vos achats Vos moyens de paiement Compagnons de voyage Aide et légal Aide et légal Charte de confidentialité Conditions générales d'utilisation Compensation en cas de retard Aide en ligne Contacts Que faire à Bourg-en-Bresse en un week-end ? Accueil A voir, à faire Que faire à Bourg-en-Bresse en un week-end ? Passez un week-end entre patrimoine, gastronomie et nature dans cette destination inattendue : Bourg-en-Bresse, aux portes du massif du Jura , entourée de ses paysages dépaysants. Connue pour ses volailles, la ville recèle de nombreux trésors. Réserver un billet de train Réserver un billet de train Rechercher Annuler Découvrez tout ce qu'il faut voir en un week-end à Bourg-en-Bresse Le monastère royal de Brou Tout est bon dans la volaille de Bresse Le centre historique de Bourg-en-Bresse Dîner à la Marelle, un petit plaisir Une bouffée d’oxygène sur le Revermont La vallée de l’Ain Vous en voulez encore ? Monastère Royale de Brou à Bourg-en-Bresse - © Sime / Photononstop Samedi matin : visite du monastère royal de Brou Quand il y a de l’amour… Au coeur de Bourg-en-Bresse , à 20 minutes à pied de la gare SNCF, admirez le Monastère royal de Brou . Ce chef d’oeuvre du gothique flamboyant a été édifié par Marguerite d’Autriche en mémoire de son jeune époux, Philibert le Beau. Sa toiture vernissée, sa dentelle de pierre et ses tombeaux finement sculptés en font le chouchou des visiteurs. Il a été élu monument préféré des Français en 2014 ! En été, à la nuit tombée, assistez à un magnifique spectacle son et lumière sur la façade du Monastère Royal de Brou. Monastère Royal de Brou 63, boulevard de Brou 01000 Bourg-en-Bresse France 04 74 22 83 83 Horaire d'ouverture : Ouvert tous les jours Poulet roti - © Istock -fcafotodigital Pause déjeuner : tout est bon dans la volaille de Bresse Poulet, chapon, dindes, poulardes, goûtez à la reine des volailles. Appréciée par les plus fins gourmets, la belle bressane peut se targuer d’être la seule volaille AOP depuis 1957 . Sa chair tendre et son goût délicat font sa renommée… À tester dans l’un des nombreux restaurants de Bourg-en-Bresse. Nos restaurants « coup de coeur » : la Brasserie Le Français pour son ambiance brasserie et l’Auberge Bressane pour sa cuisine traditionnelle. Bon appétit ! 7 Av. Alsace Lorraine, 01000 Bourg-en-Bresse - 04 74 22 55 14 Façades médiévales de Bourg en Bresse - © iStock - LUDOVIC DEBONO Samedi après-midi : le centre historique de Bourg-en-Bresse Patrimoine architectural À votre tour de gambader en plein air. Dans les quartiers historiques de Bourg-en-Bresse, découvrez un florilège de l’architecture française. Maisons médiévales à colombages, élégantes façades art déco et renaissance, belle places ornées de fontaines, il y en a pour tous les goûts. Pour ne pas en perdre une miette, profitez d’une visite guidée proposée par l’office de tourisme. Office de tourisme de Bourg-en-Bresse, 6 avenue Alsace Lorraine à Bourg-en-Bresse. Tél : 04 74 22 49 40. Apothicairerie de l’Hôtel-Dieu C’est l’ancêtre de notre pharmacie d’aujourd’hui. Située dans l’ancien hôpital de Bourg-en-Bresse, elle est devenue un véritable musée. « Mais je ne suis pas malade moi ? ». Non, mais pousser les portes de l’apothicairerie, c’est se plonger dans un monde digne d’Harry Potter ! Le laboratoire et ses alambics en cuivre, la bibliothèque et ses vieux ouvrages, les boîtes et leur contenu mystérieux, tous les ingrédients sont réunis pour une visite pleine de magie ! Apothicairerie de l’Hôtel-Dieu, 47 boulevard de Brou, Bourg-en-Bresse. Visite commentée toute l’année le samedi à 14h30. Tarifs : 5 euros pour les parents, 2 euros pour les 6/12 ans. Shopping gourmand À votre tour de picorer… parce qu’il n’y a pas que la volaille dans la vie ! À Bourg-en-Bresse , la gastronomie, c’est aussi le comté et le bleu de Gex, le beurre et la crème de Bresse et le vin et roussette du Bugey. Tous ces produits bénéficient d’une appellation protégée ou contrôlée. Le terroir dans toute sa splendeur ! Où les trouver ? Dans toutes les bonnes boutiques de la ville. © Istock - mizina Dîner à la Marelle : un petit plaisir À moins de 15 minutes de Bourg-en-Bresse, à Péronnas, le restaurant étoilé La Marelle vous propose une cuisine toute en légèreté et en finesse. Un régal ! Notre conseil : optez pour une bouilla-bresse, une version de la bouillabaisse avec… de la volaille de Bresse (à commander deux jours à l’avance). La Marelle 1593 Avenue de Lyon 01960 Péronnas France 03 85 31 03 55 © Istock - urbazon Dimanche matin : une bouffée d’oxygène sur le Revermont Premiers contreforts du massif du Jura, le Revermont est le paradis des amateurs de grand air. Au programme de votre matinée en pleine nature : des balades, des villages de charme et de magnifiques paysages. Prenez de la hauteur et admirez les Alpes ou le Jura, c’est à vous de choisir. Le tout à quelques km de Bourg-en-Bresse. Vallée de l'Ain - © iStock - GREGORY DUBUS Dimanche après-midi : la vallée de l’Ain Pour terminer votre séjour en beauté, engouffrez-vous dans la vallée de l’Ain . En été, ses lacs et ses rivières vous attendent pour un moment rafraîchissant ! Après avoir goûté à la douceur de vivre des lacs du Haut Bugey , vous n’aurez plus envie de repartir. Bon week-end dans la région de Bourg-en-Bresse ! Vous en voulez encore ? Quelques idées si vous souhaitez prolonger votre séjour à Bourg-en-Bresse et dans ses environs : - balade dans le parc de loisirs de Bouvent et promenade dans la forêt de Seillon - road-trip sur la route de la Bresse pour admirer les fameuses fermes bressanes - visite des cités médiévales de Châtillon-sur-Chalaronne et de Pérouges - escapades à l’abbaye d’Ambronay, Trévoux ou Ars-sur-Formans Cet article vous a plu ? Partagez-le ! Facebook WhatsApp X, formerly Twitter Pinterest Mail La Rédaction SNCF Connect 14/12/2022 Préparez votre séjour : Bourg-en-Bresse au départ de Paris Lyon 19 / 10 Dès 94 € (1) 20 / 10 Dès 45 € (1) 21 / 10 Dès 39 € (1) Le moins cher 22 / 10 Dès 42 € (1) 23 / 10 Dès 42 € (1) 24 / 10 Dès 62 € (1) 25 / 10 Dès 94 € (1) Mentions légales (1) Voir les conditions des offres (1) Tarifs TTC, à partir de, pour une personne, pour un aller simple, en 2nd classe, sur une sélection de trains et de dates et sous réserve de disponibilité. Offres soumises à conditions d'échanges et de remboursement des transporteurs concernés à consulter lors de la commande. Paiement en ligne. Offres non cumulables avec d'autres promotions SNCF. Nos engagements Meilleurs prix garantis Paiement sécurisé Contact 7j/7 Service client de l'année 2025 Moyens de paiement Infos et conditions Paiement en Chèque-Vacances Connect Infos et conditions de paiement avec les cartes Ayvens, Betterway, Pluxee ou RoadMate Choix du pays Langue France Langue Belgique België Belgium Deutschland España France Italia Luxembourg Nederland Suisse Schweiz Switzerland Other regions and countries Nos partenaires Suivez-nous ! L'entreprise Conditions de présentation des offres sur le site Conditions générales de vente Droits des voyageurs ferroviaires et Règlement européen n°2021/782 Informations légales Charte de confidentialité et cookies Gestion des cookies Partenariat Régie publicitaire Devenir partenaire ou affilié Widget SNCF Connect Sites du groupe Site SNCF Connect & Tech Espace Presse SNCF Connect & Tech Carrières SNCF Connect & Tech Le compte des agents SNCF Groupe-sncf.com Emploi Groupe SNCF Vous informer Aide Contactez-nous Vos billets Communauté SNCF Connect Plan du site SNCF Connect Guide du voyageur Franchissement frontière Handicap & mobilité réduite Nos services pour les voyageurs PSH/PMR Tout savoir sur le service d'assistance en gare Accessibilité numérique : conformité partielle Fonctionnalités d'accessibilité de nos applications mobiles Les autres services d'assistance en Europe Transporteurs TGV INOUI OUIGO TER BlaBlaCar Bus FlixBus BlaBlaCar INTERCITES TGV Lyria EUROSTAR TGV INOUI vers Bruxelles DB SNCF Voyageurs en coopération TGV INOUI vers l'Espagne TGV INOUI vers l'Italie TGV INOUI vers le Luxembourg TGV INOUI vers Fribourg Itinéraires populaires Train Paris Bordeaux Train Paris Marseille Train Bordeaux Paris Train Paris Lyon Train Paris Bruxelles Train Paris Strasbourg Train Paris Toulouse Train Toulouse Paris Train Lyon Paris Train Paris Amsterdam Train Paris Lille Train Nantes Paris Train Paris Genève Train Paris Barcelone Train Paris Nantes Trajets Transporteurs TGV INOUI Lille-Paris TGV INOUI Lyon-Paris TGV INOUI Paris-Nice TGV INOUI Marseille-Paris TGV INOUI Paris-Nantes OUIGO Fleury-les-Aubrais-Paris OUIGO Paris-Fleury-les-Aubrais OUIGO Rennes-Paris OUIGO Marseille-Lyon OUIGO Nantes-Paris TER Paris-Trouville Deauville TER Trouville Deauville-Paris TER Paris-Le Mans TER Le Mans-Paris TER Nice-Cannes : horaires et billets Top destinations Train France Train Paris Train Lyon Train Bordeaux Train Strasbourg Train Nantes Train Marseille Train Lille Train Marne-la-Vallée Chessy (Disneyland® Paris) Train Amsterdam Train Londres Train Barcelone Train Rennes Train Italie : découvrez et voyagez en Italie en train Train Suisse Nos applications mobiles","Que faire à Bourg-en-Bresse en un week-end ?
Réserver un billet de train
Découvrez tout ce qu'il faut voir en un week-end à Bourg-en-Bresse
Samedi matin : visite du monastère royal de Brou
Pause déjeuner : tout est bon dans la volaille de Bresse
Samedi après-midi : le centre historique de Bourg-en-Bresse
Patrimoine architectural
Apothicairerie de l’Hôtel-Dieu
Shopping gourmand
Dîner à la Marelle : un petit plaisir
Dimanche matin : une bouffée d’oxygène sur le Revermont
Dimanche après-midi : la vallée de l’Ain
Vous en voulez encore ?
Préparez votre séjour : Bourg-en-Bresse au départ deParisLyon
Mentions légales"
